loopCnt,assist_level,thighDeg_RH,incPosDeg_RH,MotorActCurrent_RH,accX_Calib_RH,accY_Calib_RH,gyroZ_Calib_RH,thighDeg_LH,incPosDeg_LH,MotorActCurrent_LH,accX_Calib_LH,accY_Calib_LH,gyroZ_Calib_LH,u_RH,u_LH,Pvector_ref_RH,Pvector_ref_LH,extension_control_mode,emg_R1,emg_L1,fsr_R1,fsr_R2,fsr_L1,fsr_L2,free_var1,free_var2
200,0.000,-2.142,9.240,0.060,3.188,9.413,-0.229,-17.787,-7.811,0.000,3.626,9.181,-0.229,0.079,0.000,0.209,-0.132,3,-0.984,-0.945,2272,1,0,0,3.204,9.430
201,0.000,-2.164,9.240,0.071,3.241,9.434,-0.229,-17.787,-7.811,0.000,3.645,9.140,-0.198,0.079,0.000,0.209,-0.132,3,-0.984,-0.945,2238,0,0,0,3.204,9.339
202,0.000,-2.164,9.240,0.071,3.245,9.401,-0.198,-17.787,-7.811,0.005,3.688,9.126,-0.137,0.079,0.000,0.209,-0.132,3,-0.984,-0.947,2213,0,0,2,3.113,9.339
203,0.000,-2.186,9.240,0.071,3.190,9.377,-0.168,-17.787,-7.811,0.000,3.660,9.133,-0.076,0.079,0.000,0.209,-0.132,3,-0.983,-0.945,2184,0,0,0,3.204,9.430
204,0.000,-2.186,9.240,0.060,3.123,9.396,-0.137,-17.809,-7.811,0.005,3.648,9.111,-0.137,0.079,0.000,0.209,-0.132,3,-0.984,-0.944,2162,0,0,0,3.204,9.339
205,0.000,-2.208,9.240,0.038,3.130,9.375,-0.137,-17.809,-7.811,0.000,3.696,9.114,-0.107,0.079,0.000,0.209,-0.132,3,-0.984,-0.945,2152,0,0,0,3.113,9.339
206,0.000,-2.230,9.240,0.071,3.200,9.365,0.000,-17.809,-7.811,0.005,3.717,9.135,-0.137,0.079,0.000,0.209,-0.132,3,-0.984,-0.945,2131,0,0,4,3.113,9.339
207,0.000,-2.252,9.240,0.082,3.174,9.384,-0.046,-17.809,-7.811,-0.005,3.758,9.138,-0.351,0.079,0.000,0.209,-0.132,3,-0.984,-0.945,2100,0,0,2,3.113,9.339
208,0.000,-2.274,9.240,0.071,3.116,9.365,-0.198,-17.809,-7.811,0.000,3.751,9.152,-0.290,0.079,0.000,0.209,-0.132,3,-0.983,-0.945,2077,3,0,0,3.113,9.339
209,0.000,-2.274,9.240,0.071,3.159,9.370,-0.320,-17.809,-7.811,-0.005,3.775,9.157,-0.076,0.079,0.000,0.209,-0.132,3,-0.984,-0.945,2029,0,1,0,3.113,9.339
210,0.000,-2.296,9.240,0.049,3.188,9.367,-0.351,-17.787,-7.811,0.000,3.779,9.126,-0.137,0.079,0.000,0.209,-0.132,3,-0.984,-0.945,1995,0,3,0,3.113,9.339
211,0.000,-2.318,9.240,0.071,3.166,9.358,-0.290,-17.787,-7.811,-0.005,3.767,9.106,-0.198,0.079,0.000,0.209,-0.132,3,-0.984,-0.945,1970,0,0,0,3.113,9.339
212,0.000,-2.318,9.240,0.060,3.186,9.406,-0.229,-17.787,-7.811,0.000,3.798,9.118,-0.168,0.079,0.000,0.209,-0.132,3,-0.982,-0.945,1920,0,0,0,3.113,9.339
213,0.000,-2.340,9.240,0.060,3.178,9.432,-0.351,-17.787,-7.811,-0.016,3.822,9.138,-0.107,0.079,0.000,0.209,-0.132,3,-0.983,-0.945,1840,1,1,1,3.113,9.339
214,0.000,-2.362,9.240,0.071,3.164,9.425,-0.351,-17.765,-7.811,0.000,3.842,9.097,-0.168,0.079,0.000,0.209,-0.132,3,-0.985,-0.945,1791,0,1,0,3.113,9.339
215,0.000,-2.362,9.240,0.071,3.123,9.403,-0.320,-17.765,-7.811,0.000,3.820,9.080,-0.168,0.079,0.000,0.209,-0.132,3,-0.987,-0.945,1766,0,2,0,3.113,9.430
216,0.000,-2.384,9.240,0.060,3.111,9.418,-0.168,-17.743,-7.811,0.000,3.810,9.078,-0.046,0.079,0.000,0.209,-0.132,3,-0.983,-0.946,1751,0,0,0,3.113,9.339
217,0.000,-2.406,9.240,0.060,3.145,9.427,-0.076,-17.743,-7.811,0.005,3.789,9.059,0.046,0.079,0.000,0.209,-0.132,3,-0.985,-0.945,1753,0,0,0,3.113,9.339
218,0.000,-2.428,9.240,0.071,3.138,9.420,-0.107,-17.721,-7.811,0.000,3.830,9.063,-0.107,0.079,0.000,0.209,-0.132,3,-0.984,-0.945,1722,3,0,0,3.021,9.339
219,0.000,-2.450,9.240,0.082,3.133,9.437,0.000,-17.721,-7.811,0.016,3.844,9.085,-0.229,0.079,0.000,0.209,-0.132,3,-0.984,-0.947,1682,0,0,0,3.113,9.339
220,0.000,-2.450,9.240,0.060,3.145,9.432,0.000,-17.699,-7.811,0.000,3.822,9.090,-0.198,0.079,0.000,0.209,-0.132,3,-0.984,-0.945,1666,0,2,0,3.113,9.339
221,0.000,-2.472,9.240,0.060,3.157,9.423,-0.168,-17.699,-7.811,0.005,3.849,9.047,-0.137,0.079,0.000,0.209,-0.132,3,-0.985,-0.945,1639,0,1,0,3.113,9.430
222,0.000,-2.494,9.240,0.071,3.126,9.482,-0.198,-17.677,-7.811,0.005,3.842,9.042,-0.168,0.079,0.000,0.209,-0.132,3,-0.985,-0.945,1606,0,0,0,3.113,9.430
223,0.000,-2.516,9.240,0.060,3.114,9.516,-0.137,-17.655,-7.811,0.005,3.856,9.042,-0.168,0.079,0.000,0.209,-0.132,3,-0.984,-0.945,1577,0,0,0,3.113,9.339
224,0.000,-2.538,9.240,0.049,3.123,9.480,-0.046,-17.655,-7.811,-0.016,3.882,9.039,-0.107,0.079,0.000,0.209,-0.132,3,-0.985,-0.944,1521,0,1,0,3.113,9.430
225,0.000,-2.538,9.240,0.060,3.154,9.458,-0.107,-17.633,-7.811,0.000,3.892,9.051,0.000,0.079,0.000,0.209,-0.132,3,-0.984,-0.945,1491,0,2,0,3.113,9.430
226,0.000,-2.560,9.240,0.082,3.181,9.461,-0.076,-17.611,-7.811,0.000,3.904,9.075,0.015,0.079,0.000,0.209,-0.132,3,-0.984,-0.944,1465,0,0,0,3.113,9.430
227,0.000,-2.560,9.240,0.060,3.176,9.497,-0.015,-17.589,-7.811,-0.005,3.923,9.083,-0.015,0.079,0.000,0.209,-0.132,3,-0.983,-0.945,1422,0,0,0,3.113,9.430
228,0.000,-2.582,9.240,0.060,3.162,9.494,-0.015,-17.567,-7.811,0.000,3.961,9.042,-0.046,0.079,0.000,0.209,-0.132,3,-0.984,-0.945,1389,0,0,0,3.113,9.430
229,0.000,-2.604,9.240,0.071,3.171,9.487,-0.076,-17.545,-7.811,0.000,3.918,9.073,0.000,0.079,0.000,0.209,-0.132,3,-0.984,-0.945,1378,2,1,0,3.113,9.430
230,0.000,-2.604,9.240,0.071,3.202,9.480,0.000,-17.545,-7.811,0.000,3.887,9.102,-0.107,0.079,0.000,0.209,-0.132,3,-0.984,-0.945,1337,1,1,0,3.113,9.430
231,0.000,-2.626,9.240,0.049,3.154,9.437,0.076,-17.523,-7.811,0.000,3.909,9.092,-0.229,0.079,0.000,0.209,-0.132,3,-0.984,-0.944,1234,0,0,0,3.113,9.430
232,0.000,-2.626,9.240,0.082,3.130,9.439,0.000,-17.501,-7.811,0.000,3.897,9.071,-0.290,0.079,0.000,0.209,-0.132,3,-0.983,-0.945,1134,0,2,0,3.113,9.430
233,0.000,-2.648,9.240,0.071,3.169,9.399,-0.015,-17.501,-7.811,0.000,3.904,9.047,-0.137,0.079,0.000,0.209,-0.132,3,-0.984,-0.945,1034,0,1,0,3.113,9.430
234,0.000,-2.648,9.240,0.071,3.195,9.411,-0.046,-17.480,-7.811,0.000,3.933,9.037,-0.137,0.079,0.000,0.209,-0.132,3,-0.984,-0.945,962,0,0,0,3.113,9.430
235,0.000,-2.648,9.240,0.060,3.212,9.463,-0.046,-17.458,-7.811,-0.016,3.940,9.059,-0.198,0.079,0.000,0.209,-0.132,3,-0.984,-0.945,882,0,0,0,3.113,9.339
236,0.000,-2.670,9.240,0.082,3.224,9.442,0.046,-17.436,-7.811,0.000,3.937,9.083,-0.198,0.079,0.000,0.209,-0.132,3,-0.984,-0.945,796,0,3,0,3.113,9.339
237,0.000,-2.670,9.240,0.060,3.190,9.437,0.000,-17.414,-7.811,0.000,3.956,9.102,-0.229,0.079,0.000,0.209,-0.132,3,-0.983,-0.945,720,0,1,0,3.204,9.430
238,0.000,-2.670,9.240,0.071,3.118,9.413,-0.137,-17.414,-7.811,0.000,3.966,9.102,-0.137,0.079,0.000,0.209,-0.132,3,-0.985,-0.945,646,0,1,1,3.204,9.430
239,0.000,-2.692,9.240,0.071,3.207,9.399,-0.137,-17.392,-7.811,0.000,3.923,9.102,-0.046,0.079,0.000,0.209,-0.132,3,-0.984,-0.945,602,0,0,0,3.113,9.430
240,0.000,-2.692,9.240,0.060,3.260,9.396,-0.107,-17.370,-7.811,0.000,3.940,9.087,-0.107,0.079,0.000,0.209,-0.132,3,-0.984,-0.945,560,0,0,0,3.113,9.339
241,0.000,-2.692,9.240,0.060,3.209,9.418,0.000,-17.370,-7.811,0.005,3.942,9.085,-0.137,0.079,0.000,0.209,-0.132,3,-0.984,-0.947,477,0,0,2,3.204,9.339
242,0.000,-2.692,9.240,0.082,3.219,9.389,-0.107,-17.348,-7.811,0.000,3.925,9.078,-0.198,0.079,0.000,0.209,-0.132,3,-0.983,-0.945,412,2,0,1,3.204,9.339
243,0.000,-2.692,9.240,0.082,3.217,9.360,-0.076,-17.326,-7.811,-0.016,3.928,9.073,-0.107,0.079,0.000,0.209,-0.132,3,-0.985,-0.945,358,0,0,1,3.204,9.339
244,0.000,-2.692,9.240,0.082,3.245,9.387,0.046,-17.326,-7.811,0.000,3.909,9.106,-0.015,0.079,0.000,0.209,-0.132,3,-0.984,-0.945,311,0,0,0,3.204,9.339
245,0.000,-2.692,9.240,0.071,3.296,9.367,0.168,-17.304,-7.811,0.005,3.904,9.142,0.046,0.079,0.000,0.209,-0.132,3,-0.984,-0.945,269,0,0,0,3.204,9.339
246,0.000,-2.692,9.240,0.082,3.310,9.351,0.137,-17.304,-7.811,-0.005,3.882,9.150,-0.046,0.079,0.000,0.209,-0.132,3,-0.984,-0.945,247,0,0,2,3.204,9.339
247,0.000,-2.670,9.240,0.071,3.298,9.372,-0.015,-17.304,-7.811,0.000,3.928,9.162,-0.137,0.079,0.000,0.209,-0.132,3,-0.983,-0.945,225,1,0,0,3.296,9.339
248,0.000,-2.670,9.240,0.082,3.332,9.401,-0.076,-17.282,-7.811,0.000,3.980,9.174,-0.229,0.079,0.000,0.209,-0.132,3,-0.984,-0.946,186,0,0,0,3.296,9.339
249,0.000,-2.670,9.240,0.060,3.300,9.358,-0.015,-17.260,-7.811,0.005,3.937,9.164,-0.168,0.079,0.000,0.209,-0.132,3,-0.984,-0.945,140,0,2,0,3.296,9.339
250,0.000,-2.648,9.240,0.071,3.277,9.320,0.046,-17.260,-7.811,-0.005,3.913,9.164,-0.137,0.079,0.000,0.209,-0.132,3,-0.984,-0.945,67,0,0,0,3.296,9.339
251,0.000,-2.648,9.240,0.071,3.353,9.339,0.168,-17.260,-7.811,0.005,3.966,9.185,-0.046,0.079,0.000,0.209,-0.132,3,-0.983,-0.945,2,0,0,0,3.296,9.339
252,0.000,-2.648,9.240,0.082,3.322,9.327,0.290,-17.238,-7.811,0.000,3.925,9.219,-0.107,0.079,0.000,0.209,-0.132,3,-0.985,-0.944,0,0,1,1,3.204,9.247
253,0.000,-2.626,9.240,0.060,3.274,9.322,0.137,-17.238,-7.811,0.000,3.873,9.205,-0.076,0.079,0.000,0.209,-0.132,3,-0.986,-0.944,0,0,0,0,3.296,9.339
254,0.000,-2.626,9.240,0.071,3.310,9.346,0.107,-17.238,-7.811,0.000,3.892,9.176,-0.198,0.079,0.000,0.209,-0.132,3,-0.986,-0.945,0,0,2,0,3.296,9.247
255,0.000,-2.626,9.240,0.049,3.327,9.320,0.000,-17.238,-7.811,0.005,3.916,9.140,-0.107,0.079,0.000,0.209,-0.132,3,-0.983,-0.945,0,0,0,0,3.204,9.247
256,0.000,-2.604,9.240,0.060,3.336,9.308,0.107,-17.216,-7.811,-0.005,3.899,9.109,0.000,0.079,0.000,0.209,-0.132,3,-0.985,-0.945,1,0,0,0,3.296,9.339
257,0.000,-2.604,9.240,0.071,3.370,9.303,0.229,-17.216,-7.811,0.000,3.854,9.171,0.000,0.079,0.000,0.209,-0.132,3,-0.985,-0.945,0,5,0,0,3.296,9.247
258,0.000,-2.582,9.240,0.071,3.401,9.312,0.076,-17.216,-7.811,0.000,3.909,9.209,-0.107,0.079,0.000,0.209,-0.132,3,-0.984,-0.943,0,0,0,0,3.296,9.247
259,0.000,-2.560,9.240,0.060,3.399,9.317,0.198,-17.216,-7.811,-0.016,3.921,9.176,-0.076,0.079,0.000,0.209,-0.132,3,-0.985,-0.945,0,2,2,0,3.296,9.247
260,0.000,-2.538,9.240,0.071,3.444,9.310,0.259,-17.216,-7.811,-0.005,3.894,9.190,-0.168,0.079,0.000,0.209,-0.132,3,-0.985,-0.945,0,0,0,0,3.388,9.247
261,0.000,-2.516,9.240,0.060,3.485,9.303,0.198,-17.194,-7.811,0.000,3.873,9.233,-0.137,0.079,0.000,0.209,-0.132,3,-0.984,-0.945,0,0,0,0,3.388,9.247
262,0.000,-2.494,9.240,0.082,3.427,9.262,0.290,-17.216,-7.811,-0.005,3.846,9.231,-0.015,0.079,0.000,0.209,-0.132,3,-0.985,-0.944,0,2,0,0,3.388,9.247
263,0.000,-2.472,9.240,0.071,3.447,9.293,0.381,-17.216,-7.811,0.000,3.832,9.185,-0.015,0.079,0.000,0.209,-0.132,3,-0.985,-0.943,0,0,1,0,3.479,9.247
264,0.000,-2.450,9.240,0.071,3.475,9.286,0.381,-17.216,-7.811,0.000,3.839,9.154,0.000,0.079,0.000,0.209,-0.132,3,-0.984,-0.945,0,0,3,0,3.388,9.247
265,0.000,-2.428,9.240,0.060,3.454,9.286,0.351,-17.216,-7.811,0.000,3.861,9.147,-0.015,0.079,0.000,0.209,-0.132,3,-0.984,-0.943,0,0,0,1,3.388,9.247
266,0.000,-2.428,9.240,0.060,3.430,9.298,0.290,-17.216,-7.811,0.005,3.830,9.138,-0.015,0.079,0.000,0.209,-0.132,3,-0.983,-0.945,0,0,0,0,3.388,9.247
267,0.000,-2.406,9.240,0.082,3.444,9.276,0.320,-17.216,-7.811,0.000,3.794,9.147,-0.076,0.079,0.000,0.209,-0.132,3,-0.984,-0.945,1,0,0,0,3.388,9.247
268,0.000,-2.384,9.240,0.082,3.511,9.243,0.290,-17.216,-7.811,-0.005,3.827,9.130,-0.046,0.079,0.000,0.209,-0.132,3,-0.984,-0.945,0,1,0,0,3.388,9.247
269,0.000,-2.362,9.240,0.082,3.540,9.298,0.351,-17.216,-7.811,0.000,3.837,9.118,0.137,0.079,0.000,0.209,-0.132,3,-0.984,-0.944,0,2,3,0,3.388,9.247
270,0.000,-2.340,9.240,0.071,3.456,9.332,0.473,-17.216,-7.811,0.005,3.784,9.152,0.198,0.079,0.000,0.209,-0.132,3,-0.984,-0.944,0,0,0,1,3.479,9.155
271,0.000,-2.318,9.240,0.049,3.485,9.324,0.504,-17.216,-7.811,0.000,3.782,9.145,0.000,0.079,0.000,0.209,-0.132,3,-0.983,-0.945,0,0,2,0,3.479,9.247
272,0.000,-2.296,9.240,0.071,3.569,9.305,0.412,-17.238,-7.811,0.000,3.777,9.130,-0.015,0.079,0.000,0.209,-0.132,3,-0.984,-0.945,1,0,0,0,3.388,9.247
273,0.000,-2.252,9.240,0.060,3.535,9.293,0.443,-17.238,-7.811,0.000,3.775,9.111,-0.015,0.079,0.000,0.209,-0.132,3,-0.984,-0.945,1,0,0,1,3.479,9.247
274,0.000,-2.230,9.240,0.060,3.480,9.298,0.504,-17.238,-7.811,0.000,3.782,9.130,0.015,0.079,0.000,0.209,-0.132,3,-0.984,-0.945,0,0,0,0,3.479,9.247
275,0.000,-2.230,9.240,0.060,3.435,9.308,0.534,-17.238,-7.811,0.000,3.763,9.178,0.137,0.079,0.000,0.209,-0.132,3,-0.984,-0.946,0,0,2,0,3.479,9.247
276,0.000,-2.208,9.240,0.093,3.437,9.308,0.534,-17.260,-7.811,0.000,3.765,9.166,0.137,0.079,0.000,0.209,-0.132,3,-0.983,-0.945,0,0,0,0,3.479,9.247
277,0.000,-2.186,9.240,0.071,3.490,9.312,0.748,-17.260,-7.811,0.005,3.729,9.197,0.000,0.079,0.000,0.209,-0.132,3,-0.985,-0.944,0,0,1,1,3.388,9.247
278,0.000,-2.186,9.240,0.071,3.545,9.360,0.748,-17.282,-7.811,0.005,3.722,9.200,0.137,0.079,0.000,0.209,-0.132,3,-0.984,-0.945,0,0,0,0,3.388,9.247
279,0.000,-2.164,9.240,0.082,3.583,9.389,0.687,-17.282,-7.811,0.000,3.734,9.195,0.107,0.079,0.000,0.209,-0.132,3,-0.984,-0.944,0,0,0,1,3.479,9.247
280,0.000,-2.120,9.240,0.071,3.585,9.384,0.687,-17.304,-7.811,0.000,3.674,9.188,0.076,0.079,0.000,0.209,-0.132,3,-0.985,-0.947,1,0,0,2,3.479,9.339
281,0.000,-2.098,9.240,0.071,3.559,9.391,0.809,-17.326,-7.811,0.000,3.657,9.174,-0.046,0.079,0.000,0.209,-0.132,3,-0.984,-0.945,0,3,0,2,3.571,9.339
282,0.000,-2.098,9.240,0.071,3.549,9.370,0.717,-17.348,-7.811,0.000,3.712,9.207,0.076,0.079,0.000,0.209,-0.132,3,-0.984,-0.944,0,0,0,1,3.571,9.339
283,0.000,-2.076,9.240,0.060,3.523,9.312,0.717,-17.348,-7.811,0.005,3.696,9.231,0.137,0.079,0.000,0.209,-0.132,3,-0.984,-0.945,0,0,0,0,3.479,9.339
284,0.000,-2.054,9.240,0.093,3.492,9.322,0.778,-17.370,-7.811,0.000,3.736,9.233,0.168,0.079,0.000,0.209,-0.132,3,-0.984,-0.945,0,0,0,3,3.479,9.339
285,0.000,-2.033,9.240,0.060,3.492,9.351,0.717,-17.370,-7.811,-0.005,3.760,9.229,0.198,0.079,0.000,0.209,-0.132,3,-0.984,-0.945,5,0,0,5,3.479,9.247
286,0.000,-2.033,9.240,0.071,3.511,9.351,0.717,-17.392,-7.811,0.000,3.736,9.219,0.412,0.079,0.000,0.209,-0.132,3,-0.983,-0.945,0,0,0,0,3.479,9.247
287,0.000,-2.011,9.240,0.060,3.497,9.339,0.900,-17.392,-7.811,0.000,3.775,9.217,0.320,0.079,0.000,0.209,-0.132,3,-0.984,-0.947,0,0,1,1,3.479,9.339
288,0.000,-1.989,9.240,0.071,3.487,9.341,0.900,-17.392,-7.811,0.005,3.763,9.214,0.107,0.079,0.000,0.209,-0.132,3,-0.984,-0.945,0,0,3,0,3.479,9.339
289,0.000,-1.989,9.240,0.060,3.547,9.358,0.931,-17.414,-7.811,0.000,3.734,9.231,0.076,0.079,0.000,0.209,-0.132,3,-0.984,-0.945,0,0,0,0,3.479,9.339
290,0.000,-1.967,9.240,0.071,3.514,9.367,1.114,-17.414,-7.811,0.005,3.743,9.241,0.168,0.079,0.000,0.209,-0.132,3,-0.983,-0.945,2,0,0,0,3.479,9.339
291,0.000,-1.945,9.240,0.071,3.461,9.382,0.992,-17.436,-7.811,0.000,3.743,9.226,0.259,0.079,0.000,0.209,-0.132,3,-0.985,-0.944,0,1,1,1,3.479,9.339
292,0.000,-1.945,9.240,0.071,3.430,9.367,0.809,-17.436,-7.811,0.000,3.715,9.205,0.198,0.079,0.000,0.209,-0.132,3,-0.986,-0.944,0,0,1,0,3.479,9.339
293,0.000,-1.945,9.240,0.071,3.413,9.341,0.870,-17.458,-7.811,0.000,3.794,9.190,0.198,0.079,0.000,0.209,-0.132,3,-0.987,-0.945,0,0,2,0,3.388,9.339
294,0.000,-1.945,9.240,0.060,3.432,9.365,1.083,-17.458,-7.811,-0.005,3.789,9.185,0.229,0.079,0.000,0.209,-0.132,3,-0.983,-0.946,0,0,1,0,3.388,9.339
295,0.000,-1.945,9.240,0.071,3.406,9.396,1.022,-17.458,-7.811,0.005,3.739,9.193,0.168,0.079,0.000,0.209,-0.132,3,-0.985,-0.945,1,0,0,0,3.388,9.339
296,0.000,-1.945,9.240,0.060,3.360,9.382,1.022,-17.458,-7.811,0.000,3.739,9.212,0.107,0.079,0.000,0.209,-0.132,3,-0.984,-0.945,0,5,1,0,3.388,9.339
297,0.000,-1.945,9.240,0.071,3.379,9.375,1.175,-17.480,-7.811,0.005,3.748,9.212,0.168,0.079,0.000,0.209,-0.132,3,-0.984,-0.943,0,0,0,0,3.388,9.339
298,0.000,-1.945,9.240,0.082,3.411,9.375,1.144,-17.480,-7.811,0.000,3.808,9.178,0.259,0.079,0.000,0.209,-0.132,3,-0.984,-0.945,0,0,3,0,3.296,9.339
299,0.000,-1.945,9.240,0.071,3.384,9.367,1.205,-17.480,-7.811,0.000,3.777,9.150,0.259,0.079,0.000,0.209,-0.132,3,-0.985,-0.944,0,0,0,0,3.296,9.339
300,0.000,-1.945,9.240,0.082,3.377,9.377,1.114,-17.480,-7.811,0.000,3.758,9.142,0.259,0.079,0.000,0.209,-0.132,3,-0.984,-0.945,0,0,0,0,3.388,9.339
301,0.000,-1.945,9.240,0.082,3.363,9.387,1.083,-17.480,-7.811,0.005,3.775,9.145,0.168,0.079,0.000,0.209,-0.132,3,-0.984,-0.945,0,0,0,0,3.296,9.339
302,0.000,-1.945,9.240,0.071,3.327,9.344,1.114,-17.480,-7.811,0.000,3.798,9.118,0.168,0.079,0.000,0.209,-0.132,3,-0.985,-0.944,0,0,0,0,3.296,9.339
303,0.000,-1.945,9.240,0.060,3.300,9.334,1.144,-17.480,-7.811,-0.016,3.784,9.087,0.259,0.079,0.000,0.209,-0.132,3,-0.984,-0.945,0,0,1,0,3.296,9.339
304,0.000,-1.967,9.240,0.082,3.329,9.372,1.114,-17.480,-7.811,0.005,3.758,9.114,0.320,0.079,0.000,0.209,-0.132,3,-0.984,-0.945,0,0,0,0,3.296,9.339
305,0.000,-1.967,9.240,0.060,3.339,9.365,1.114,-17.480,-7.811,0.000,3.796,9.097,0.290,0.079,0.000,0.209,-0.132,3,-0.984,-0.945,0,0,0,0,3.296,9.247
306,0.000,-1.967,9.240,0.093,3.300,9.360,1.114,-17.480,-7.811,0.000,3.815,9.121,0.412,0.079,0.000,0.209,-0.132,3,-0.984,-0.945,0,0,0,0,3.296,9.339
307,0.000,-1.989,9.240,0.060,3.324,9.401,1.114,-17.480,-7.811,0.005,3.830,9.123,0.412,0.079,0.000,0.209,-0.132,3,-0.984,-0.945,0,1,0,0,3.296,9.339
308,0.000,-1.989,9.240,0.071,3.308,9.399,1.114,-17.480,-7.811,-0.005,3.822,9.095,0.259,0.079,0.000,0.209,-0.132,3,-0.984,-0.944,0,0,2,0,3.296,9.339
309,0.000,-1.989,9.240,0.049,3.281,9.372,1.053,-17.480,-7.811,0.000,3.772,9.130,0.137,0.079,0.000,0.209,-0.132,3,-0.985,-0.945,0,0,0,1,3.296,9.339
310,0.000,-2.011,9.240,0.071,3.274,9.365,1.266,-17.480,-7.811,0.005,3.810,9.111,0.229,0.079,0.000,0.209,-0.132,3,-0.983,-0.945,0,0,0,0,3.296,9.339
311,0.000,-2.033,9.240,0.049,3.260,9.384,1.236,-17.458,-7.811,0.000,3.815,9.068,0.259,0.079,0.000,0.209,-0.132,3,-0.984,-0.946,0,0,0,0,3.204,9.339
312,0.000,-2.033,9.240,0.071,3.229,9.449,1.205,-17.458,-7.811,0.000,3.782,9.056,0.137,0.079,0.000,0.209,-0.132,3,-0.984,-0.945,1,0,0,0,3.204,9.339
313,0.000,-2.054,9.218,0.060,3.207,9.442,1.144,-17.458,-7.811,0.000,3.808,9.066,0.259,0.079,0.000,0.209,-0.132,3,-0.984,-0.945,0,0,0,0,3.204,9.339
314,0.000,-2.076,9.218,0.060,3.212,9.408,1.083,-17.458,-7.811,0.000,3.856,9.083,0.229,0.079,0.000,0.209,-0.132,3,-0.984,-0.946,0,0,0,0,3.204,9.430
315,0.000,-2.098,9.218,0.060,3.181,9.418,1.083,-17.436,-7.811,0.005,3.865,9.073,0.290,0.080,0.000,0.209,-0.132,3,-0.983,-0.945,0,0,0,0,3.204,9.430
316,0.000,-2.120,9.218,0.071,3.140,9.432,1.083,-17.436,-7.811,-0.005,3.865,9.049,0.168,0.080,0.000,0.209,-0.132,3,-0.984,-0.946,0,0,1,0,3.204,9.339
317,0.000,-2.164,9.218,0.071,3.152,9.458,0.900,-17.414,-7.811,0.000,3.834,9.068,0.076,0.080,0.000,0.209,-0.132,3,-0.984,-0.945,0,0,0,0,3.113,9.339
318,0.000,-2.186,9.218,0.060,3.178,9.475,0.931,-17.414,-7.811,0.000,3.815,9.071,0.259,0.080,0.000,0.209,-0.132,3,-0.985,-0.945,0,0,0,2,3.113,9.430
319,0.000,-2.208,9.218,0.071,3.166,9.475,0.900,-17.414,-7.811,-0.005,3.865,9.092,0.168,0.080,0.000,0.209,-0.132,3,-0.984,-0.944,0,0,0,0,3.113,9.430
320,0.000,-2.230,9.196,0.071,3.130,9.458,1.114,-17.414,-7.811,0.000,3.827,9.080,0.198,0.080,0.000,0.209,-0.132,3,-0.984,-0.945,0,2,0,1,3.113,9.430
321,0.000,-2.274,9.196,0.071,3.176,9.480,1.205,-17.392,-7.811,0.005,3.834,9.078,0.137,0.080,0.000,0.209,-0.132,3,-0.984,-0.946,0,0,0,0,3.113,9.430
322,0.000,-2.296,9.196,0.071,3.181,9.490,1.114,-17.392,-7.811,-0.005,3.858,9.095,0.107,0.081,0.000,0.209,-0.132,3,-0.984,-0.945,1,0,0,0,3.113,9.430
323,0.000,-2.318,9.196,0.071,3.157,9.492,1.022,-17.392,-7.811,0.000,3.873,9.135,0.107,0.081,0.000,0.209,-0.132,3,-0.985,-0.945,0,0,0,2,3.113,9.430
324,0.000,-2.340,9.174,0.082,3.114,9.475,0.992,-17.392,-7.811,-0.005,3.861,9.126,0.290,0.081,0.000,0.209,-0.132,3,-0.984,-0.946,5,0,0,3,3.113,9.430
325,0.000,-2.384,9.174,0.071,3.083,9.434,0.778,-17.370,-7.811,-0.016,3.842,9.078,0.198,0.081,0.000,0.209,-0.132,3,-0.983,-0.946,0,1,0,0,3.113,9.430
326,0.000,-2.406,9.174,0.060,3.152,9.442,0.870,-17.370,-7.811,-0.005,3.856,9.078,0.320,0.081,0.000,0.209,-0.132,3,-0.984,-0.945,0,0,1,0,3.113,9.430
327,0.000,-2.428,9.152,0.093,3.135,9.475,0.809,-17.370,-7.811,-0.005,3.822,9.121,0.351,0.081,0.000,0.209,-0.132,3,-0.984,-0.946,0,0,3,0,3.021,9.430
328,0.000,-2.472,9.152,0.071,3.126,9.475,0.595,-17.370,-7.811,0.016,3.825,9.123,0.198,0.081,0.000,0.209,-0.132,3,-0.984,-0.945,0,0,0,0,3.113,9.430
329,0.000,-2.494,9.152,0.071,3.116,9.413,0.443,-17.348,-7.811,-0.016,3.885,9.097,0.015,0.082,0.000,0.209,-0.132,3,-0.988,-0.946,2,0,0,0,3.113,9.430
330,0.000,-2.516,9.130,0.082,3.090,9.408,0.473,-17.348,-7.811,-0.005,3.851,9.123,0.107,0.082,0.000,0.209,-0.132,3,-0.986,-0.945,0,0,0,0,3.113,9.430
331,0.000,-2.560,9.130,0.071,3.118,9.434,0.412,-17.348,-7.811,-0.005,3.851,9.121,0.198,0.082,0.000,0.209,-0.132,3,-0.986,-0.945,0,0,0,0,3.113,9.339
332,0.000,-2.582,9.108,0.049,3.159,9.442,0.412,-17.348,-7.811,0.000,3.825,9.090,0.198,0.083,0.000,0.209,-0.132,3,-0.986,-0.946,0,0,2,0,3.021,9.339
333,0.000,-2.626,9.108,0.071,3.075,9.387,0.259,-17.348,-7.811,0.000,3.810,9.130,0.000,0.083,0.000,0.209,-0.132,3,-0.983,-0.946,0,0,1,0,3.113,9.430
334,0.000,-2.648,9.086,0.093,3.025,9.370,0.198,-17.348,-7.811,0.000,3.825,9.133,0.000,0.083,0.000,0.209,-0.132,3,-0.985,-0.946,0,0,0,0,3.113,9.430
335,0.000,-2.692,9.064,0.104,3.054,9.327,-0.046,-17.348,-7.811,0.016,3.808,9.080,0.137,0.083,0.000,0.209,-0.132,3,-0.985,-0.946,0,5,1,0,3.021,9.339
336,0.000,-2.714,9.064,0.104,3.085,9.324,-0.381,-17.348,-7.811,0.000,3.834,9.073,0.137,0.084,0.000,0.209,-0.132,3,-0.984,-0.946,0,0,0,0,3.021,9.339
337,0.000,-2.758,9.042,0.071,3.071,9.327,-0.626,-17.326,-7.811,-0.005,3.794,9.097,0.000,0.084,0.000,0.209,-0.132,3,-0.985,-0.946,0,0,3,0,3.021,9.247
338,0.000,-2.780,9.020,0.071,3.095,9.339,-0.931,-17.348,-7.811,0.000,3.722,9.142,0.046,0.084,0.000,0.209,-0.132,3,-0.985,-0.945,0,0,0,0,3.021,9.247
339,0.000,-2.824,8.998,0.060,3.202,9.399,-1.114,-17.348,-7.811,0.000,3.717,9.118,0.000,0.085,0.000,0.209,-0.132,3,-0.985,-0.946,2,0,1,0,3.021,9.247
340,0.000,-2.846,8.976,0.071,3.286,9.372,-1.083,-17.348,-7.811,0.000,3.710,9.095,-0.015,0.086,0.000,0.209,-0.132,3,-0.985,-0.946,0,2,1,0,3.021,9.339
341,0.000,-2.846,8.976,0.082,3.336,9.370,-1.236,-17.370,-7.811,0.000,3.662,9.118,-0.076,0.086,0.000,0.209,-0.132,3,-0.985,-0.944,0,0,1,0,3.113,9.339
342,0.000,-2.867,8.954,0.071,3.356,9.423,-1.266,-17.392,-7.811,-0.005,3.633,9.114,-0.046,0.087,0.000,0.209,-0.132,3,-0.984,-0.946,0,0,3,0,3.204,9.339
343,0.000,-2.867,8.932,0.071,3.339,9.466,-1.389,-17.392,-7.811,0.000,3.645,9.087,-0.290,0.087,0.000,0.209,-0.132,3,-0.984,-0.944,0,0,0,0,3.296,9.339
344,0.000,-2.889,8.910,0.071,3.344,9.475,-1.419,-17.414,-7.811,-0.005,3.664,9.066,-0.381,0.087,0.000,0.209,-0.132,3,-0.983,-0.946,0,0,0,0,3.296,9.339
345,0.000,-2.889,8.888,0.093,3.379,9.485,-1.328,-17.414,-7.811,0.000,3.662,9.087,-0.381,0.087,0.000,0.209,-0.132,3,-0.984,-0.946,1,0,0,0,3.296,9.430
346,0.000,-2.911,8.866,0.071,3.494,9.528,-1.389,-17.436,-7.811,0.005,3.597,9.126,-0.381,0.088,0.000,0.209,-0.132,3,-0.984,-0.946,2,1,0,0,3.296,9.430
347,0.000,-2.889,8.844,0.082,3.636,9.593,-1.022,-17.458,-7.811,-0.005,3.499,9.114,-0.351,0.089,0.000,0.209,-0.132,3,-0.984,-0.945,0,2,2,0,3.296,9.430
348,0.000,-2.889,8.822,0.071,3.655,9.679,-0.717,-17.480,-7.811,-0.005,3.494,9.035,-0.320,0.089,0.000,0.209,-0.132,3,-0.984,-0.945,0,0,1,0,3.479,9.522
349,0.000,-2.889,8.822,0.060,3.619,9.715,-0.412,-17.501,-7.811,0.000,3.518,9.025,-0.381,0.090,0.000,0.209,-0.132,3,-0.984,-0.946,0,0,0,0,3.571,9.522
350,0.000,-2.889,8.800,0.082,3.626,9.734,0.000,-17.523,-7.811,-0.005,3.535,9.092,-0.443,0.090,0.000,0.209,-0.132,3,-0.984,-0.947,0,0,0,0,3.571,9.613
351,0.000,-2.867,8.778,0.071,3.581,9.741,0.107,-17.545,-7.811,0.000,3.573,9.073,-0.381,0.090,0.000,0.209,-0.132,3,-0.984,-0.946,0,0,0,0,3.571,9.705
352,0.000,-2.889,8.756,0.082,3.530,9.703,0.198,-17.567,-7.811,0.005,3.621,9.025,-0.290,0.091,0.000,0.209,-0.132,3,-0.984,-0.946,0,0,4,0,3.571,9.705
353,0.000,-2.889,8.734,0.071,3.518,9.767,0.504,-17.567,-7.811,0.000,3.674,9.039,-0.076,0.092,0.000,0.209,-0.132,3,-0.984,-0.947,0,0,3,0,3.571,9.705
354,0.000,-2.889,8.734,0.060,3.530,9.918,0.809,-17.589,-7.811,0.000,3.648,9.092,-0.046,0.092,0.000,0.209,-0.132,3,-0.983,-0.946,0,0,0,0,3.479,9.613
355,0.000,-2.911,8.712,0.104,3.540,9.901,0.992,-17.589,-7.811,0.005,3.638,9.142,0.000,0.093,0.000,0.209,-0.132,3,-0.984,-0.946,0,0,0,1,3.479,9.705
356,0.000,-2.911,8.690,0.104,3.514,9.791,1.328,-17.611,-7.811,0.000,3.638,9.166,0.015,0.093,0.000,0.209,-0.132,3,-0.984,-0.946,0,0,0,0,3.479,9.888
357,0.000,-2.933,8.690,0.049,3.576,9.727,1.389,-17.611,-7.811,-0.005,3.669,9.162,0.137,0.094,0.000,0.209,-0.132,3,-0.984,-0.946,0,0,0,3,3.479,9.888
358,0.000,-2.933,8.668,0.082,3.636,9.719,1.450,-17.633,-7.811,0.016,3.736,9.166,0.046,0.094,0.000,0.209,-0.132,3,-0.984,-0.947,3,0,0,3,3.479,9.705
359,0.000,-2.933,8.646,0.082,3.468,9.715,1.663,-17.633,-7.811,0.000,3.739,9.195,0.046,0.094,0.000,0.209,-0.132,3,-0.983,-0.946,0,0,0,0,3.571,9.705
360,0.000,-2.955,8.624,0.093,3.262,9.655,1.755,-17.633,-7.811,0.000,3.729,9.209,0.000,0.095,0.000,0.209,-0.132,3,-0.984,-0.946,0,0,0,0,3.571,9.705
361,0.000,-2.999,8.624,0.082,3.135,9.497,1.572,-17.633,-7.811,-0.005,3.741,9.255,-0.137,0.095,0.000,0.209,-0.132,3,-0.984,-0.946,0,0,0,0,3.388,9.705
362,0.000,-3.021,8.602,0.093,3.145,9.353,1.450,-17.655,-7.811,0.016,3.765,9.248,0.046,0.096,0.000,0.209,-0.132,3,-0.985,-0.946,0,0,0,4,3.204,9.613
363,0.000,-3.065,8.580,0.082,3.257,9.329,1.389,-17.655,-7.811,0.000,3.806,9.241,0.015,0.096,0.000,0.209,-0.132,3,-0.984,-0.947,6,0,0,5,3.113,9.430
364,0.000,-3.087,8.558,0.104,3.195,9.298,1.266,-17.655,-7.811,-0.005,3.854,9.293,0.000,0.097,0.000,0.209,-0.132,3,-0.983,-0.946,0,2,0,1,3.113,9.339
365,0.000,-3.109,8.537,0.093,3.111,9.236,0.992,-17.655,-7.811,0.005,3.863,9.305,-0.015,0.097,0.000,0.209,-0.132,3,-0.984,-0.948,0,0,0,0,3.204,9.247
366,0.000,-3.153,8.515,0.093,3.166,9.097,0.717,-17.633,-7.811,0.016,3.844,9.291,-0.107,0.098,0.000,0.209,-0.132,3,-0.984,-0.946,0,0,2,0,3.113,9.247
367,0.000,-3.175,8.493,0.071,3.121,8.927,0.504,-17.633,-7.811,0.000,3.849,9.272,-0.290,0.098,0.000,0.209,-0.132,3,-0.984,-0.946,1,0,0,0,3.021,9.155
368,0.000,-3.197,8.471,0.082,3.028,8.824,0.320,-17.633,-7.811,0.000,3.834,9.250,-0.198,0.098,0.000,0.209,-0.132,3,-0.983,-0.946,2,0,0,0,3.113,9.064
369,0.000,-3.241,8.449,0.082,3.006,8.752,0.076,-17.633,-7.811,0.000,3.801,9.229,-0.198,0.099,0.000,0.209,-0.132,3,-0.984,-0.946,0,0,0,1,3.113,8.881
370,0.000,-3.263,8.427,0.104,2.965,8.695,-0.168,-17.633,-7.811,0.005,3.731,9.150,-0.229,0.099,0.000,0.209,-0.132,3,-0.986,-0.946,0,0,0,0,3.021,8.789
371,0.000,-3.285,8.383,0.082,3.056,8.697,-0.504,-17.633,-7.811,-0.005,3.748,9.114,-0.351,0.100,0.000,0.209,-0.132,3,-0.984,-0.946,0,0,2,0,2.930,8.698
372,0.000,-3.307,8.361,0.082,3.224,8.671,-0.504,-17.633,-7.811,0.000,3.801,9.095,-0.351,0.101,0.000,0.209,-0.132,3,-0.983,-0.947,0,0,0,0,2.930,8.606
373,0.000,-3.307,8.339,0.093,3.231,8.597,-0.534,-17.633,-7.811,0.005,3.748,9.066,-0.259,0.102,0.000,0.209,-0.132,3,-0.982,-0.947,0,0,0,0,3.021,8.698
374,0.000,-3.307,8.317,0.104,3.174,8.628,-0.656,-17.633,-7.811,0.005,3.753,9.054,-0.107,0.103,0.000,0.209,-0.132,3,-0.985,-0.946,0,6,0,0,3.204,8.606
375,0.000,-3.329,8.295,0.104,3.219,8.702,-0.839,-17.611,-7.811,-0.016,3.801,9.013,-0.107,0.103,0.000,0.209,-0.132,3,-0.984,-0.945,0,0,0,0,3.204,8.515
376,0.000,-3.329,8.273,0.115,3.274,8.702,-1.083,-17.611,-7.811,0.000,3.765,9.001,-0.076,0.104,0.000,0.209,-0.132,3,-0.985,-0.947,0,0,2,0,3.113,8.606
377,0.000,-3.329,8.229,0.104,3.277,8.788,-1.358,-17.611,-7.811,0.000,3.736,8.999,-0.046,0.104,0.000,0.209,-0.132,3,-0.984,-0.947,0,0,0,0,3.204,8.698
378,0.000,-3.351,8.207,0.093,3.279,8.884,-1.450,-17.611,-7.811,0.000,3.657,9.025,-0.076,0.105,0.000,0.209,-0.132,3,-0.984,-0.947,0,0,0,0,3.204,8.698
379,0.000,-3.351,8.185,0.093,3.317,8.953,-1.358,-17.611,-7.811,0.000,3.636,9.073,-0.107,0.106,0.000,0.209,-0.132,3,-0.985,-0.947,0,0,1,0,3.204,8.698
380,0.000,-3.351,8.163,0.093,3.437,9.138,-1.419,-17.633,-7.811,0.000,3.660,9.075,-0.198,0.107,0.000,0.209,-0.132,3,-0.985,-0.946,0,0,1,0,3.204,8.881
381,0.000,-3.373,8.119,0.082,3.528,9.322,-1.633,-17.633,-7.811,-0.005,3.717,9.075,-0.168,0.108,0.000,0.209,-0.132,3,-0.984,-0.947,0,0,2,0,3.296,8.881
382,0.000,-3.373,8.097,0.093,3.600,9.432,-1.663,-17.633,-7.811,0.000,3.763,9.080,-0.107,0.108,0.000,0.209,-0.132,3,-0.984,-0.946,0,0,0,0,3.388,9.064
383,0.000,-3.373,8.075,0.093,3.648,9.514,-1.724,-17.633,-7.811,-0.005,3.758,9.111,-0.168,0.109,0.000,0.209,-0.132,3,-0.983,-0.947,0,0,0,0,3.479,9.247
384,0.000,-3.351,8.053,0.093,3.686,9.662,-1.663,-17.633,-7.811,0.000,3.755,9.133,-0.168,0.109,0.000,0.209,-0.132,3,-0.984,-0.947,1,0,0,0,3.571,9.430
385,0.000,-3.373,8.031,0.104,3.707,9.810,-1.450,-17.633,-7.811,0.005,3.707,9.128,-0.443,0.110,0.000,0.209,-0.132,3,-0.984,-0.947,0,1,0,0,3.571,9.430
386,0.000,-3.373,7.987,0.082,3.669,9.851,-1.328,-17.633,-7.811,0.000,3.691,9.130,-0.656,0.110,0.000,0.209,-0.132,3,-0.984,-0.946,0,2,2,0,3.662,9.613
387,0.000,-3.373,7.965,0.082,3.796,9.973,-0.961,-17.633,-7.811,0.016,3.660,9.154,-0.534,0.111,0.000,0.209,-0.132,3,-0.984,-0.946,0,0,1,0,3.662,9.796
388,0.000,-3.373,7.943,0.104,3.964,10.093,-0.320,-17.655,-7.811,0.000,3.645,9.212,-0.473,0.112,0.000,0.209,-0.132,3,-0.983,-0.947,0,0,1,0,3.662,9.796
389,0.000,-3.373,7.921,0.104,3.921,10.131,0.046,-17.677,-7.811,-0.005,3.698,9.279,-0.626,0.113,0.000,0.209,-0.132,3,-0.984,-0.947,1,0,1,0,3.754,9.888
390,0.000,-3.373,7.899,0.115,3.894,10.172,0.473,-17.677,-7.811,0.000,3.734,9.260,-0.565,0.114,0.000,0.209,-0.132,3,-0.984,-0.947,2,0,0,1,3.937,10.071
391,0.000,-3.373,7.877,0.104,3.913,10.153,0.839,-17.677,-7.811,0.005,3.801,9.231,-0.412,0.114,0.000,0.209,-0.132,3,-0.984,-0.947,0,0,0,0,3.845,10.071
392,0.000,-3.373,7.855,0.093,3.806,10.129,1.144,-17.677,-7.811,0.005,3.882,9.284,-0.168,0.115,0.000,0.209,-0.132,3,-0.984,-0.948,0,0,3,0,3.845,10.163
393,0.000,-3.395,7.833,0.104,3.616,10.095,1.328,-17.655,-7.811,-0.005,3.933,9.324,-0.076,0.115,0.000,0.209,-0.132,3,-0.983,-0.947,0,0,1,0,3.845,10.071
394,0.000,-3.417,7.811,0.115,3.482,9.995,1.480,-17.655,-7.811,-0.005,4.016,9.300,-0.015,0.116,0.000,0.209,-0.132,3,-0.984,-0.947,0,0,0,0,3.754,10.071
395,0.000,-3.461,7.789,0.071,3.463,9.887,1.389,-17.633,-7.811,0.000,4.091,9.281,0.076,0.117,0.000,0.209,-0.132,3,-0.984,-0.947,2,0,0,0,3.571,10.071
396,0.000,-3.483,7.745,0.115,3.482,9.774,1.389,-17.611,-7.811,0.005,4.107,9.317,0.229,0.117,0.000,0.209,-0.132,3,-0.984,-0.947,0,0,0,2,3.479,9.979
397,0.000,-3.527,7.724,0.093,3.463,9.683,1.236,-17.567,-7.811,0.005,4.103,9.363,0.381,0.118,0.000,0.209,-0.132,3,-0.985,-0.948,4,0,0,3,3.388,9.888
398,0.000,-3.549,7.702,0.126,3.375,9.564,1.114,-17.567,-7.811,0.000,4.071,9.389,0.412,0.119,0.000,0.209,-0.132,3,-0.983,-0.947,0,2,0,2,3.479,9.705
399,0.000,-3.593,7.658,0.093,3.226,9.394,1.053,-17.545,-7.811,-0.005,4.026,9.375,0.412,0.119,0.000,0.209,-0.132,3,-0.985,-0.946,0,0,0,2,3.388,9.613
400,0.000,-3.637,7.636,0.104,3.181,9.075,0.931,-17.523,-7.811,-0.005,4.038,9.351,0.381,0.119,0.000,0.209,-0.132,3,-0.984,-0.947,0,0,0,0,3.296,9.522
401,0.000,-3.680,7.614,0.126,3.123,8.996,0.626,-17.501,-7.811,-0.016,4.002,9.329,0.259,0.121,0.000,0.209,-0.132,3,-0.984,-0.947,0,0,0,4,3.204,9.339
402,0.000,-3.724,7.570,0.115,3.121,8.936,0.320,-17.501,-7.811,0.000,3.961,9.339,0.015,0.121,0.000,0.209,-0.132,3,-0.984,-0.948,5,0,0,6,3.113,9.064
403,0.000,-3.746,7.548,0.115,3.152,8.869,0.443,-17.480,-7.811,0.000,3.945,9.336,0.000,0.122,0.000,0.209,-0.132,3,-0.983,-0.947,0,1,0,0,3.113,8.972
404,0.000,-3.768,7.526,0.126,3.212,8.829,0.504,-17.480,-7.811,0.005,3.918,9.265,0.000,0.123,0.000,0.209,-0.132,3,-0.984,-0.949,0,0,0,0,3.113,8.881
405,0.000,-3.812,7.482,0.093,3.229,8.731,0.473,-17.480,-7.811,0.005,3.868,9.159,-0.198,0.124,0.000,0.209,-0.132,3,-0.985,-0.947,0,0,2,0,3.113,8.789
406,0.000,-3.812,7.460,0.115,3.236,8.695,0.778,-17.458,-7.811,-0.005,3.889,9.121,-0.107,0.124,0.000,0.209,-0.132,3,-0.983,-0.948,0,0,0,0,3.204,8.789
407,0.000,-3.834,7.438,0.115,3.262,8.676,0.870,-17.458,-7.811,0.000,3.913,9.044,-0.046,0.126,0.000,0.209,-0.132,3,-0.983,-0.948,1,0,0,0,3.204,8.698
408,0.000,-3.856,7.394,0.115,3.095,8.608,0.778,-17.436,-7.811,0.000,3.928,9.006,-0.137,0.126,0.000,0.209,-0.132,3,-0.986,-0.947,0,1,0,0,3.204,8.606
409,0.000,-3.900,7.372,0.126,2.836,8.561,0.595,-17.414,-7.811,-0.005,3.937,9.001,-0.198,0.127,0.000,0.209,-0.132,3,-0.983,-0.949,0,0,0,0,3.204,8.606
410,0.000,-3.966,7.350,0.115,2.838,8.592,0.412,-17.392,-7.811,-0.005,3.971,8.936,-0.137,0.128,0.000,0.209,-0.132,3,-0.984,-0.947,0,0,2,0,3.021,8.606
411,0.000,-4.010,7.306,0.104,2.939,8.649,0.290,-17.370,-7.811,-0.005,3.966,8.865,0.000,0.129,0.000,0.209,-0.132,3,-0.983,-0.949,0,0,0,0,2.747,8.515
412,0.000,-4.054,7.284,0.104,2.848,8.695,-0.076,-17.348,-7.811,0.000,3.918,8.903,0.076,0.130,0.000,0.209,-0.132,3,-0.982,-0.948,0,0,1,0,2.838,8.515
413,0.000,-4.120,7.240,0.126,2.980,8.843,-0.504,-17.326,-7.811,0.005,3.973,8.915,0.107,0.130,0.000,0.209,-0.132,3,-0.985,-0.947,0,5,0,0,2.930,8.606
414,0.000,-4.142,7.218,0.104,3.274,9.080,-0.412,-17.282,-7.811,-0.005,4.038,8.879,0.107,0.130,0.000,0.209,-0.132,3,-0.984,-0.947,0,0,0,0,2.838,8.606
415,0.000,-4.186,7.196,0.115,3.265,9.219,-0.046,-17.260,-7.811,0.000,3.909,8.889,0.046,0.132,0.000,0.209,-0.132,3,-0.985,-0.948,0,0,3,0,2.930,8.789
416,0.000,-4.208,7.174,0.115,3.253,9.329,0.076,-17.260,-7.811,-0.005,3.798,8.901,0.000,0.132,0.000,0.209,-0.132,3,-0.985,-0.947,0,0,0,0,3.204,9.064
417,0.000,-4.252,7.130,0.115,3.315,9.456,0.351,-17.238,-7.811,0.000,3.827,8.901,0.000,0.133,0.000,0.209,-0.132,3,-0.984,-0.948,0,0,0,0,3.204,9.155
418,0.000,-4.296,7.108,0.115,3.327,9.554,0.565,-17.238,-7.811,0.000,3.861,8.862,0.137,0.134,0.000,0.209,-0.132,3,-0.984,-0.948,0,1,1,0,3.204,9.247
419,0.000,-4.340,7.064,0.126,3.229,9.626,0.717,-17.216,-7.811,-0.005,3.901,8.843,0.320,0.135,0.000,0.209,-0.132,3,-0.985,-0.948,7,0,1,0,3.296,9.430
420,0.000,-4.384,7.042,0.115,3.126,9.674,0.870,-17.194,-7.811,0.016,3.983,8.910,0.320,0.135,0.000,0.209,-0.132,3,-0.984,-0.948,0,0,2,0,3.296,9.522
421,0.000,-4.450,7.020,0.126,3.138,9.717,0.656,-17.172,-7.811,0.000,4.002,8.992,0.259,0.137,0.000,0.209,-0.132,3,-0.985,-0.946,0,0,0,1,3.204,9.613
422,0.000,-4.515,6.976,0.104,3.205,9.753,0.412,-17.150,-7.811,0.000,4.019,9.037,0.229,0.137,0.000,0.209,-0.132,3,-0.983,-0.947,0,0,0,0,3.113,9.613
423,0.000,-4.559,6.954,0.137,3.324,9.818,0.320,-17.128,-7.811,-0.016,4.052,9.071,0.443,0.138,0.000,0.209,-0.132,3,-0.984,-0.948,1,0,0,0,3.113,9.705
424,0.000,-4.603,6.911,0.126,3.423,9.865,0.381,-17.106,-7.811,0.005,4.021,9.150,0.504,0.139,0.000,0.209,-0.132,3,-0.984,-0.948,0,1,0,0,3.204,9.705
425,0.000,-4.647,6.889,0.126,3.372,9.861,0.320,-17.106,-7.811,0.000,3.949,9.274,0.259,0.140,0.000,0.209,-0.132,3,-0.984,-0.948,0,2,1,0,3.296,9.796
426,0.000,-4.691,6.845,0.126,3.312,9.897,0.015,-17.106,-7.811,0.005,3.933,9.320,0.046,0.141,0.000,0.209,-0.132,3,-0.985,-0.948,0,0,2,0,3.388,9.796
427,0.000,-4.735,6.823,0.137,3.521,9.947,0.137,-17.106,-7.811,-0.005,3.983,9.312,0.000,0.141,0.000,0.209,-0.132,3,-0.983,-0.948,0,0,1,0,3.296,9.796
428,0.000,-4.757,6.779,0.137,3.557,9.944,0.473,-17.084,-7.811,0.000,3.978,9.341,-0.015,0.142,0.000,0.209,-0.132,3,-0.984,-0.948,0,0,0,0,3.296,9.888
429,0.000,-4.801,6.757,0.126,3.365,9.921,0.748,-17.084,-7.811,0.000,3.889,9.367,-0.046,0.143,0.000,0.209,-0.132,3,-0.984,-0.948,0,0,3,0,3.479,9.888
430,0.000,-4.845,6.713,0.104,3.375,9.801,0.931,-17.106,-7.811,0.000,3.854,9.363,0.000,0.144,0.000,0.209,-0.132,3,-0.984,-0.948,0,0,3,0,3.479,9.888
431,0.000,-4.889,6.691,0.115,3.497,9.645,1.083,-17.106,-7.811,-0.005,3.930,9.296,0.015,0.144,0.000,0.209,-0.132,3,-0.984,-0.947,0,0,1,1,3.296,9.888
432,0.000,-4.911,6.647,0.137,3.480,9.547,1.236,-17.106,-7.811,0.000,3.990,9.260,0.137,0.146,0.000,0.209,-0.132,3,-0.983,-0.948,0,0,0,0,3.296,9.796
433,0.000,-4.933,6.625,0.148,3.346,9.494,1.358,-17.084,-7.811,0.000,4.040,9.291,0.229,0.146,0.000,0.209,-0.132,3,-0.984,-0.948,0,0,0,0,3.479,9.613
434,0.000,-4.977,6.581,0.137,3.241,9.423,1.236,-17.084,-7.811,0.000,4.050,9.315,0.320,0.148,0.000,0.209,-0.132,3,-0.984,-0.948,0,0,0,0,3.479,9.522
435,0.000,-5.021,6.559,0.126,3.236,9.348,0.992,-17.062,-7.811,-0.005,4.052,9.348,0.381,0.148,0.000,0.209,-0.132,3,-0.984,-0.948,0,0,0,1,3.296,9.430
436,0.000,-5.043,6.515,0.148,3.198,9.255,0.870,-17.062,-7.811,0.005,4.009,9.320,0.534,0.149,0.000,0.209,-0.132,3,-0.984,-0.948,2,0,0,0,3.204,9.339
437,0.000,-5.087,6.493,0.126,3.262,9.238,0.687,-17.062,-7.811,0.000,3.933,9.231,0.656,0.150,0.000,0.209,-0.132,3,-0.984,-0.948,0,2,0,1,3.204,9.339
438,0.000,-5.109,6.449,0.137,3.391,9.279,0.717,-17.062,-7.811,-0.005,3.916,9.202,0.565,0.151,0.000,0.209,-0.132,3,-0.984,-0.949,0,0,0,0,3.113,9.247
439,0.000,-5.153,6.427,0.159,3.284,9.260,0.748,-17.062,-7.811,-0.005,3.880,9.212,0.717,0.152,0.000,0.209,-0.132,3,-0.984,-0.948,0,0,0,2,3.204,9.155
440,0.000,-5.175,6.383,0.137,3.181,9.195,0.565,-17.062,-7.811,0.005,3.858,9.190,0.748,0.152,0.000,0.209,-0.132,3,-0.984,-0.948,0,0,0,0,3.388,9.247
441,0.000,-5.219,6.361,0.126,3.277,9.224,0.473,-17.062,-7.811,0.005,3.865,9.147,0.595,0.153,0.000,0.209,-0.132,3,-0.984,-0.949,3,0,0,1,3.204,9.247
442,0.000,-5.241,6.317,0.159,3.320,9.272,0.504,-17.062,-7.811,0.000,3.844,9.092,0.534,0.154,0.000,0.209,-0.132,3,-0.983,-0.948,0,0,0,0,3.113,9.155
443,0.000,-5.285,6.295,0.148,3.255,9.229,0.565,-17.062,-7.811,0.000,3.717,9.049,0.443,0.155,0.000,0.209,-0.132,3,-0.984,-0.950,0,0,0,0,3.204,9.155
444,0.000,-5.306,6.251,0.148,3.243,9.224,0.595,-17.084,-7.811,0.000,3.581,9.078,0.290,0.156,0.000,0.209,-0.132,3,-0.985,-0.948,0,0,2,0,3.296,9.247
445,0.000,-5.350,6.229,0.148,3.296,9.221,0.687,-17.128,-7.811,-0.005,3.542,9.044,0.168,0.157,0.000,0.209,-0.132,3,-0.984,-0.948,1,0,0,1,3.204,9.155
446,0.000,-5.372,6.185,0.159,3.360,9.236,0.809,-17.150,-7.811,0.000,3.626,8.980,0.107,0.158,0.000,0.209,-0.132,3,-0.986,-0.948,1,0,0,0,3.204,9.155
447,0.000,-5.394,6.163,0.159,3.351,9.276,0.778,-17.150,-7.811,0.000,3.655,8.987,0.015,0.159,0.000,0.209,-0.132,3,-0.988,-0.948,0,1,0,1,3.296,9.155
448,0.000,-5.416,6.119,0.170,3.291,9.363,0.748,-17.172,-7.811,0.016,3.602,8.989,0.000,0.160,0.000,0.209,-0.132,3,-0.986,-0.948,0,0,0,0,3.296,9.155
449,0.000,-5.460,6.098,0.148,3.212,9.406,0.900,-17.194,-7.811,0.000,3.614,8.982,0.000,0.160,0.000,0.209,-0.132,3,-0.983,-0.949,0,0,3,0,3.296,9.247
450,0.000,-5.504,6.054,0.159,3.135,9.365,0.809,-17.194,-7.811,0.000,3.626,8.970,0.076,0.162,0.000,0.209,-0.132,3,-0.983,-0.949,0,0,0,0,3.204,9.339
451,0.000,-5.548,6.032,0.170,3.186,9.382,0.748,-17.216,-7.811,0.016,3.605,8.984,0.198,0.162,0.000,0.209,-0.132,3,-0.986,-0.948,3,0,0,0,3.204,9.339
452,0.000,-5.592,5.988,0.137,3.241,9.423,0.626,-17.238,-7.811,-0.005,3.616,9.008,0.168,0.163,0.000,0.209,-0.132,3,-0.984,-0.948,0,5,0,0,3.113,9.339
453,0.000,-5.636,5.966,0.159,3.193,9.413,0.473,-17.260,-7.811,0.005,3.698,9.016,0.076,0.163,0.000,0.209,-0.132,3,-0.984,-0.948,0,0,1,0,3.113,9.339
454,0.000,-5.680,5.944,0.137,3.205,9.439,0.443,-17.260,-7.811,0.000,3.722,9.025,0.229,0.164,0.000,0.209,-0.132,3,-0.985,-0.949,0,0,3,0,3.204,9.339
455,0.000,-5.724,5.900,0.159,3.255,9.463,0.504,-17.260,-7.811,0.000,3.660,9.047,0.351,0.165,0.000,0.209,-0.132,3,-0.985,-0.948,0,0,0,0,3.113,9.339
456,0.000,-5.768,5.878,0.159,3.296,9.463,0.534,-17.282,-7.811,0.005,3.583,9.071,0.351,0.166,0.000,0.209,-0.132,3,-0.985,-0.949,1,0,0,0,3.204,9.430
457,0.000,-5.812,5.834,0.159,3.312,9.499,0.717,-17.304,-7.811,0.000,3.566,9.085,0.229,0.167,0.000,0.209,-0.132,3,-0.985,-0.949,0,2,0,0,3.204,9.430
458,0.000,-5.856,5.790,0.159,3.233,9.399,0.595,-17.326,-7.811,-0.005,3.607,9.111,0.168,0.168,0.000,0.209,-0.132,3,-0.985,-0.949,0,0,0,0,3.296,9.430
459,0.000,-5.900,5.768,0.170,3.138,9.260,0.412,-17.348,-7.811,0.000,3.645,9.121,0.107,0.169,0.000,0.209,-0.132,3,-0.985,-0.949,0,0,4,0,3.296,9.430
460,0.000,-5.944,5.724,0.148,3.298,9.375,0.259,-17.370,-7.811,0.000,3.686,9.169,0.107,0.170,0.000,0.209,-0.132,3,-0.984,-0.947,0,0,0,1,3.204,9.339
461,0.000,-5.988,5.680,0.159,3.288,9.442,0.046,-17.392,-7.811,-0.005,3.628,9.272,0.000,0.171,0.000,0.209,-0.132,3,-0.983,-0.948,0,0,0,0,3.113,9.247
462,0.000,-6.032,5.636,0.159,3.107,9.327,-0.107,-17.414,-7.811,0.000,3.576,9.324,-0.198,0.172,0.000,0.209,-0.132,3,-0.984,-0.949,0,0,0,0,3.296,9.339
463,0.000,-6.076,5.614,0.170,3.174,9.185,-0.351,-17.436,-7.811,0.005,3.660,9.276,-0.198,0.173,0.000,0.209,-0.132,3,-0.984,-0.949,0,1,0,0,3.204,9.430
464,0.000,-6.119,5.570,0.170,3.356,9.193,-0.381,-17.458,-7.811,-0.005,3.655,9.260,-0.137,0.174,0.000,0.209,-0.132,3,-0.984,-0.948,0,2,2,0,3.021,9.247
465,0.000,-6.141,5.526,0.159,3.372,9.284,-0.351,-17.480,-7.811,0.000,3.648,9.305,-0.229,0.174,0.000,0.209,-0.132,3,-0.985,-0.949,0,0,1,0,3.113,9.155
466,0.000,-6.163,5.482,0.148,3.332,9.317,-0.320,-17.501,-7.811,0.005,3.636,9.367,-0.229,0.175,0.000,0.209,-0.132,3,-0.983,-0.949,0,0,0,0,3.296,9.155
467,0.000,-6.185,5.460,0.170,3.427,9.284,-0.168,-17.523,-7.811,0.005,3.535,9.391,-0.290,0.177,0.000,0.209,-0.132,3,-0.984,-0.949,1,0,0,0,3.296,9.247
468,0.000,-6.207,5.416,0.170,3.478,9.219,-0.015,-17.567,-7.811,0.000,3.504,9.288,-0.259,0.178,0.000,0.209,-0.132,3,-0.984,-0.949,1,0,0,1,3.296,9.247
469,0.000,-6.229,5.372,0.181,3.537,9.267,-0.046,-17.589,-7.811,0.005,3.533,9.193,-0.290,0.179,0.000,0.209,-0.132,3,-0.984,-0.949,0,5,0,0,3.388,9.247
470,0.000,-6.229,5.328,0.159,3.485,9.322,0.015,-17.611,-7.811,-0.005,3.569,9.209,-0.320,0.180,0.000,0.209,-0.132,3,-0.984,-0.948,0,0,0,1,3.388,9.155
471,0.000,-6.251,5.306,0.170,3.288,9.329,0.168,-17.633,-7.811,0.000,3.537,9.241,-0.412,0.181,0.000,0.209,-0.132,3,-0.983,-0.949,0,0,0,0,3.479,9.247
472,0.000,-6.295,5.263,0.170,3.277,9.401,0.229,-17.655,-7.811,0.000,3.576,9.229,-0.229,0.182,0.000,0.209,-0.132,3,-0.984,-0.949,0,0,0,0,3.479,9.247
473,0.000,-6.339,5.241,0.170,3.384,9.442,0.473,-17.677,-7.811,0.000,3.664,9.197,-0.137,0.183,0.000,0.209,-0.132,3,-0.984,-0.949,0,0,0,0,3.204,9.247
474,0.000,-6.361,5.197,0.170,3.473,9.482,0.656,-17.677,-7.811,0.000,3.648,9.185,-0.198,0.184,0.000,0.209,-0.132,3,-0.984,-0.949,0,0,0,2,3.204,9.339
475,0.000,-6.383,5.153,0.203,3.650,9.638,0.900,-17.699,-7.811,0.000,3.571,9.209,0.000,0.184,0.000,0.209,-0.132,3,-0.984,-0.949,3,0,0,3,3.296,9.430
476,0.000,-6.383,5.131,0.148,3.686,9.765,1.297,-17.721,-7.811,0.000,3.566,9.171,0.107,0.185,0.000,0.209,-0.132,3,-0.983,-0.949,0,0,0,0,3.388,9.430
477,0.000,-6.405,5.087,0.170,3.456,9.686,1.511,-17.743,-7.811,0.000,3.676,9.106,0.107,0.186,0.000,0.209,-0.132,3,-0.984,-0.950,0,0,0,0,3.571,9.613
478,0.000,-6.449,5.043,0.170,3.334,9.609,1.663,-17.743,-7.811,0.000,3.741,9.106,0.107,0.187,0.000,0.209,-0.132,3,-0.984,-0.949,0,0,0,1,3.662,9.705
479,0.000,-6.493,5.021,0.181,3.281,9.657,1.511,-17.743,-7.811,0.000,3.767,9.097,0.290,0.188,0.000,0.209,-0.132,3,-0.984,-0.949,0,0,0,0,3.388,9.613
480,0.000,-6.559,4.977,0.170,3.061,9.660,1.236,-17.743,-7.811,0.000,3.717,9.097,0.290,0.189,0.000,0.209,-0.132,3,-0.984,-0.949,3,0,0,2,3.296,9.522
481,0.000,-6.647,4.933,0.159,2.831,9.545,0.778,-17.743,-7.811,0.000,3.691,9.157,0.290,0.190,0.000,0.209,-0.132,3,-0.983,-0.949,0,1,0,0,3.204,9.613
482,0.000,-6.735,4.889,0.181,2.932,9.485,0.229,-17.743,-7.811,0.005,3.770,9.176,0.259,0.191,0.000,0.209,-0.132,3,-0.984,-0.951,0,0,0,0,3.021,9.613
483,0.000,-6.801,4.867,0.181,3.327,9.537,-0.107,-17.743,-7.811,0.005,3.763,9.181,0.229,0.193,0.000,0.209,-0.132,3,-0.984,-0.949,0,0,2,0,2.747,9.522
484,0.000,-6.845,4.823,0.170,3.449,9.506,-0.320,-17.743,-7.811,0.005,3.772,9.185,0.137,0.194,0.000,0.209,-0.132,3,-0.984,-0.949,0,0,0,0,2.930,9.430
485,0.000,-6.867,4.779,0.203,3.571,9.655,-0.320,-17.743,-7.811,0.000,3.746,9.209,0.000,0.195,0.000,0.209,-0.132,3,-0.985,-0.949,1,0,0,0,3.296,9.522
486,0.000,-6.889,4.735,0.170,3.643,9.719,-0.076,-17.743,-7.811,-0.005,3.616,9.269,-0.290,0.195,0.000,0.209,-0.132,3,-0.987,-0.949,0,1,0,1,3.388,9.430
487,0.000,-6.911,4.691,0.170,3.504,9.571,0.198,-17.765,-7.811,0.016,3.478,9.241,-0.656,0.196,0.000,0.209,-0.132,3,-0.985,-0.950,0,0,0,0,3.571,9.613
488,0.000,-6.932,4.669,0.192,3.490,9.530,0.534,-17.809,-7.811,0.000,3.396,9.154,-0.809,0.197,0.000,0.209,-0.132,3,-0.984,-0.949,0,0,2,0,3.571,9.705
489,0.000,-6.954,4.625,0.203,3.423,9.418,1.144,-17.831,-7.811,0.000,3.473,9.063,-0.809,0.199,0.000,0.209,-0.132,3,-0.986,-0.950,0,0,0,0,3.479,9.522
490,0.000,-6.998,4.581,0.170,3.233,9.358,1.328,-17.853,-7.811,0.000,3.576,8.984,-0.595,0.199,0.000,0.209,-0.132,3,-0.985,-0.950,2,0,0,0,3.479,9.522
491,0.000,-7.042,4.537,0.192,3.092,9.382,1.175,-17.853,-7.811,0.005,3.822,9.030,-0.290,0.200,0.000,0.209,-0.132,3,-0.984,-0.949,0,5,0,0,3.388,9.339
492,0.000,-7.108,4.515,0.181,3.130,9.315,1.358,-17.831,-7.811,0.005,3.916,9.004,-0.168,0.202,0.000,0.209,-0.132,3,-0.984,-0.948,0,0,0,0,3.204,9.339
493,0.000,-7.152,4.472,0.203,3.238,9.253,1.511,-17.809,-7.811,-0.005,3.880,9.018,-0.168,0.203,0.000,0.209,-0.132,3,-0.985,-0.949,0,0,3,0,3.021,9.339
494,0.000,-7.196,4.428,0.192,3.243,9.250,1.572,-17.787,-7.811,0.000,3.724,9.054,-0.107,0.204,0.000,0.209,-0.132,3,-0.985,-0.949,0,0,0,0,3.113,9.247
495,0.000,-7.240,4.406,0.192,3.255,9.250,1.480,-17.787,-7.811,0.000,3.660,9.049,0.000,0.205,0.000,0.209,-0.132,3,-0.985,-0.949,0,0,0,0,3.204,9.247
496,0.000,-7.262,4.362,0.192,3.379,9.272,1.602,-17.787,-7.811,0.000,3.798,8.992,0.168,0.206,0.000,0.209,-0.132,3,-0.985,-0.949,0,1,0,0,3.204,9.247
497,0.000,-7.306,4.318,0.192,3.303,9.253,1.602,-17.765,-7.811,0.000,3.980,8.965,0.290,0.206,0.000,0.209,-0.132,3,-0.985,-0.948,0,0,1,0,3.204,9.247
498,0.000,-7.350,4.274,0.192,3.013,9.171,1.053,-17.721,-7.811,0.000,4.016,9.023,0.412,0.207,0.000,0.209,-0.132,3,-0.984,-0.950,0,0,2,0,3.296,9.247
499,0.000,-7.416,4.230,0.192,2.786,9.195,0.748,-17.699,-7.811,0.000,4.024,9.104,0.351,0.208,0.000,0.209,-0.132,3,-0.984,-0.951,0,0,1,0,3.296,9.247
500,0.000,-7.526,4.208,0.192,2.597,9.212,0.443,-17.677,-7.811,-0.005,4.059,9.140,0.381,0.209,0.000,0.209,-0.132,3,-0.983,-0.950,0,0,0,0,2.930,9.155
501,0.000,-7.614,4.164,0.214,2.616,9.195,-0.168,-17.633,-7.811,0.000,3.988,9.150,0.290,0.211,0.000,0.209,-0.132,3,-0.984,-0.950,0,0,0,0,2.747,9.155
502,0.000,-7.702,4.120,0.225,2.965,9.260,-0.443,-17.633,-7.811,0.000,3.966,9.166,0.107,0.211,0.000,0.209,-0.132,3,-0.984,-0.950,0,1,0,0,2.564,9.155
503,0.000,-7.767,4.076,0.214,3.248,9.260,-0.534,-17.611,-7.811,0.000,3.973,9.183,0.000,0.213,0.000,0.209,-0.132,3,-0.984,-0.949,0,1,2,0,2.564,9.155
504,0.000,-7.789,4.032,0.192,3.339,9.265,-0.656,-17.589,-7.811,0.016,3.940,9.190,-0.107,0.214,0.000,0.209,-0.132,3,-0.984,-0.949,0,0,2,0,2.930,9.247
505,0.000,-7.811,3.988,0.203,3.413,9.317,-0.809,-17.567,-7.811,0.016,3.877,9.221,-0.320,0.215,0.000,0.209,-0.132,3,-0.983,-0.950,0,0,0,0,3.204,9.247
506,0.000,-7.855,3.944,0.203,3.382,9.365,-0.809,-17.567,-7.811,0.000,3.813,9.219,-0.595,0.216,0.000,0.209,-0.132,3,-0.984,-0.949,1,0,0,0,3.296,9.247
507,0.000,-7.877,3.900,0.214,3.298,9.358,-0.565,-17.567,-7.811,0.000,3.775,9.193,-0.626,0.217,0.000,0.209,-0.132,3,-0.984,-0.949,0,0,0,0,3.388,9.247
508,0.000,-7.921,3.856,0.203,3.317,9.411,-0.320,-17.567,-7.811,0.005,3.751,9.147,-0.656,0.218,0.000,0.209,-0.132,3,-0.984,-0.950,0,0,5,0,3.296,9.339
509,0.000,-7.943,3.834,0.236,3.363,9.506,0.015,-17.567,-7.811,-0.016,3.789,9.138,-0.809,0.219,0.000,0.209,-0.132,3,-0.984,-0.948,0,0,0,1,3.296,9.339
510,0.000,-7.987,3.790,0.214,3.336,9.514,0.290,-17.567,-7.811,0.000,3.854,9.140,-0.839,0.220,0.000,0.209,-0.132,3,-0.983,-0.950,0,0,0,0,3.296,9.339
511,0.000,-8.009,3.746,0.225,3.473,9.559,0.687,-17.545,-7.811,0.000,3.952,9.106,-0.687,0.221,0.000,0.209,-0.132,3,-0.984,-0.949,0,0,0,0,3.296,9.430
512,0.000,-8.031,3.702,0.203,3.578,9.545,1.114,-17.523,-7.811,0.000,3.973,9.054,-0.259,0.222,0.000,0.209,-0.132,3,-0.984,-0.950,2,0,0,0,3.296,9.430
513,0.000,-8.075,3.659,0.214,3.394,9.466,1.236,-17.501,-7.811,0.000,3.911,9.047,0.076,0.224,0.000,0.209,-0.132,3,-0.984,-0.950,0,0,0,1,3.388,9.522
514,0.000,-8.097,3.637,0.214,3.193,9.411,1.053,-17.480,-7.811,0.000,3.976,9.059,0.351,0.225,0.000,0.209,-0.132,3,-0.985,-0.950,3,0,0,3,3.571,9.522
515,0.000,-8.163,3.593,0.203,3.078,9.365,0.717,-17.458,-7.811,-0.005,4.095,9.056,0.443,0.226,0.000,0.209,-0.132,3,-0.984,-0.950,0,1,0,0,3.388,9.430
516,0.000,-8.229,3.549,0.214,3.047,9.355,0.443,-17.436,-7.811,0.000,4.050,9.102,0.595,0.227,0.000,0.209,-0.132,3,-0.984,-0.951,0,0,1,0,3.113,9.339
517,0.000,-8.295,3.505,0.247,3.090,9.466,0.137,-17.414,-7.811,0.000,3.992,9.157,0.443,0.228,0.000,0.209,-0.132,3,-0.984,-0.950,0,0,0,0,3.021,9.339
518,0.000,-8.361,3.461,0.225,3.109,9.547,0.000,-17.392,-7.811,0.005,3.954,9.205,0.473,0.228,0.000,0.209,-0.132,3,-0.984,-0.950,0,0,0,3,3.021,9.339
519,0.000,-8.405,3.417,0.225,3.269,9.564,0.046,-17.392,-7.811,0.000,3.899,9.243,0.504,0.229,0.000,0.209,-0.132,3,-0.985,-0.950,0,0,0,0,3.021,9.430
520,0.000,-8.449,3.373,0.203,3.554,9.600,0.015,-17.370,-7.811,-0.005,3.949,9.197,0.290,0.231,0.000,0.209,-0.132,3,-0.983,-0.950,0,0,0,0,3.021,9.522
521,0.000,-8.471,3.329,0.203,3.614,9.612,-0.107,-17.370,-7.811,0.000,3.992,9.138,0.290,0.232,0.000,0.209,-0.132,3,-0.984,-0.950,0,0,0,0,3.204,9.522
522,0.000,-8.493,3.285,0.225,3.415,9.638,-0.320,-17.348,-7.811,0.005,3.882,9.157,0.000,0.233,0.000,0.209,-0.132,3,-0.984,-0.950,0,0,3,0,3.479,9.522
523,0.000,-8.537,3.241,0.225,3.174,9.593,-0.412,-17.348,-7.811,0.005,3.832,9.166,-0.076,0.234,0.000,0.209,-0.132,3,-0.983,-0.950,1,0,0,0,3.571,9.522
524,0.000,-8.602,3.219,0.225,3.152,9.494,-0.351,-17.348,-7.811,0.005,3.851,9.159,-0.107,0.236,0.000,0.209,-0.132,3,-0.983,-0.950,1,0,0,0,3.388,9.613
525,0.000,-8.624,3.175,0.214,3.406,9.506,-0.137,-17.348,-7.811,-0.005,3.806,9.135,-0.259,0.237,0.000,0.209,-0.132,3,-0.987,-0.949,0,1,0,0,3.113,9.522
526,0.000,-8.646,3.131,0.225,3.693,9.712,0.351,-17.348,-7.811,-0.005,3.748,9.121,-0.473,0.238,0.000,0.209,-0.132,3,-0.983,-0.951,0,0,0,0,3.113,9.430
527,0.000,-8.668,3.087,0.236,3.760,9.789,0.809,-17.370,-7.811,0.016,3.619,9.166,-0.626,0.238,0.000,0.209,-0.132,3,-0.983,-0.950,0,0,3,0,3.388,9.430
528,0.000,-8.646,3.065,0.203,3.971,9.700,1.633,-17.392,-7.811,0.016,3.559,9.188,-0.809,0.239,0.000,0.209,-0.132,3,-0.983,-0.951,0,0,0,0,3.662,9.705
529,0.000,-8.646,3.021,0.236,4.035,9.631,2.304,-17.392,-7.811,0.000,3.758,9.111,-0.839,0.240,0.000,0.209,-0.132,3,-0.986,-0.950,3,0,0,0,3.754,9.705
530,0.000,-8.646,2.977,0.236,3.593,9.528,2.457,-17.392,-7.811,0.000,3.861,9.035,-0.778,0.241,0.000,0.209,-0.132,3,-0.985,-0.950,0,4,1,0,3.937,9.613
531,0.000,-8.668,2.933,0.225,3.200,9.415,2.304,-17.392,-7.811,0.000,3.803,9.001,-0.443,0.242,0.000,0.209,-0.132,3,-0.984,-0.951,0,0,0,0,4.028,9.613
532,0.000,-8.734,2.889,0.214,2.910,9.298,1.968,-17.370,-7.811,0.000,4.002,8.948,0.000,0.244,0.000,0.209,-0.132,3,-0.984,-0.950,0,0,3,0,3.571,9.522
533,0.000,-8.822,2.867,0.236,2.666,9.121,1.266,-17.326,-7.811,0.005,4.179,8.982,0.443,0.245,0.000,0.209,-0.132,3,-0.985,-0.949,0,0,0,0,3.113,9.339
534,0.000,-8.910,2.824,0.247,3.004,9.140,0.717,-17.304,-7.811,-0.016,4.165,9.200,0.565,0.246,0.000,0.209,-0.132,3,-0.985,-0.950,1,0,0,0,2.838,9.247
535,0.000,-8.932,2.780,0.236,3.456,9.317,0.656,-17.282,-7.811,0.005,4.098,9.262,0.656,0.247,0.000,0.209,-0.132,3,-0.985,-0.950,0,3,1,0,2.655,9.064
536,0.000,-8.976,2.736,0.236,3.365,9.291,0.900,-17.260,-7.811,0.005,3.870,9.260,0.595,0.248,0.000,0.209,-0.132,3,-0.985,-0.951,0,0,0,0,2.930,9.064
537,0.000,-8.998,2.692,0.236,3.372,9.269,0.992,-17.260,-7.811,0.000,3.760,9.221,0.443,0.249,0.000,0.209,-0.132,3,-0.984,-0.950,0,2,1,0,3.388,9.247
538,0.000,-9.020,2.648,0.236,3.533,9.276,0.992,-17.282,-7.811,-0.005,3.834,9.133,0.320,0.249,0.000,0.209,-0.132,3,-0.984,-0.948,0,0,0,1,3.296,9.247
539,0.000,-9.042,2.626,0.236,3.437,9.135,1.144,-17.260,-7.811,0.000,3.885,9.056,0.412,0.251,0.000,0.209,-0.132,3,-0.983,-0.951,0,0,0,0,3.296,9.247
540,0.000,-9.064,2.582,0.247,3.020,9.083,1.053,-17.260,-7.811,0.000,3.870,9.056,0.504,0.252,0.000,0.209,-0.132,3,-0.984,-0.951,1,0,0,0,3.479,9.247
541,0.000,-9.152,2.538,0.236,2.841,9.178,0.748,-17.260,-7.811,-0.005,3.918,9.130,0.504,0.253,0.000,0.209,-0.132,3,-0.984,-0.951,0,1,0,0,3.388,9.064
542,0.000,-9.218,2.494,0.258,2.910,9.154,0.626,-17.238,-7.811,-0.005,3.973,9.193,0.320,0.254,0.000,0.209,-0.132,3,-0.984,-0.950,0,3,2,0,3.021,9.064
543,0.000,-9.284,2.450,0.258,3.138,9.073,0.534,-17.238,-7.811,0.005,3.945,9.181,0.168,0.255,0.000,0.209,-0.132,3,-0.984,-0.950,0,0,2,0,2.838,9.155
544,0.000,-9.306,2.406,0.236,3.485,9.150,0.534,-17.238,-7.811,-0.005,3.858,9.162,0.107,0.256,0.000,0.209,-0.132,3,-0.983,-0.950,0,0,0,0,2.838,9.155
545,0.000,-9.306,2.362,0.258,3.696,9.202,0.870,-17.238,-7.811,0.005,3.729,9.195,0.000,0.258,0.000,0.209,-0.132,3,-0.984,-0.950,0,0,0,0,3.113,9.064
546,0.000,-9.306,2.318,0.236,3.806,9.236,1.114,-17.260,-7.811,-0.005,3.621,9.205,-0.046,0.259,0.000,0.209,-0.132,3,-0.984,-0.950,0,0,4,0,3.479,9.064
547,0.000,-9.306,2.296,0.247,3.669,9.238,1.083,-17.282,-7.811,-0.005,3.669,9.195,-0.046,0.260,0.000,0.209,-0.132,3,-0.984,-0.951,0,0,4,0,3.662,9.155
548,0.000,-9.306,2.252,0.258,3.305,9.154,1.236,-17.282,-7.811,0.005,3.739,9.176,-0.168,0.260,0.000,0.209,-0.132,3,-0.984,-0.951,0,0,3,0,3.754,9.155
549,0.000,-9.371,2.208,0.258,3.006,9.059,1.114,-17.304,-7.811,0.000,3.789,9.140,-0.015,0.261,0.000,0.209,-0.132,3,-0.983,-0.950,0,0,1,0,3.662,9.155
550,0.000,-9.437,2.164,0.258,2.798,9.044,0.534,-17.282,-7.811,0.005,3.885,9.126,0.076,0.262,0.000,0.209,-0.132,3,-0.984,-0.951,0,0,0,0,3.296,9.155
551,0.000,-9.525,2.120,0.247,2.767,9.097,-0.076,-17.282,-7.811,0.016,3.954,9.178,0.198,0.264,0.000,0.209,-0.132,3,-0.984,-0.950,0,0,0,0,2.930,8.972
552,0.000,-9.591,2.076,0.258,3.051,9.154,-0.290,-17.282,-7.811,0.005,3.937,9.217,0.229,0.265,0.000,0.209,-0.132,3,-0.985,-0.950,0,0,0,3,2.747,8.972
553,0.000,-9.635,2.033,0.258,3.411,9.202,-0.229,-17.260,-7.811,0.005,3.911,9.183,0.351,0.266,0.000,0.209,-0.132,3,-0.984,-0.950,3,0,0,1,2.747,9.064
554,0.000,-9.657,1.989,0.247,3.698,9.305,-0.076,-17.260,-7.811,0.005,3.801,9.183,0.381,0.267,0.000,0.209,-0.132,3,-0.983,-0.950,0,1,0,1,3.021,9.155
555,0.000,-9.635,1.945,0.258,3.885,9.394,0.015,-17.282,-7.811,-0.005,3.693,9.159,0.412,0.269,0.000,0.209,-0.132,3,-0.984,-0.952,0,0,0,0,3.388,9.155
556,0.000,-9.635,1.901,0.258,3.796,9.415,0.290,-17.304,-7.811,0.000,3.636,9.114,0.351,0.270,0.000,0.209,-0.132,3,-0.984,-0.951,0,0,0,3,3.662,9.247
557,0.000,-9.635,1.857,0.258,3.571,9.444,0.534,-17.326,-7.811,-0.005,3.490,9.090,0.290,0.271,0.000,0.209,-0.132,3,-0.984,-0.950,0,0,0,5,3.845,9.339
558,0.000,-9.657,1.835,0.280,3.399,9.454,0.504,-17.348,-7.811,0.000,3.449,9.063,0.198,0.271,0.000,0.209,-0.132,3,-0.984,-0.951,5,0,0,3,3.754,9.339
559,0.000,-9.701,1.791,0.236,3.308,9.444,0.259,-17.370,-7.811,-0.027,3.552,9.039,0.107,0.273,0.000,0.209,-0.132,3,-0.983,-0.951,0,0,0,0,3.571,9.430
560,0.000,-9.745,1.747,0.258,3.360,9.497,0.381,-17.392,-7.811,-0.005,3.743,9.044,0.198,0.273,0.000,0.209,-0.132,3,-0.984,-0.952,0,0,0,1,3.388,9.430
561,0.000,-9.789,1.703,0.269,3.461,9.597,0.565,-17.392,-7.811,0.000,3.820,9.073,0.320,0.274,0.000,0.209,-0.132,3,-0.984,-0.950,0,0,3,0,3.296,9.430
562,0.000,-9.811,1.659,0.280,3.597,9.597,0.473,-17.392,-7.811,0.005,3.770,9.159,0.168,0.276,0.000,0.209,-0.132,3,-0.984,-0.951,1,0,0,0,3.296,9.430
563,0.000,-9.833,1.615,0.258,3.791,9.588,0.626,-17.392,-7.811,-0.005,3.743,9.185,0.107,0.277,0.000,0.209,-0.132,3,-0.987,-0.951,1,0,0,0,3.388,9.522
564,0.000,-9.833,1.571,0.280,3.894,9.576,0.717,-17.414,-7.811,0.000,3.712,9.145,0.107,0.278,0.000,0.209,-0.132,3,-0.988,-0.950,0,1,0,0,3.571,9.522
565,0.000,-9.833,1.527,0.280,3.923,9.612,0.809,-17.414,-7.811,0.000,3.628,9.209,0.076,0.279,0.000,0.209,-0.132,3,-0.984,-0.951,0,0,0,0,3.754,9.522
566,0.000,-9.833,1.505,0.269,3.619,9.698,0.992,-17.458,-7.811,0.005,3.540,9.291,-0.015,0.281,0.000,0.209,-0.132,3,-0.983,-0.951,0,0,3,0,3.845,9.522
567,0.000,-9.877,1.461,0.291,3.267,9.581,0.931,-17.480,-7.811,0.005,3.549,9.279,-0.168,0.282,0.000,0.209,-0.132,3,-0.983,-0.952,0,0,0,0,3.845,9.522
568,0.000,-9.921,1.417,0.269,3.272,9.492,0.870,-17.501,-7.811,0.000,3.643,9.284,-0.229,0.282,0.000,0.209,-0.132,3,-0.987,-0.951,5,0,0,0,3.571,9.613
569,0.000,-9.987,1.373,0.236,3.291,9.504,0.748,-17.523,-7.811,0.000,3.782,9.274,0.000,0.283,0.000,0.209,-0.132,3,-0.984,-0.951,0,0,0,0,3.204,9.522
570,0.000,-10.031,1.329,0.291,3.401,9.552,0.656,-17.523,-7.811,0.000,3.849,9.248,0.076,0.284,0.000,0.209,-0.132,3,-0.984,-0.952,0,0,0,0,3.204,9.430
571,0.000,-10.075,1.285,0.280,3.401,9.593,0.778,-17.523,-7.811,0.000,3.842,9.272,0.015,0.285,0.000,0.209,-0.132,3,-0.985,-0.951,0,0,2,0,3.204,9.430
572,0.000,-10.119,1.263,0.258,3.353,9.542,0.961,-17.523,-7.811,-0.005,3.854,9.250,0.168,0.287,0.000,0.209,-0.132,3,-0.985,-0.951,0,0,0,0,3.388,9.522
573,0.000,-10.141,1.220,0.280,3.628,9.518,1.114,-17.501,-7.811,0.000,3.858,9.219,0.107,0.288,0.000,0.209,-0.132,3,-0.985,-0.951,2,0,0,0,3.388,9.522
574,0.000,-10.163,1.176,0.269,3.717,9.566,1.358,-17.501,-7.811,0.000,3.818,9.190,0.168,0.289,0.000,0.209,-0.132,3,-0.984,-0.951,0,2,1,0,3.296,9.522
575,0.000,-10.184,1.132,0.269,3.528,9.571,1.816,-17.523,-7.811,0.000,3.722,9.174,0.198,0.290,0.000,0.209,-0.132,3,-0.985,-0.950,0,0,0,0,3.571,9.430
576,0.000,-10.206,1.110,0.280,3.463,9.478,2.090,-17.523,-7.811,0.000,3.609,9.181,0.229,0.291,0.000,0.209,-0.132,3,-0.984,-0.951,0,2,4,0,3.662,9.522
577,0.000,-10.228,1.066,0.291,3.463,9.432,2.274,-17.523,-7.811,-0.005,3.875,9.116,0.351,0.292,0.000,0.209,-0.132,3,-0.984,-0.948,0,0,0,1,3.479,9.522
578,0.000,-10.272,1.022,0.280,3.468,9.518,2.426,-17.523,-7.811,-0.005,3.861,9.104,0.412,0.293,0.000,0.209,-0.132,3,-0.984,-0.951,0,0,1,0,3.388,9.430
579,0.000,-10.316,1.000,0.280,3.226,9.468,2.579,-17.523,-7.811,0.000,3.844,9.133,0.443,0.293,0.000,0.209,-0.132,3,-0.984,-0.951,1,0,0,0,3.388,9.430
580,0.000,-10.382,0.956,0.280,2.965,9.250,2.426,-17.501,-7.811,0.000,3.842,9.142,0.595,0.294,0.000,0.209,-0.132,3,-0.984,-0.951,0,1,0,0,3.388,9.430
581,0.000,-10.448,0.912,0.280,3.181,9.231,2.243,-17.501,-7.811,0.000,3.849,9.150,0.748,0.295,0.000,0.209,-0.132,3,-0.984,-0.950,0,2,3,0,3.204,9.430
582,0.000,-10.492,0.890,0.258,3.166,9.248,1.846,-17.501,-7.811,-0.005,3.913,9.097,0.687,0.296,0.000,0.209,-0.132,3,-0.985,-0.950,0,0,2,0,2.930,9.247
583,0.000,-10.558,0.846,0.302,2.917,9.176,1.297,-17.480,-7.811,0.000,3.899,9.123,0.534,0.298,0.000,0.209,-0.132,3,-0.983,-0.951,0,0,0,0,3.113,9.155
584,0.000,-10.624,0.802,0.280,3.090,9.150,0.961,-17.480,-7.811,0.000,3.856,9.212,0.504,0.298,0.000,0.209,-0.132,3,-0.984,-0.951,1,0,0,0,3.113,9.247
585,0.000,-10.668,0.780,0.280,3.253,9.310,1.022,-17.480,-7.811,0.000,3.832,9.214,0.412,0.299,0.000,0.209,-0.132,3,-0.984,-0.951,0,0,0,0,2.838,9.155
586,0.000,-10.734,0.736,0.302,3.116,9.315,1.022,-17.480,-7.811,-0.016,3.739,9.197,0.198,0.301,0.000,0.209,-0.132,3,-0.984,-0.952,0,0,3,0,3.021,9.064
587,0.000,-10.778,0.692,0.280,3.248,9.305,1.144,-17.480,-7.811,0.000,3.724,9.178,0.107,0.301,0.000,0.209,-0.132,3,-0.984,-0.950,0,0,3,0,3.204,9.247
588,0.000,-10.822,0.670,0.280,3.214,9.339,1.419,-17.480,-7.811,0.000,3.734,9.147,-0.015,0.303,0.000,0.209,-0.132,3,-0.983,-0.951,0,0,0,0,3.113,9.247
589,0.000,-10.888,0.626,0.302,2.963,9.164,1.450,-17.501,-7.811,-0.005,3.648,9.133,-0.046,0.304,0.000,0.209,-0.132,3,-0.984,-0.951,0,0,1,0,3.204,9.247
590,0.000,-10.932,0.582,0.280,3.032,9.202,1.450,-17.501,-7.811,0.000,3.688,9.047,-0.137,0.304,0.000,0.209,-0.132,3,-0.984,-0.951,0,0,1,0,3.204,9.339
591,0.000,-10.997,0.538,0.280,3.128,9.296,1.572,-17.523,-7.811,0.000,3.789,9.329,-0.137,0.305,0.000,0.209,-0.132,3,-0.985,-0.950,0,0,0,3,2.930,9.155
592,0.000,-11.041,0.516,0.302,3.128,9.336,1.572,-17.545,-7.811,0.000,3.344,9.597,-0.107,0.306,0.000,0.209,-0.132,3,-0.984,-0.951,3,0,0,3,3.021,9.155
593,0.000,-11.107,0.472,0.258,3.128,9.288,1.694,-17.589,-7.811,-0.005,3.379,9.159,-0.198,0.307,0.000,0.209,-0.132,3,-0.984,-0.951,0,2,0,1,3.113,9.247
594,0.000,-11.151,0.450,0.302,3.320,9.159,1.694,-17.589,-7.811,0.005,4.086,8.740,0.000,0.308,0.000,0.209,-0.132,3,-0.984,-0.952,0,0,0,0,3.113,9.247
595,0.000,-11.173,0.407,0.313,3.430,9.329,1.877,-17.545,-7.811,-0.005,4.019,8.853,0.259,0.309,0.000,0.209,-0.132,3,-0.984,-0.951,0,0,0,2,3.113,9.247
596,0.000,-11.195,0.385,0.280,3.341,9.466,1.877,-17.523,-7.811,0.000,3.971,8.891,0.443,0.310,0.000,0.209,-0.132,3,-0.984,-0.951,0,0,0,1,3.296,9.155
597,0.000,-11.239,0.341,0.313,3.284,9.212,1.572,-17.480,-7.811,-0.005,4.170,8.649,0.595,0.311,0.000,0.209,-0.132,3,-0.984,-0.951,0,0,0,0,3.388,9.247
598,0.000,-11.283,0.319,0.302,2.987,9.109,1.572,-17.414,-7.811,0.005,4.007,8.711,0.534,0.312,0.000,0.209,-0.132,3,-0.983,-0.951,0,0,0,0,3.296,9.430
599,0.000,-11.349,0.275,0.313,2.599,9.332,1.663,-17.392,-7.811,0.000,3.918,8.903,0.381,0.313,0.000,0.209,-0.132,3,-0.984,-0.950,0,0,0,1,3.204,9.155
600,0.000,-11.459,0.231,0.291,2.831,9.485,1.389,-17.370,-7.811,0.000,3.906,8.960,0.504,0.314,0.000,0.209,-0.132,3,-0.985,-0.951,0,0,2,0,2.930,9.064
601,0.000,-11.503,0.209,0.335,3.375,9.463,1.083,-17.348,-7.811,-0.016,3.954,8.994,0.626,0.314,0.000,0.209,-0.132,3,-0.984,-0.952,0,0,0,0,2.564,9.247
602,0.000,-11.547,0.165,0.302,3.451,9.434,0.809,-17.326,-7.811,-0.005,4.098,8.956,0.809,0.315,0.000,0.209,-0.132,3,-0.985,-0.951,2,0,0,0,2.747,9.430
603,0.000,-11.569,0.121,0.324,3.190,9.432,0.473,-17.304,-7.811,0.000,4.028,9.051,0.839,0.316,0.000,0.209,-0.132,3,-0.988,-0.951,0,2,0,0,3.296,9.430
604,0.000,-11.635,0.099,0.302,3.020,9.387,0.351,-17.282,-7.811,0.000,3.786,9.241,0.656,0.317,0.000,0.209,-0.132,3,-0.984,-0.950,0,0,0,0,3.388,9.430
605,0.000,-11.701,0.055,0.324,2.975,9.391,0.046,-17.304,-7.811,0.000,3.576,9.332,0.412,0.318,0.000,0.209,-0.132,3,-0.984,-0.951,0,0,3,0,3.113,9.430
606,0.000,-11.767,0.011,0.324,3.080,9.525,-0.137,-17.348,-7.811,-0.005,3.391,9.403,-0.015,0.319,0.000,0.209,-0.132,3,-0.985,-0.952,0,0,0,0,3.021,9.339
607,0.000,-11.810,0.000,0.280,3.238,9.645,-0.168,-17.414,-7.811,-0.005,3.327,9.408,-0.473,0.320,0.000,0.209,-0.132,3,-0.987,-0.951,5,0,0,0,2.930,9.339
608,0.000,-11.854,-0.011,0.335,3.435,9.624,-0.076,-17.458,-7.811,0.000,3.557,9.269,-0.626,0.321,0.000,0.209,-0.132,3,-0.985,-0.952,0,2,0,0,3.021,9.522
609,0.000,-11.876,-0.055,0.324,3.664,9.535,0.107,-17.458,-7.811,0.000,3.832,9.130,-0.473,0.322,0.000,0.209,-0.132,3,-0.984,-0.952,4,0,0,0,3.204,9.613
610,0.000,-11.876,-0.077,0.324,3.782,9.552,0.320,-17.458,-7.811,0.000,4.024,9.083,-0.198,0.323,0.000,0.209,-0.132,3,-0.984,-0.951,0,0,3,0,3.388,9.613
611,0.000,-11.876,-0.121,0.302,3.581,9.542,0.626,-17.414,-7.811,0.000,4.086,9.095,0.015,0.324,0.000,0.209,-0.132,3,-0.985,-0.950,0,0,0,0,3.662,9.522
612,0.000,-11.898,-0.143,0.346,3.152,9.449,0.748,-17.392,-7.811,0.000,3.945,9.138,0.046,0.325,0.000,0.209,-0.132,3,-0.985,-0.951,2,0,0,0,3.754,9.522
613,0.000,-11.942,-0.187,0.313,3.202,9.463,0.748,-17.392,-7.811,-0.005,3.784,9.083,0.046,0.325,0.000,0.209,-0.132,3,-0.985,-0.951,0,2,1,0,3.571,9.522
614,0.000,-11.986,-0.209,0.313,3.492,9.566,1.022,-17.392,-7.811,-0.005,3.707,9.025,0.259,0.325,0.000,0.209,-0.132,3,-0.985,-0.951,0,0,0,0,3.113,9.430
615,0.000,-12.008,-0.253,0.335,3.396,9.638,1.266,-17.414,-7.811,0.000,3.643,9.059,0.290,0.327,0.000,0.209,-0.132,3,-0.984,-0.951,0,3,2,0,3.113,9.430
616,0.000,-12.052,-0.297,0.313,3.133,9.597,1.175,-17.414,-7.811,0.000,3.576,9.123,0.259,0.327,0.000,0.209,-0.132,3,-0.984,-0.953,0,0,1,0,3.479,9.522
617,0.000,-12.118,-0.319,0.324,3.102,9.569,1.022,-17.436,-7.811,0.000,3.624,9.150,0.290,0.329,0.000,0.209,-0.132,3,-0.983,-0.951,0,0,0,0,3.388,9.613
618,0.000,-12.162,-0.363,0.313,3.130,9.535,0.900,-17.458,-7.811,0.000,3.794,9.197,0.320,0.330,0.000,0.209,-0.132,3,-0.984,-0.952,0,0,0,0,3.113,9.522
619,0.000,-12.228,-0.385,0.313,3.176,9.564,0.839,-17.458,-7.811,0.000,3.870,9.291,0.290,0.330,0.000,0.209,-0.132,3,-0.984,-0.951,1,1,2,0,3.021,9.522
620,0.000,-12.272,-0.428,0.357,3.286,9.638,0.809,-17.458,-7.811,0.000,3.813,9.339,0.320,0.332,0.000,0.209,-0.132,3,-0.984,-0.951,0,1,3,0,3.113,9.522
621,0.000,-12.316,-0.450,0.291,3.288,9.559,0.565,-17.458,-7.811,0.000,3.803,9.265,0.381,0.332,0.000,0.209,-0.132,3,-0.984,-0.951,0,0,1,0,3.113,9.522
622,0.000,-12.338,-0.494,0.324,3.339,9.439,0.351,-17.458,-7.811,0.000,3.786,9.183,0.290,0.334,0.000,0.209,-0.132,3,-0.983,-0.951,0,0,0,0,3.204,9.613
623,0.000,-12.360,-0.516,0.302,3.456,9.377,0.168,-17.458,-7.811,-0.005,3.830,9.063,0.259,0.334,0.000,0.209,-0.132,3,-0.984,-0.951,1,0,0,0,3.204,9.522
624,0.000,-12.382,-0.560,0.335,3.458,9.360,0.000,-17.458,-7.811,0.000,3.818,9.037,0.351,0.335,0.000,0.209,-0.132,3,-0.984,-0.951,0,0,0,0,3.296,9.430
625,0.000,-12.404,-0.604,0.335,3.279,9.382,-0.168,-17.458,-7.811,0.000,3.784,9.104,0.259,0.336,0.000,0.209,-0.132,3,-0.984,-0.951,0,0,6,0,3.388,9.339
626,0.000,-12.448,-0.626,0.324,3.121,9.365,-0.473,-17.458,-7.811,0.000,3.765,9.145,0.107,0.336,0.000,0.209,-0.132,3,-0.984,-0.949,0,0,0,0,3.388,9.339
627,0.000,-12.492,-0.670,0.335,3.277,9.389,-0.595,-17.458,-7.811,0.000,3.777,9.166,0.015,0.338,0.000,0.209,-0.132,3,-0.983,-0.951,0,1,0,0,3.204,9.339
628,0.000,-12.514,-0.714,0.335,3.356,9.355,-0.534,-17.458,-7.811,0.000,3.719,9.162,-0.107,0.338,0.000,0.209,-0.132,3,-0.984,-0.951,0,0,1,0,3.113,9.339
629,0.000,-12.536,-0.736,0.346,3.614,9.468,-0.168,-17.480,-7.811,0.005,3.552,9.193,-0.320,0.339,0.000,0.209,-0.132,3,-0.984,-0.951,0,0,0,1,3.204,9.339
630,0.000,-12.536,-0.780,0.291,3.712,9.597,0.351,-17.501,-7.811,0.005,3.442,9.150,-0.565,0.341,0.000,0.209,-0.132,3,-0.985,-0.951,0,0,0,3,3.296,9.339
631,0.000,-12.536,-0.802,0.346,3.480,9.535,0.870,-17.545,-7.811,0.000,3.403,9.061,-0.534,0.341,0.000,0.209,-0.132,3,-0.984,-0.951,2,0,0,0,3.571,9.430
632,0.000,-12.558,-0.846,0.335,3.566,9.525,1.114,-17.567,-7.811,-0.005,3.449,9.042,-0.504,0.343,0.000,0.209,-0.132,3,-0.983,-0.951,0,1,0,0,3.662,9.522
633,0.000,-12.558,-0.868,0.313,3.645,9.461,1.480,-17.589,-7.811,-0.005,3.569,8.960,-0.443,0.343,0.000,0.209,-0.132,3,-0.984,-0.953,0,0,0,0,3.479,9.522
634,0.000,-12.580,-0.890,0.357,3.365,9.394,1.816,-17.611,-7.811,0.000,3.624,8.977,-0.412,0.344,0.000,0.209,-0.132,3,-0.985,-0.951,0,0,0,1,3.479,9.522
635,0.000,-12.602,-0.912,0.313,3.116,9.470,2.121,-17.611,-7.811,-0.005,3.652,9.066,-0.168,0.345,0.000,0.209,-0.132,3,-0.984,-0.951,0,0,0,3,3.571,9.430
636,0.000,-12.645,-0.934,0.346,3.356,9.564,2.548,-17.611,-7.811,0.000,3.775,9.080,-0.046,0.346,0.000,0.209,-0.132,3,-0.984,-0.952,0,0,0,0,3.296,9.339
637,0.000,-12.667,-0.978,0.357,3.447,9.490,2.548,-17.611,-7.811,0.000,3.863,9.042,0.000,0.346,0.000,0.209,-0.132,3,-0.983,-0.951,0,0,0,0,3.113,9.430
638,0.000,-12.689,-1.000,0.324,3.322,9.494,2.670,-17.589,-7.811,-0.005,3.889,8.996,0.259,0.347,0.000,0.209,-0.132,3,-0.984,-0.950,0,0,0,1,3.296,9.522
639,0.000,-12.711,-1.022,0.291,3.468,9.557,3.037,-17.567,-7.811,0.005,3.909,9.037,0.504,0.347,0.000,0.209,-0.132,3,-0.985,-0.951,0,0,3,0,3.388,9.430
640,0.000,-12.733,-1.044,0.346,3.274,9.504,2.945,-17.567,-7.811,0.000,3.916,9.102,0.626,0.348,0.000,0.209,-0.132,3,-0.983,-0.952,0,0,0,0,3.296,9.430
641,0.000,-12.777,-1.066,0.346,2.941,9.523,2.823,-17.545,-7.811,0.005,3.956,9.097,0.809,0.349,0.000,0.209,-0.132,3,-0.987,-0.951,1,0,0,0,3.388,9.522
642,0.000,-12.843,-1.088,0.280,2.999,9.540,2.701,-17.523,-7.811,-0.005,3.968,9.080,0.839,0.349,0.000,0.209,-0.132,3,-0.988,-0.951,0,1,0,0,3.204,9.430
643,0.000,-12.909,-1.110,0.335,3.047,9.470,2.609,-17.501,-7.811,0.000,3.889,9.102,0.717,0.350,0.000,0.209,-0.132,3,-0.986,-0.951,0,0,0,0,2.930,9.522
644,0.000,-12.953,-1.132,0.335,3.023,9.439,2.640,-17.501,-7.811,0.016,3.832,9.183,0.565,0.350,0.000,0.209,-0.132,3,-0.983,-0.952,0,0,3,0,2.930,9.522
645,0.000,-13.019,-1.176,0.390,3.063,9.509,2.670,-17.501,-7.811,-0.005,3.861,9.291,0.504,0.351,0.000,0.209,-0.132,3,-0.983,-0.952,0,0,0,0,3.021,9.430
646,0.000,-13.063,-1.198,0.324,3.171,9.487,2.548,-17.501,-7.811,0.000,3.913,9.317,0.381,0.352,0.000,0.209,-0.132,3,-0.987,-0.952,5,0,0,0,3.021,9.430
647,0.000,-13.085,-1.220,0.379,3.272,9.358,2.457,-17.480,-7.811,0.000,3.956,9.279,0.320,0.353,0.000,0.209,-0.132,3,-0.985,-0.952,0,3,0,0,3.021,9.430
648,0.000,-13.129,-1.241,0.401,3.341,9.344,2.579,-17.480,-7.811,-0.005,3.940,9.245,0.351,0.354,0.000,0.209,-0.132,3,-0.984,-0.950,0,0,0,0,3.113,9.430
649,0.000,-13.151,-1.263,0.335,3.183,9.353,2.518,-17.458,-7.811,0.000,3.889,9.214,0.107,0.354,0.000,0.209,-0.132,3,-0.985,-0.951,0,3,2,0,3.204,9.339
650,0.000,-13.195,-1.307,0.313,2.977,9.269,2.304,-17.458,-7.811,-0.016,3.892,9.224,0.076,0.355,0.000,0.209,-0.132,3,-0.985,-0.951,0,0,0,0,3.296,9.339
651,0.000,-13.261,-1.329,0.324,2.829,9.037,1.877,-17.458,-7.811,-0.005,3.930,9.248,0.168,0.355,0.000,0.209,-0.132,3,-0.985,-0.951,1,0,0,0,3.113,9.339
652,0.000,-13.327,-1.351,0.335,2.680,8.846,1.297,-17.436,-7.811,0.000,3.990,9.229,0.137,0.357,0.000,0.209,-0.132,3,-0.985,-0.952,0,2,1,0,2.930,9.247
653,0.000,-13.393,-1.395,0.324,2.721,8.786,0.504,-17.414,-7.811,0.000,4.069,9.245,0.137,0.357,0.000,0.209,-0.132,3,-0.985,-0.951,0,0,1,0,2.747,8.972
654,0.000,-13.458,-1.417,0.324,2.886,8.762,0.015,-17.392,-7.811,0.000,4.134,9.300,0.443,0.358,0.000,0.209,-0.132,3,-0.984,-0.952,0,2,2,0,2.655,8.789
655,0.000,-13.480,-1.461,0.379,3.018,8.774,-0.168,-17.370,-7.811,0.005,4.107,9.317,0.381,0.358,0.000,0.209,-0.132,3,-0.984,-0.950,0,0,0,0,2.655,8.698
656,0.000,-13.524,-1.483,0.346,3.011,8.740,-0.534,-17.370,-7.811,0.000,3.971,9.284,0.351,0.359,0.000,0.209,-0.132,3,-0.983,-0.952,0,0,0,0,2.838,8.698
657,0.000,-13.546,-1.505,0.357,3.176,8.755,-0.870,-17.370,-7.811,0.005,3.755,9.233,0.351,0.360,0.000,0.209,-0.132,3,-0.984,-0.952,0,0,0,0,2.930,8.698
658,0.000,-13.546,-1.549,0.379,3.509,8.848,-0.839,-17.370,-7.811,-0.005,3.674,9.176,0.229,0.361,0.000,0.209,-0.132,3,-0.984,-0.952,0,0,0,0,2.930,8.698
659,0.000,-13.502,-1.571,0.346,3.645,8.946,-0.504,-17.392,-7.811,0.000,3.638,9.135,0.107,0.361,0.000,0.209,-0.132,3,-0.983,-0.951,0,1,0,0,3.113,8.698
660,0.000,-13.480,-1.593,0.368,3.494,9.004,-0.320,-17.414,-7.811,-0.005,3.552,9.090,0.137,0.363,0.000,0.209,-0.132,3,-0.984,-0.951,0,0,1,0,3.479,8.789
661,0.000,-13.480,-1.637,0.368,3.339,9.018,-0.107,-17.436,-7.811,0.005,3.590,9.013,0.198,0.363,0.000,0.209,-0.132,3,-0.983,-0.951,0,0,0,0,3.571,8.881
662,0.000,-13.480,-1.659,0.379,3.423,9.106,0.000,-17.436,-7.811,-0.005,3.669,8.948,0.259,0.364,0.000,0.209,-0.132,3,-0.984,-0.951,1,0,0,0,3.479,8.972
663,0.000,-13.502,-1.681,0.357,3.391,9.150,0.076,-17.436,-7.811,-0.016,3.650,8.922,0.290,0.365,0.000,0.209,-0.132,3,-0.984,-0.952,0,0,5,0,3.296,8.972
664,0.000,-13.502,-1.703,0.335,3.207,9.217,0.229,-17.458,-7.811,0.005,3.664,8.951,0.259,0.366,0.000,0.209,-0.132,3,-0.984,-0.952,0,0,5,0,3.388,9.064
665,0.000,-13.524,-1.725,0.335,3.470,9.406,0.381,-17.458,-7.811,0.000,3.741,8.965,0.259,0.366,0.000,0.209,-0.132,3,-0.984,-0.950,0,0,0,1,3.388,9.064
666,0.000,-13.524,-1.747,0.401,3.767,9.545,0.473,-17.458,-7.811,0.000,3.696,9.032,0.351,0.367,0.000,0.209,-0.132,3,-0.983,-0.952,0,0,0,0,3.204,9.155
667,0.000,-13.502,-1.791,0.335,3.645,9.672,0.351,-17.458,-7.811,0.000,3.595,9.063,0.351,0.368,0.000,0.209,-0.132,3,-0.984,-0.952,0,0,0,0,3.388,9.339
668,0.000,-13.502,-1.813,0.302,3.741,9.753,0.046,-17.480,-7.811,0.000,3.648,9.068,0.137,0.368,0.000,0.209,-0.132,3,-0.984,-0.952,0,0,0,0,3.754,9.522
669,0.000,-13.524,-1.835,0.390,3.691,9.942,0.000,-17.501,-7.811,0.000,3.645,9.150,0.137,0.369,0.000,0.209,-0.132,3,-0.984,-0.951,0,2,0,0,3.571,9.613
670,0.000,-13.524,-1.857,0.390,3.516,10.002,-0.046,-17.501,-7.811,0.005,3.650,9.221,0.107,0.369,0.000,0.209,-0.132,3,-0.984,-0.951,0,0,0,0,3.662,9.705
671,0.000,-13.568,-1.901,0.324,3.394,9.980,-0.229,-17.523,-7.811,0.005,3.688,9.300,-0.015,0.370,0.000,0.209,-0.132,3,-0.983,-0.952,0,0,1,0,3.662,9.888
672,0.000,-13.590,-1.923,0.368,3.545,10.083,-0.381,-17.545,-7.811,0.016,3.657,9.317,-0.046,0.370,0.000,0.209,-0.132,3,-0.984,-0.953,0,0,0,0,3.479,9.979
673,0.000,-13.612,-1.945,0.379,3.648,10.093,-0.229,-17.567,-7.811,-0.005,3.667,9.293,-0.076,0.372,0.000,0.209,-0.132,3,-0.985,-0.951,0,0,0,1,3.388,9.979
674,0.000,-13.634,-1.967,0.368,3.712,10.098,-0.259,-17.589,-7.811,0.000,3.662,9.351,-0.259,0.372,0.000,0.209,-0.132,3,-0.984,-0.952,0,0,0,2,3.479,10.071
675,0.000,-13.634,-2.011,0.346,3.830,10.124,-0.076,-17.589,-7.811,0.000,3.700,9.382,-0.351,0.373,0.000,0.209,-0.132,3,-0.984,-0.952,0,0,0,0,3.571,10.071
676,0.000,-13.634,-2.033,0.346,3.897,10.093,0.320,-17.611,-7.811,-0.016,3.700,9.348,-0.504,0.374,0.000,0.209,-0.132,3,-0.983,-0.952,0,0,0,0,3.662,10.071
677,0.000,-13.634,-2.054,0.401,3.705,9.964,0.534,-17.633,-7.811,0.005,3.664,9.332,-0.534,0.375,0.000,0.209,-0.132,3,-0.985,-0.951,0,0,0,1,3.754,10.071
678,0.000,-13.656,-2.076,0.335,3.528,9.851,0.870,-17.655,-7.811,0.000,3.650,9.320,-0.534,0.375,0.000,0.209,-0.132,3,-0.984,-0.952,0,0,2,0,3.845,10.071
679,0.000,-13.678,-2.098,0.379,3.545,9.753,1.022,-17.655,-7.811,-0.005,3.719,9.315,-0.565,0.376,0.000,0.209,-0.132,3,-0.985,-0.952,0,0,0,0,3.662,9.888
680,0.000,-13.700,-2.142,0.390,3.578,9.643,1.144,-17.655,-7.811,0.000,3.775,9.298,-0.290,0.377,0.000,0.209,-0.132,3,-0.985,-0.952,0,0,0,0,3.479,9.796
681,0.000,-13.700,-2.164,0.401,3.506,9.516,1.297,-17.677,-7.811,0.000,3.822,9.288,-0.168,0.377,0.000,0.209,-0.132,3,-0.988,-0.951,0,1,0,1,3.479,9.705
682,0.000,-13.722,-2.186,0.357,3.387,9.372,1.450,-17.655,-7.811,0.000,3.933,9.288,-0.137,0.379,0.000,0.209,-0.132,3,-0.986,-0.951,0,0,0,1,3.571,9.613
683,0.000,-13.744,-2.208,0.324,3.411,9.317,1.602,-17.655,-7.811,-0.016,3.983,9.253,0.046,0.379,0.000,0.209,-0.132,3,-0.983,-0.952,0,0,3,0,3.479,9.430
684,0.000,-13.766,-2.230,0.379,3.437,9.238,1.785,-17.633,-7.811,0.000,3.949,9.269,0.229,0.379,0.000,0.209,-0.132,3,-0.983,-0.953,0,0,1,0,3.388,9.339
685,0.000,-13.766,-2.274,0.401,3.418,9.166,1.694,-17.633,-7.811,0.000,3.849,9.281,0.443,0.379,0.000,0.209,-0.132,3,-0.987,-0.952,4,0,0,0,3.388,9.247
686,0.000,-13.766,-2.274,0.368,3.296,9.080,1.663,-17.611,-7.811,0.000,3.832,9.214,0.443,0.380,0.000,0.209,-0.132,3,-0.985,-0.953,0,3,1,0,3.388,9.155
687,0.000,-13.810,-2.318,0.335,3.157,9.047,1.663,-17.611,-7.811,0.000,3.892,9.236,0.443,0.381,0.000,0.209,-0.132,3,-0.984,-0.953,0,0,1,0,3.388,9.155
688,0.000,-13.832,-2.340,0.368,3.200,9.061,1.785,-17.611,-7.811,0.005,3.875,9.253,0.259,0.381,0.000,0.209,-0.132,3,-0.985,-0.952,0,0,3,0,3.296,9.064
689,0.000,-13.854,-2.362,0.412,3.243,9.051,1.968,-17.611,-7.811,0.005,3.842,9.219,0.504,0.383,0.000,0.209,-0.132,3,-0.985,-0.952,0,0,0,0,3.113,8.972
690,0.000,-13.876,-2.384,0.379,3.217,9.054,1.968,-17.589,-7.811,0.005,3.837,9.205,0.473,0.383,0.000,0.209,-0.132,3,-0.984,-0.952,2,0,0,0,3.113,8.972
691,0.000,-13.898,-2.406,0.368,3.236,9.104,1.968,-17.589,-7.811,0.000,3.820,9.164,0.229,0.384,0.000,0.209,-0.132,3,-0.984,-0.952,0,0,0,0,3.204,8.972
692,0.000,-13.920,-2.428,0.335,3.186,9.152,2.182,-17.589,-7.811,0.000,3.820,9.114,0.229,0.384,0.000,0.209,-0.132,3,-0.985,-0.952,0,0,0,0,3.204,8.972
693,0.000,-13.964,-2.450,0.379,3.142,9.085,2.243,-17.589,-7.811,0.005,3.806,9.073,0.320,0.385,0.000,0.209,-0.132,3,-0.985,-0.952,0,2,1,0,3.204,9.064
694,0.000,-13.986,-2.472,0.313,3.102,9.013,2.365,-17.567,-7.811,0.005,3.827,9.044,0.351,0.386,0.000,0.209,-0.132,3,-0.984,-0.950,0,0,0,0,3.113,9.064
695,0.000,-14.030,-2.494,0.379,3.008,9.013,2.335,-17.567,-7.811,0.005,3.846,9.023,0.290,0.386,0.000,0.209,-0.132,3,-0.984,-0.952,0,0,1,0,3.113,9.064
696,0.000,-14.074,-2.516,0.379,2.884,9.016,1.999,-17.545,-7.811,0.005,3.844,9.004,0.259,0.387,0.000,0.209,-0.132,3,-0.984,-0.952,0,0,0,0,3.021,8.972
697,0.000,-14.140,-2.538,0.335,2.898,8.987,1.602,-17.545,-7.811,0.000,3.880,8.987,0.137,0.388,0.000,0.209,-0.132,3,-0.984,-0.952,1,2,0,0,2.930,8.972
698,0.000,-14.184,-2.560,0.390,3.028,8.989,1.205,-17.523,-7.811,0.000,3.899,9.039,0.000,0.388,0.000,0.209,-0.132,3,-0.984,-0.952,0,2,3,0,2.838,8.972
699,0.000,-14.228,-2.582,0.401,2.994,9.042,0.992,-17.501,-7.811,0.005,3.885,9.059,0.259,0.389,0.000,0.209,-0.132,3,-0.985,-0.951,1,0,0,2,2.838,8.972
700,0.000,-14.271,-2.604,0.390,3.016,9.080,0.778,-17.501,-7.811,0.000,3.839,9.083,0.290,0.390,0.000,0.209,-0.132,3,-0.983,-0.952,0,0,0,0,3.021,8.972
701,0.000,-14.315,-2.648,0.390,3.087,9.049,0.259,-17.501,-7.811,0.000,3.820,9.118,0.000,0.390,0.000,0.209,-0.132,3,-0.984,-0.952,1,0,0,0,2.930,8.972
702,0.000,-14.359,-2.670,0.346,3.152,9.085,0.107,-17.480,-7.811,-0.016,3.846,9.027,-0.015,0.390,0.000,0.209,-0.132,3,-0.984,-0.952,0,1,0,0,2.930,9.064
703,0.000,-14.381,-2.692,0.423,3.260,9.219,0.259,-17.480,-7.811,0.000,3.849,8.980,0.015,0.391,0.000,0.209,-0.132,3,-0.984,-0.952,0,0,3,0,3.021,8.972
704,0.000,-14.403,-2.714,0.379,3.195,9.236,0.320,-17.458,-7.811,0.000,3.856,8.958,0.000,0.392,0.000,0.209,-0.132,3,-0.984,-0.952,0,0,1,0,3.113,9.064
705,0.000,-14.447,-2.758,0.401,3.162,9.217,0.473,-17.436,-7.811,0.000,3.834,8.884,-0.046,0.392,0.000,0.209,-0.132,3,-0.983,-0.952,0,0,0,0,3.204,9.155
706,0.000,-14.469,-2.780,0.357,3.212,9.217,0.565,-17.436,-7.811,-0.005,3.801,8.901,-0.107,0.393,0.000,0.209,-0.132,3,-0.984,-0.953,0,0,0,0,3.113,9.155
707,0.000,-14.513,-2.802,0.346,3.224,9.212,0.595,-17.414,-7.811,0.005,3.832,8.908,0.000,0.394,0.000,0.209,-0.132,3,-0.984,-0.952,0,0,0,0,3.113,9.155
708,0.000,-14.535,-2.824,0.401,3.260,9.296,0.656,-17.414,-7.811,0.000,3.882,8.946,0.076,0.395,0.000,0.209,-0.132,3,-0.984,-0.952,0,0,0,2,3.204,9.155
709,0.000,-14.557,-2.846,0.390,3.274,9.355,0.595,-17.392,-7.811,0.005,3.894,9.004,0.076,0.395,0.000,0.209,-0.132,3,-0.984,-0.951,0,0,0,0,3.204,9.155
710,0.000,-14.579,-2.867,0.368,3.379,9.353,0.595,-17.370,-7.811,0.000,3.906,9.013,0.168,0.396,0.000,0.209,-0.132,3,-0.983,-0.952,0,0,0,0,3.204,9.247
711,0.000,-14.579,-2.889,0.412,3.492,9.396,0.626,-17.370,-7.811,0.005,3.935,9.030,0.443,0.397,0.000,0.209,-0.132,3,-0.984,-0.953,0,0,0,0,3.204,9.339
712,0.000,-14.601,-2.933,0.390,3.432,9.485,0.900,-17.348,-7.811,0.005,3.889,9.106,0.595,0.397,0.000,0.209,-0.132,3,-0.985,-0.952,0,0,0,1,3.296,9.339
713,0.000,-14.623,-2.955,0.368,3.291,9.494,1.053,-17.348,-7.811,0.005,3.779,9.183,0.656,0.398,0.000,0.209,-0.132,3,-0.984,-0.952,0,0,0,3,3.479,9.339
714,0.000,-14.645,-2.977,0.368,3.363,9.518,1.053,-17.348,-7.811,0.000,3.763,9.214,0.443,0.399,0.000,0.209,-0.132,3,-0.984,-0.952,0,0,0,0,3.388,9.430
715,0.000,-14.667,-2.999,0.423,3.468,9.573,1.022,-17.348,-7.811,0.005,3.825,9.174,0.443,0.400,0.000,0.209,-0.132,3,-0.983,-0.952,0,0,0,0,3.204,9.430
716,0.000,-14.689,-3.021,0.401,3.346,9.588,1.083,-17.348,-7.811,0.000,3.918,9.195,0.626,0.400,0.000,0.209,-0.132,3,-0.984,-0.951,0,0,0,0,3.296,9.430
717,0.000,-14.711,-3.043,0.346,3.279,9.597,0.992,-17.348,-7.811,-0.016,4.009,9.233,0.687,0.401,0.000,0.209,-0.132,3,-0.984,-0.952,0,0,3,0,3.388,9.522
718,0.000,-14.755,-3.065,0.423,3.387,9.655,0.900,-17.326,-7.811,0.000,4.062,9.272,0.717,0.401,0.000,0.209,-0.132,3,-0.984,-0.953,0,0,0,0,3.296,9.522
719,0.000,-14.777,-3.087,0.401,3.444,9.672,0.778,-17.304,-7.811,0.000,4.024,9.353,0.778,0.401,0.000,0.209,-0.132,3,-0.986,-0.952,2,0,0,0,3.204,9.522
720,0.000,-14.799,-3.109,0.412,3.365,9.602,0.687,-17.304,-7.811,0.016,3.911,9.363,0.717,0.402,0.000,0.209,-0.132,3,-0.986,-0.952,0,1,0,1,3.388,9.613
721,0.000,-14.821,-3.153,0.357,3.482,9.683,0.809,-17.304,-7.811,0.000,3.827,9.332,0.534,0.403,0.000,0.209,-0.132,3,-0.985,-0.952,0,0,0,0,3.388,9.613
722,0.000,-14.843,-3.175,0.412,3.494,9.739,0.931,-17.326,-7.811,0.000,3.820,9.344,0.381,0.403,0.000,0.209,-0.132,3,-0.982,-0.952,0,0,3,0,3.296,9.522
723,0.000,-14.865,-3.197,0.445,3.473,9.710,1.083,-17.326,-7.811,0.000,3.813,9.372,0.137,0.404,0.000,0.209,-0.132,3,-0.985,-0.953,0,0,0,0,3.479,9.613
724,0.000,-14.865,-3.219,0.368,3.619,9.765,1.266,-17.348,-7.811,0.000,3.784,9.329,0.000,0.405,0.000,0.209,-0.132,3,-0.987,-0.952,4,0,0,0,3.479,9.705
725,0.000,-14.887,-3.241,0.390,3.502,9.767,1.541,-17.348,-7.811,0.000,3.748,9.279,0.076,0.406,0.000,0.209,-0.132,3,-0.984,-0.952,0,3,0,0,3.388,9.705
726,0.000,-14.909,-3.263,0.434,3.281,9.664,1.755,-17.370,-7.811,0.000,3.775,9.274,0.168,0.406,0.000,0.209,-0.132,3,-0.984,-0.954,1,0,0,0,3.571,9.705
727,0.000,-14.953,-3.285,0.379,3.238,9.552,1.755,-17.370,-7.811,0.000,3.818,9.265,0.168,0.407,0.000,0.209,-0.132,3,-0.985,-0.952,0,0,1,0,3.479,9.705
728,0.000,-14.975,-3.307,0.390,3.245,9.458,1.663,-17.370,-7.811,0.005,3.842,9.243,0.168,0.408,0.000,0.209,-0.132,3,-0.985,-0.951,0,0,0,0,3.204,9.613
729,0.000,-15.019,-3.329,0.434,3.363,9.485,1.694,-17.370,-7.811,0.016,3.875,9.200,0.290,0.408,0.000,0.209,-0.132,3,-0.984,-0.952,1,0,2,0,3.204,9.522
730,0.000,-15.041,-3.351,0.368,3.363,9.458,1.572,-17.370,-7.811,0.005,3.892,9.164,0.443,0.409,0.000,0.209,-0.132,3,-0.984,-0.952,0,1,0,0,3.204,9.430
731,0.000,-15.062,-3.373,0.412,3.226,9.310,1.602,-17.370,-7.811,0.000,3.870,9.157,0.443,0.409,0.000,0.209,-0.132,3,-0.985,-0.953,1,0,0,0,3.296,9.430
732,0.000,-15.084,-3.395,0.379,3.332,9.265,1.663,-17.348,-7.811,0.005,3.815,9.116,0.504,0.410,0.000,0.209,-0.132,3,-0.984,-0.952,0,3,1,0,3.296,9.430
733,0.000,-15.084,-3.417,0.379,3.394,9.245,1.663,-17.348,-7.811,0.016,3.830,9.071,0.656,0.411,0.000,0.209,-0.132,3,-0.984,-0.951,0,0,0,0,3.204,9.247
734,0.000,-15.128,-3.461,0.379,3.121,9.253,1.541,-17.348,-7.811,0.000,3.842,9.075,0.687,0.411,0.000,0.209,-0.132,3,-0.983,-0.952,0,0,1,0,3.296,9.247
735,0.000,-15.150,-3.461,0.379,3.183,9.219,1.480,-17.348,-7.811,0.000,3.777,9.073,0.656,0.412,0.000,0.209,-0.132,3,-0.984,-0.953,1,0,0,0,3.388,9.155
736,0.000,-15.194,-3.483,0.390,3.020,9.197,1.572,-17.348,-7.811,0.000,3.736,9.071,0.565,0.412,0.000,0.209,-0.132,3,-0.984,-0.952,3,1,0,0,3.113,9.247
737,0.000,-15.238,-3.505,0.401,3.128,9.315,1.755,-17.348,-7.811,0.000,3.763,9.035,0.565,0.412,0.000,0.209,-0.132,3,-0.984,-0.952,0,1,3,0,3.113,9.155
738,0.000,-15.260,-3.527,0.445,3.226,9.315,2.060,-17.348,-7.811,-0.016,3.763,9.030,0.412,0.413,0.000,0.209,-0.132,3,-0.984,-0.952,0,0,1,0,3.021,9.155
739,0.000,-15.282,-3.549,0.434,3.253,9.346,2.152,-17.370,-7.811,0.000,3.667,9.032,0.259,0.414,0.000,0.209,-0.132,3,-0.983,-0.952,0,0,0,0,3.113,9.247
740,0.000,-15.304,-3.571,0.412,3.241,9.351,2.243,-17.370,-7.811,-0.016,3.631,8.977,0.320,0.414,0.000,0.209,-0.132,3,-0.984,-0.952,1,0,0,0,3.204,9.247
741,0.000,-15.326,-3.593,0.423,3.224,9.315,2.426,-17.392,-7.811,0.016,3.652,8.987,0.412,0.415,0.000,0.209,-0.132,3,-0.984,-0.952,0,0,5,0,3.204,9.339
742,0.000,-15.370,-3.615,0.379,3.116,9.296,2.548,-17.392,-7.811,0.005,3.688,8.994,0.595,0.415,0.000,0.209,-0.132,3,-0.984,-0.953,0,0,5,0,3.204,9.339
743,0.000,-15.414,-3.637,0.412,2.893,9.248,2.365,-17.392,-7.811,0.000,3.736,8.960,0.656,0.416,0.000,0.209,-0.132,3,-0.984,-0.950,0,0,0,1,3.204,9.247
744,0.000,-15.480,-3.659,0.401,2.925,9.322,2.121,-17.392,-7.811,-0.005,3.739,8.970,0.504,0.417,0.000,0.209,-0.132,3,-0.983,-0.952,0,0,0,0,3.113,9.247
745,0.000,-15.524,-3.680,0.401,3.004,9.365,1.938,-17.392,-7.811,0.005,3.791,9.001,0.565,0.417,0.000,0.209,-0.132,3,-0.984,-0.953,0,0,1,0,2.838,9.247
746,0.000,-15.568,-3.702,0.412,2.889,9.274,1.633,-17.392,-7.811,-0.005,3.851,9.039,0.473,0.418,0.000,0.209,-0.132,3,-0.984,-0.952,0,0,0,0,2.838,9.247
747,0.000,-15.634,-3.724,0.434,2.949,9.224,1.389,-17.392,-7.811,0.000,3.851,9.083,0.381,0.419,0.000,0.209,-0.132,3,-0.985,-0.952,0,0,0,2,2.930,9.339
748,0.000,-15.678,-3.746,0.401,3.068,9.248,1.114,-17.370,-7.811,0.005,3.897,9.123,0.320,0.419,0.000,0.209,-0.132,3,-0.984,-0.952,3,0,0,1,2.838,9.247
749,0.000,-15.722,-3.768,0.401,2.996,9.219,0.839,-17.370,-7.811,-0.016,3.875,9.166,0.320,0.420,0.000,0.209,-0.132,3,-0.984,-0.952,0,0,0,1,2.930,9.155
750,0.000,-15.766,-3.790,0.368,2.937,9.121,0.473,-17.370,-7.811,0.000,3.789,9.236,0.320,0.420,0.000,0.209,-0.132,3,-0.984,-0.954,0,0,0,0,3.021,9.247
751,0.000,-15.810,-3.812,0.412,2.941,9.130,0.000,-17.370,-7.811,-0.005,3.784,9.238,0.259,0.421,0.000,0.209,-0.132,3,-0.985,-0.952,0,0,0,3,2.930,9.155
752,0.000,-15.854,-3.856,0.445,3.025,9.135,-0.351,-17.370,-7.811,-0.005,3.779,9.217,0.229,0.422,0.000,0.209,-0.132,3,-0.984,-0.952,0,0,0,1,2.930,9.064
753,0.000,-15.897,-3.878,0.412,3.102,9.133,-0.443,-17.392,-7.811,0.000,3.712,9.274,0.290,0.422,0.000,0.209,-0.132,3,-0.984,-0.953,0,0,0,0,2.930,9.064
754,0.000,-15.941,-3.900,0.390,3.054,9.128,-0.656,-17.414,-7.811,-0.005,3.688,9.279,0.229,0.423,0.000,0.209,-0.132,3,-0.983,-0.952,0,0,0,0,3.021,9.064
755,0.000,-15.963,-3.922,0.412,3.102,9.078,-0.931,-17.414,-7.811,0.000,3.734,9.214,0.076,0.423,0.000,0.209,-0.132,3,-0.984,-0.952,0,0,0,1,3.021,9.064
756,0.000,-15.985,-3.966,0.390,3.312,9.102,-1.022,-17.436,-7.811,0.005,3.707,9.200,0.000,0.424,0.000,0.209,-0.132,3,-0.984,-0.953,0,0,2,0,3.021,9.064
757,0.000,-15.985,-3.988,0.412,3.530,9.185,-1.114,-17.458,-7.811,0.000,3.636,9.221,0.000,0.424,0.000,0.209,-0.132,3,-0.983,-0.953,0,0,0,0,3.021,9.064
758,0.000,-15.963,-4.010,0.434,3.559,9.286,-0.717,-17.458,-7.811,-0.005,3.616,9.207,0.000,0.426,0.000,0.209,-0.132,3,-0.987,-0.952,1,0,0,0,3.296,9.064
759,0.000,-15.963,-4.032,0.412,3.530,9.346,-0.443,-17.480,-7.811,0.000,3.564,9.188,-0.015,0.426,0.000,0.209,-0.132,3,-0.982,-0.952,0,0,0,0,3.479,9.155
760,0.000,-15.963,-4.054,0.368,3.554,9.377,-0.443,-17.523,-7.811,-0.005,3.552,9.150,-0.137,0.427,0.000,0.209,-0.132,3,-0.984,-0.953,0,0,0,0,3.479,9.247
761,0.000,-15.963,-4.098,0.434,3.435,9.377,-0.290,-17.523,-7.811,0.000,3.593,9.130,-0.046,0.428,0.000,0.209,-0.132,3,-0.983,-0.952,0,0,3,0,3.479,9.339
762,0.000,-15.963,-4.120,0.445,3.401,9.444,0.000,-17.545,-7.811,-0.005,3.602,9.174,0.000,0.428,0.000,0.209,-0.132,3,-0.985,-0.953,0,0,0,0,3.479,9.339
763,0.000,-15.985,-4.142,0.390,3.490,9.502,-0.015,-17.567,-7.811,-0.016,3.607,9.207,0.000,0.429,0.000,0.209,-0.132,3,-0.987,-0.953,5,0,0,0,3.388,9.339
764,0.000,-15.985,-4.164,0.434,3.499,9.547,-0.168,-17.589,-7.811,0.000,3.693,9.181,0.168,0.430,0.000,0.209,-0.132,3,-0.984,-0.953,0,0,0,0,3.388,9.430
765,0.000,-16.007,-4.186,0.434,3.475,9.674,-0.198,-17.589,-7.811,-0.005,3.710,9.142,0.290,0.431,0.000,0.209,-0.132,3,-0.984,-0.955,0,0,0,1,3.479,9.430
766,0.000,-16.007,-4.208,0.390,3.595,9.820,-0.259,-17.611,-7.811,0.000,3.557,9.164,0.259,0.431,0.000,0.209,-0.132,3,-0.985,-0.953,0,3,2,0,3.479,9.522
767,0.000,-16.007,-4.230,0.445,3.700,9.882,0.000,-17.633,-7.811,-0.016,3.511,9.193,0.046,0.432,0.000,0.209,-0.132,3,-0.985,-0.952,0,0,0,0,3.388,9.613
768,0.000,-16.029,-4.274,0.445,3.628,9.897,0.229,-17.655,-7.811,0.005,3.590,9.214,0.015,0.433,0.000,0.209,-0.132,3,-0.985,-0.953,3,0,0,0,3.571,9.796
769,0.000,-16.029,-4.296,0.423,3.590,9.935,0.534,-17.677,-7.811,0.005,3.590,9.207,0.198,0.433,0.000,0.209,-0.132,3,-0.985,-0.953,0,0,0,0,3.662,9.796
770,0.000,-16.051,-4.318,0.390,3.612,9.976,0.473,-17.699,-7.811,0.000,3.583,9.171,0.198,0.434,0.000,0.209,-0.132,3,-0.985,-0.953,2,0,0,0,3.571,9.888
771,0.000,-16.073,-4.340,0.401,3.454,9.978,0.534,-17.721,-7.811,0.005,3.597,9.181,0.076,0.434,0.000,0.209,-0.132,3,-0.984,-0.953,0,3,2,0,3.571,9.888
772,0.000,-16.095,-4.362,0.434,3.312,9.932,0.626,-17.721,-7.811,0.000,3.640,9.214,0.076,0.435,0.000,0.209,-0.132,3,-0.984,-0.952,0,0,0,0,3.571,9.888
773,0.000,-16.139,-4.384,0.478,3.423,9.921,0.565,-17.743,-7.811,0.000,3.693,9.197,0.198,0.435,0.000,0.209,-0.132,3,-0.983,-0.953,0,0,1,0,3.388,9.888
774,0.000,-16.161,-4.406,0.434,3.533,9.935,0.656,-17.743,-7.811,0.016,3.700,9.171,0.198,0.436,0.000,0.209,-0.132,3,-0.984,-0.953,0,0,0,0,3.296,9.888
775,0.000,-16.183,-4.428,0.456,3.554,9.851,0.748,-17.765,-7.811,0.000,3.636,9.219,0.168,0.437,0.000,0.209,-0.132,3,-0.984,-0.952,3,0,0,0,3.388,9.888
776,0.000,-16.183,-4.450,0.412,3.545,9.770,0.687,-17.765,-7.811,0.005,3.607,9.250,0.015,0.437,0.000,0.209,-0.132,3,-0.984,-0.952,0,1,2,0,3.479,9.888
777,0.000,-16.205,-4.472,0.423,3.547,9.727,0.595,-17.787,-7.811,0.005,3.736,9.205,0.015,0.438,0.000,0.209,-0.132,3,-0.985,-0.952,0,0,2,0,3.479,9.796
778,0.000,-16.227,-4.515,0.467,3.494,9.590,0.443,-17.787,-7.811,-0.005,3.803,9.185,0.076,0.439,0.000,0.209,-0.132,3,-0.983,-0.953,0,0,0,0,3.479,9.705
779,0.000,-16.249,-4.537,0.423,3.152,9.370,0.320,-17.787,-7.811,0.000,3.734,9.236,0.046,0.439,0.000,0.209,-0.132,3,-0.984,-0.953,0,0,2,0,3.479,9.705
780,0.000,-16.293,-4.559,0.390,2.884,9.226,0.198,-17.787,-7.811,0.000,3.703,9.260,-0.076,0.440,0.000,0.209,-0.132,3,-0.984,-0.953,0,0,6,0,3.479,9.522
781,0.000,-16.359,-4.581,0.467,3.001,9.083,-0.168,-17.787,-7.811,0.000,3.729,9.233,-0.198,0.441,0.000,0.209,-0.132,3,-0.984,-0.953,0,2,0,0,3.113,9.339
782,0.000,-16.403,-4.625,0.456,3.075,8.975,-0.504,-17.787,-7.811,0.000,3.791,9.221,-0.168,0.442,0.000,0.209,-0.132,3,-0.984,-0.950,0,0,0,1,2.838,9.155
783,0.000,-16.425,-4.647,0.412,2.989,8.948,-0.687,-17.787,-7.811,-0.005,3.827,9.207,0.000,0.442,0.000,0.209,-0.132,3,-0.983,-0.953,0,0,0,1,2.930,9.064
784,0.000,-16.469,-4.669,0.401,3.193,8.970,-0.870,-17.787,-7.811,0.000,3.789,9.233,-0.137,0.444,0.000,0.209,-0.132,3,-0.984,-0.953,0,0,1,0,3.021,8.972
785,0.000,-16.469,-4.713,0.456,3.305,8.879,-0.809,-17.787,-7.811,0.005,3.727,9.207,-0.351,0.444,0.000,0.209,-0.132,3,-0.984,-0.953,0,0,0,0,2.930,8.881
786,0.000,-16.491,-4.735,0.456,3.250,8.822,-0.656,-17.787,-7.811,0.005,3.633,9.152,-0.443,0.444,0.000,0.209,-0.132,3,-0.984,-0.952,0,2,0,0,3.113,8.881
787,0.000,-16.491,-4.757,0.456,3.305,8.898,-0.198,-17.809,-7.811,0.000,3.569,9.123,-0.534,0.445,0.000,0.209,-0.132,3,-0.984,-0.952,1,0,0,0,3.296,8.789
788,0.000,-16.491,-4.779,0.412,3.329,8.987,0.290,-17.809,-7.811,0.005,3.542,9.056,-0.534,0.446,0.000,0.209,-0.132,3,-0.983,-0.953,0,0,0,0,3.204,8.789
789,0.000,-16.491,-4.801,0.456,3.348,9.044,0.717,-17.831,-7.811,0.016,3.569,9.006,-0.320,0.446,0.000,0.209,-0.132,3,-0.984,-0.952,0,0,0,2,3.296,8.881
790,0.000,-16.491,-4.823,0.445,3.360,9.083,1.083,-17.831,-7.811,0.000,3.652,8.972,-0.290,0.447,0.000,0.209,-0.132,3,-0.985,-0.953,0,0,0,2,3.296,8.972
791,0.000,-16.513,-4.845,0.412,3.358,9.190,1.541,-17.831,-7.811,0.016,3.844,8.853,-0.198,0.448,0.000,0.209,-0.132,3,-0.984,-0.953,0,0,0,0,3.296,8.972
792,0.000,-16.513,-4.867,0.445,3.209,9.200,1.694,-17.787,-7.811,-0.005,3.813,8.855,0.000,0.448,0.000,0.209,-0.132,3,-0.984,-0.952,0,0,0,0,3.296,9.064
793,0.000,-16.557,-4.867,0.434,3.162,9.288,2.060,-17.787,-7.811,0.005,3.818,8.944,0.137,0.449,0.000,0.209,-0.132,3,-0.983,-0.952,0,0,0,0,3.296,9.155
794,0.000,-16.579,-4.889,0.445,3.217,9.437,2.426,-17.765,-7.811,-0.005,3.885,8.980,0.412,0.449,0.000,0.209,-0.132,3,-0.984,-0.951,0,0,1,1,3.204,9.155
795,0.000,-16.601,-4.911,0.434,3.284,9.614,2.670,-17.743,-7.811,-0.005,3.870,9.011,0.412,0.449,0.000,0.209,-0.132,3,-0.983,-0.953,0,0,3,0,3.113,9.247
796,0.000,-16.623,-4.933,0.445,3.353,9.803,3.189,-17.721,-7.811,0.005,3.863,9.039,0.412,0.450,0.000,0.209,-0.132,3,-0.985,-0.953,0,0,0,0,3.204,9.430
797,0.000,-16.667,-4.933,0.423,3.320,9.892,3.647,-17.699,-7.811,0.005,3.909,9.049,0.565,0.451,0.000,0.209,-0.132,3,-0.987,-0.953,2,0,0,0,3.204,9.613
798,0.000,-16.688,-4.955,0.445,3.152,9.870,4.013,-17.677,-7.811,0.000,3.911,9.083,0.565,0.451,0.000,0.209,-0.132,3,-0.987,-0.952,0,2,0,0,3.296,9.796
799,0.000,-16.754,-4.955,0.434,3.032,9.875,4.379,-17.677,-7.811,0.000,3.937,9.095,0.412,0.451,0.000,0.209,-0.132,3,-0.983,-0.953,0,0,0,0,3.296,9.888
800,0.000,-16.798,-4.977,0.467,3.066,9.964,4.685,-17.655,-7.811,0.000,4.002,9.102,0.381,0.452,0.000,0.209,-0.132,3,-0.983,-0.953,0,0,3,0,3.113,9.796
801,0.000,-16.864,-4.977,0.434,3.004,9.956,4.929,-17.611,-7.811,0.000,4.062,9.183,0.565,0.452,0.000,0.209,-0.132,3,-0.986,-0.953,0,0,1,0,3.021,9.796
802,0.000,-16.930,-4.999,0.445,2.858,9.863,4.929,-17.589,-7.811,0.000,4.114,9.205,0.504,0.453,0.000,0.209,-0.132,3,-0.987,-0.953,5,0,1,0,3.021,9.888
803,0.000,-16.996,-5.021,0.434,2.879,9.822,4.776,-17.567,-7.811,0.000,4.107,9.195,0.504,0.453,0.000,0.209,-0.132,3,-0.985,-0.953,0,3,1,0,2.930,9.888
804,0.000,-17.084,-5.021,0.423,2.848,9.746,4.868,-17.523,-7.811,0.000,4.122,9.178,0.534,0.453,0.000,0.209,-0.132,3,-0.984,-0.955,0,0,0,0,2.838,9.796
805,0.000,-17.150,-5.043,0.434,2.767,9.633,4.623,-17.501,-7.811,0.000,4.208,9.147,0.443,0.454,0.000,0.209,-0.132,3,-0.985,-0.953,0,3,1,0,2.838,9.796
806,0.000,-17.216,-5.065,0.456,2.771,9.540,4.379,-17.458,-7.811,0.000,4.241,9.147,0.504,0.454,0.000,0.209,-0.132,3,-0.984,-0.953,0,0,0,0,2.838,9.705
807,0.000,-17.304,-5.087,0.423,2.671,9.394,4.257,-17.414,-7.811,0.000,4.143,9.176,0.565,0.455,0.000,0.209,-0.132,3,-0.984,-0.953,2,0,0,0,2.747,9.613
808,0.000,-17.370,-5.087,0.467,2.546,9.257,3.922,-17.370,-7.811,0.000,4.179,9.178,0.717,0.455,0.000,0.209,-0.132,3,-0.984,-0.953,0,1,0,0,2.747,9.522
809,0.000,-17.458,-5.109,0.434,2.508,9.126,3.586,-17.348,-7.811,0.005,4.244,9.128,0.778,0.455,0.000,0.209,-0.132,3,-0.984,-0.953,1,0,1,0,2.655,9.339
810,0.000,-17.545,-5.131,0.423,2.573,9.047,3.067,-17.304,-7.811,0.000,4.201,9.150,0.809,0.455,0.000,0.209,-0.132,3,-0.985,-0.953,0,3,1,0,2.472,9.247
811,0.000,-17.611,-5.153,0.445,2.678,8.987,2.609,-17.260,-7.811,0.005,4.162,9.209,0.870,0.455,0.000,0.209,-0.132,3,-0.984,-0.952,0,0,0,0,2.472,9.064
812,0.000,-17.655,-5.175,0.423,2.805,8.987,2.365,-17.238,-7.811,-0.005,4.071,9.303,0.839,0.456,0.000,0.209,-0.132,3,-0.983,-0.953,0,0,1,0,2.564,8.972
813,0.000,-17.699,-5.197,0.434,2.908,8.927,2.182,-17.238,-7.811,0.000,3.842,9.384,0.656,0.457,0.000,0.209,-0.132,3,-0.984,-0.953,0,0,0,0,2.655,8.972
814,0.000,-17.721,-5.219,0.423,3.087,8.812,2.121,-17.260,-7.811,-0.005,3.722,9.298,0.473,0.457,0.000,0.209,-0.132,3,-0.984,-0.953,2,1,3,0,2.747,8.972
815,0.000,-17.721,-5.241,0.445,3.214,8.740,2.090,-17.260,-7.811,0.000,3.889,9.078,0.595,0.458,0.000,0.209,-0.132,3,-0.984,-0.953,0,2,2,0,2.838,8.881
816,0.000,-17.721,-5.263,0.434,3.116,8.740,2.090,-17.238,-7.811,-0.005,4.007,8.977,0.748,0.459,0.000,0.209,-0.132,3,-0.985,-0.953,0,0,0,0,3.021,8.789
817,0.000,-17.721,-5.285,0.456,3.004,8.733,1.755,-17.216,-7.811,0.000,4.059,8.944,0.595,0.459,0.000,0.209,-0.132,3,-0.984,-0.953,0,0,0,0,3.204,8.698
818,0.000,-17.743,-5.306,0.489,2.850,8.604,1.236,-17.194,-7.811,0.000,4.114,8.826,0.626,0.460,0.000,0.209,-0.132,3,-0.984,-0.953,0,0,0,0,3.113,8.698
819,0.000,-17.787,-5.328,0.434,2.632,8.561,0.900,-17.150,-7.811,0.000,4.079,8.798,0.778,0.460,0.000,0.209,-0.132,3,-0.984,-0.953,4,0,0,0,2.930,8.698
820,0.000,-17.853,-5.350,0.412,2.448,8.606,0.412,-17.106,-7.811,0.005,3.992,8.860,1.022,0.461,0.000,0.209,-0.132,3,-0.984,-0.953,0,0,5,0,2.838,8.515
821,0.000,-17.919,-5.372,0.445,2.637,8.716,-0.229,-17.084,-7.811,0.000,3.930,8.908,1.144,0.462,0.000,0.209,-0.132,3,-0.984,-0.951,0,0,0,0,2.564,8.515
822,0.000,-17.941,-5.394,0.511,3.130,8.934,-0.626,-17.084,-7.811,0.000,3.916,8.925,1.144,0.462,0.000,0.209,-0.132,3,-0.984,-0.953,0,0,0,0,2.380,8.606
823,0.000,-17.941,-5.416,0.434,3.447,9.109,-0.992,-17.062,-7.811,0.016,3.880,8.965,1.083,0.463,0.000,0.209,-0.132,3,-0.984,-0.954,0,0,1,0,2.564,8.698
824,0.000,-17.919,-5.438,0.412,3.588,9.265,-1.236,-17.062,-7.811,0.005,3.765,9.051,0.992,0.464,0.000,0.209,-0.132,3,-0.984,-0.953,0,0,1,0,3.113,8.881
825,0.000,-17.897,-5.460,0.456,3.597,9.363,-1.480,-17.084,-7.811,-0.005,3.638,9.102,0.778,0.464,0.000,0.209,-0.132,3,-0.984,-0.952,0,0,0,3,3.388,9.064
826,0.000,-17.875,-5.504,0.489,3.593,9.437,-1.724,-17.106,-7.811,-0.005,3.473,9.133,0.565,0.465,0.000,0.209,-0.132,3,-0.984,-0.952,0,0,0,0,3.571,9.247
827,0.000,-17.875,-5.526,0.478,3.557,9.583,-1.846,-17.172,-7.811,-0.005,3.308,9.164,0.290,0.465,0.000,0.209,-0.132,3,-0.983,-0.953,0,0,0,0,3.571,9.339
828,0.000,-17.875,-5.548,0.423,3.588,9.808,-1.633,-17.216,-7.811,0.000,3.236,9.214,-0.107,0.466,0.000,0.209,-0.132,3,-0.985,-0.953,0,0,0,2,3.571,9.430
829,0.000,-17.853,-5.570,0.445,3.746,9.992,-1.450,-17.282,-7.811,0.000,3.265,9.238,-0.504,0.466,0.000,0.209,-0.132,3,-0.984,-0.953,0,76,0,0,3.479,9.522
830,0.000,-17.853,-5.592,0.456,3.865,10.071,-1.266,-17.348,-7.811,-0.005,3.315,9.178,-0.595,0.467,0.000,0.209,-0.132,3,-0.984,-0.953,0,169,0,0,3.571,9.796
831,0.000,-17.831,-5.614,0.500,4.122,10.213,-0.809,-17.392,-7.811,-0.005,3.408,9.174,-0.565,0.468,0.000,0.209,-0.132,3,-0.984,-0.953,0,181,0,0,3.662,9.979
832,0.000,-17.787,-5.658,0.456,4.241,10.282,-0.320,-17.414,-7.811,0.000,3.518,9.183,-0.626,0.468,0.000,0.209,-0.132,3,-0.984,-0.953,0,186,0,0,3.845,10.071
833,0.000,-17.743,-5.680,0.445,4.105,10.306,-0.015,-17.458,-7.811,0.000,3.523,9.145,-0.656,0.469,0.000,0.209,-0.132,3,-0.984,-0.952,0,256,0,0,4.120,10.163
834,0.000,-17.743,-5.702,0.412,3.928,10.347,0.320,-17.480,-7.811,0.000,3.487,9.147,-0.656,0.470,0.000,0.209,-0.132,3,-0.984,-0.953,0,293,3,0,4.211,10.254
835,0.000,-17.743,-5.724,0.445,3.803,10.277,0.473,-17.501,-7.811,0.000,3.569,9.145,-0.473,0.471,0.000,0.209,-0.132,3,-0.983,-0.953,1,332,0,0,4.028,10.254
836,0.000,-17.743,-5.746,0.511,3.590,10.141,0.473,-17.523,-7.811,0.000,3.672,9.197,-0.168,0.471,0.000,0.209,-0.132,3,-0.986,-0.953,2,362,0,0,3.845,10.346
837,0.000,-17.765,-5.768,0.467,3.403,10.129,0.168,-17.523,-7.811,0.000,3.813,9.236,0.015,0.472,0.000,0.209,-0.132,3,-0.985,-0.952,0,392,0,1,3.754,10.254
838,0.000,-17.809,-5.812,0.412,3.447,10.138,-0.107,-17.545,-7.811,0.005,3.806,9.384,0.259,0.473,0.000,0.209,-0.132,3,-0.984,-0.954,0,414,0,0,3.571,10.071
839,0.000,-17.831,-5.834,0.434,3.530,10.093,-0.259,-17.545,-7.811,0.000,3.798,9.490,0.473,0.473,0.000,0.209,-0.132,3,-0.987,-0.953,0,455,2,0,3.388,10.071
840,0.000,-17.853,-5.856,0.478,3.554,9.971,-0.351,-17.567,-7.811,0.000,3.791,9.497,0.504,0.474,0.000,0.209,-0.132,3,-0.987,-0.953,0,489,0,0,3.388,10.071
841,0.000,-17.875,-5.900,0.511,3.612,9.760,-0.534,-17.567,-7.811,0.005,3.696,9.533,0.473,0.475,0.000,0.209,-0.132,3,-0.987,-0.953,5,526,0,0,3.479,10.071
842,0.000,-17.875,-5.922,0.478,3.528,9.521,-0.870,-17.611,-7.811,0.005,3.655,9.566,0.351,0.476,0.000,0.209,-0.132,3,-0.984,-0.953,0,576,1,0,3.479,9.888
843,0.000,-17.875,-5.966,0.412,3.540,9.375,-1.114,-17.633,-7.811,0.000,3.729,9.564,0.198,0.477,0.000,0.209,-0.132,3,-0.984,-0.955,0,616,0,1,3.571,9.705
844,0.000,-17.875,-5.988,0.500,3.669,9.351,-1.297,-17.633,-7.811,0.000,3.767,9.530,0.107,0.477,0.000,0.209,-0.132,3,-0.985,-0.953,0,670,1,0,3.479,9.522
845,0.000,-17.875,-6.032,0.522,3.595,9.288,-1.450,-17.655,-7.811,0.000,3.698,9.542,0.076,0.478,0.000,0.209,-0.132,3,-0.984,-0.952,0,716,0,0,3.479,9.339
846,0.000,-17.853,-6.054,0.511,3.533,9.157,-1.541,-17.699,-7.811,0.005,3.571,9.542,-0.168,0.479,0.000,0.209,-0.132,3,-0.985,-0.953,0,739,0,0,3.662,9.339
847,0.000,-17.853,-6.098,0.423,3.664,9.068,-1.419,-17.721,-7.811,0.000,3.554,9.461,-0.351,0.480,0.000,0.209,-0.132,3,-0.984,-0.953,0,767,0,0,3.571,9.247
848,0.000,-17.831,-6.119,0.478,3.703,8.915,-1.266,-17.743,-7.811,0.000,3.530,9.408,-0.412,0.480,0.000,0.209,-0.132,3,-0.985,-0.954,4,808,0,0,3.479,9.155
849,0.000,-17.809,-6.163,0.489,3.676,8.800,-1.083,-17.787,-7.811,-0.005,3.473,9.344,-0.504,0.482,0.000,0.209,-0.132,3,-0.984,-0.953,0,834,3,0,3.662,9.064
850,0.000,-17.787,-6.185,0.511,3.530,8.699,-0.870,-17.809,-7.811,0.016,3.442,9.245,-0.656,0.482,0.000,0.209,-0.132,3,-0.984,-0.952,0,862,0,0,3.662,8.881
851,0.000,-17.765,-6.207,0.489,3.461,8.594,-0.961,-17.853,-7.811,-0.016,3.425,9.171,-0.595,0.484,0.000,0.209,-0.132,3,-0.984,-0.953,0,884,0,0,3.662,8.789
852,0.000,-17.743,-6.251,0.423,3.370,8.527,-0.900,-17.875,-7.811,0.000,3.442,9.104,-0.626,0.484,0.000,0.209,-0.132,3,-0.984,-0.953,1,914,0,0,3.479,8.698
853,0.000,-17.743,-6.273,0.467,3.310,8.625,-0.931,-17.897,-7.811,0.000,3.423,9.054,-0.504,0.485,0.000,0.209,-0.132,3,-0.984,-0.953,2,997,0,0,3.388,8.515
854,0.000,-17.743,-6.317,0.500,3.576,8.786,-0.717,-17.941,-7.811,-0.005,3.403,9.032,-0.381,0.486,0.000,0.209,-0.132,3,-0.984,-0.953,0,1047,2,0,3.296,8.515
855,0.000,-17.721,-6.339,0.478,3.590,8.800,-0.259,-17.963,-7.811,0.000,3.442,8.982,-0.168,0.487,0.000,0.209,-0.132,3,-0.985,-0.953,0,1072,0,0,3.296,8.606
856,0.000,-17.699,-6.361,0.500,3.657,8.917,0.168,-17.963,-7.811,0.005,3.478,8.932,-0.198,0.488,0.000,0.209,-0.132,3,-0.983,-0.953,0,1106,0,0,3.571,8.698
857,0.000,-17.677,-6.383,0.522,3.786,9.083,0.778,-17.985,-7.811,0.000,3.542,8.884,-0.107,0.488,0.000,0.209,-0.132,3,-0.984,-0.953,1,1130,0,0,3.571,8.789
858,0.000,-17.655,-6.405,0.489,3.664,9.286,1.175,-17.985,-7.811,0.005,3.607,8.822,0.000,0.488,0.000,0.209,-0.132,3,-0.984,-0.953,0,1158,4,0,3.571,8.881
859,0.000,-17.655,-6.427,0.478,3.554,9.418,1.541,-17.985,-7.811,-0.005,3.566,8.812,0.046,0.489,0.000,0.209,-0.132,3,-0.984,-0.953,0,1203,0,0,3.754,9.064
860,0.000,-17.677,-6.449,0.522,3.418,9.458,1.846,-17.985,-7.811,0.016,3.569,8.802,0.229,0.489,0.000,0.209,-0.132,3,-0.985,-0.952,0,1215,0,1,3.662,9.247
861,0.000,-17.721,-6.471,0.489,3.236,9.564,2.090,-17.985,-7.811,0.005,3.605,8.786,0.320,0.490,0.000,0.209,-0.132,3,-0.984,-0.953,0,1235,0,0,3.479,9.339
862,0.000,-17.765,-6.493,0.478,3.078,9.607,2.090,-17.963,-7.811,0.000,3.688,8.812,0.381,0.491,0.000,0.209,-0.132,3,-0.984,-0.954,0,1253,0,0,3.388,9.430
863,0.000,-17.831,-6.537,0.456,3.049,9.643,2.182,-17.941,-7.811,-0.005,3.837,8.855,0.412,0.491,0.000,0.209,-0.132,3,-0.984,-0.954,0,1260,0,0,3.204,9.522
864,0.000,-17.897,-6.559,0.478,3.200,9.681,2.182,-17.919,-7.811,0.000,3.940,8.910,0.504,0.492,0.000,0.209,-0.132,3,-0.985,-0.953,0,1282,0,2,3.021,9.522
865,0.000,-17.941,-6.581,0.511,3.221,9.660,2.029,-17.875,-7.811,0.000,3.976,8.996,0.443,0.493,0.000,0.209,-0.132,3,-0.984,-0.952,0,1278,0,0,3.021,9.613
866,0.000,-17.985,-6.603,0.478,3.284,9.693,1.694,-17.853,-7.811,-0.005,3.956,9.114,0.320,0.494,0.000,0.209,-0.132,3,-0.983,-0.953,0,1295,0,0,3.113,9.613
867,0.000,-18.051,-6.647,0.478,3.090,9.707,1.358,-17.831,-7.811,0.005,3.945,9.200,0.259,0.494,0.000,0.209,-0.132,3,-0.984,-0.954,0,1326,0,0,3.204,9.613
868,0.000,-18.117,-6.669,0.522,2.996,9.633,1.236,-17.809,-7.811,0.005,4.012,9.233,0.076,0.495,0.000,0.209,-0.132,3,-0.985,-0.954,0,1368,0,2,3.204,9.613
869,0.000,-18.183,-6.691,0.467,3.066,9.554,1.144,-17.787,-7.811,-0.016,3.997,9.262,-0.107,0.496,0.000,0.209,-0.132,3,-0.984,-0.954,0,1376,0,0,3.021,9.705
870,0.000,-18.249,-6.735,0.456,3.049,9.461,1.114,-17.765,-7.811,0.000,3.928,9.293,-0.198,0.497,0.000,0.209,-0.132,3,-0.984,-0.954,0,1377,0,0,2.930,9.613
871,0.000,-18.293,-6.757,0.533,3.193,9.382,1.236,-17.765,-7.811,0.005,3.925,9.308,-0.198,0.498,0.000,0.209,-0.132,3,-0.983,-0.953,0,1380,1,0,3.021,9.522
872,0.000,-18.336,-6.779,0.489,3.214,9.260,1.205,-17.743,-7.811,0.000,4.002,9.300,-0.198,0.499,0.000,0.209,-0.132,3,-0.984,-0.953,0,1393,1,0,3.021,9.430
873,0.000,-18.380,-6.801,0.445,3.109,9.140,1.083,-17.721,-7.811,0.005,4.105,9.279,-0.229,0.499,0.000,0.209,-0.132,3,-0.984,-0.954,0,1406,5,0,3.113,9.339
874,0.000,-18.424,-6.845,0.522,3.104,9.051,1.114,-17.677,-7.811,0.000,4.124,9.238,-0.168,0.499,0.000,0.209,-0.132,3,-0.983,-0.954,1,1417,1,0,3.204,9.247
875,0.000,-18.446,-6.867,0.533,3.221,9.044,1.175,-17.655,-7.811,-0.005,4.119,9.207,-0.015,0.500,0.000,0.209,-0.132,3,-0.986,-0.954,1,1430,0,0,3.021,9.064
876,0.000,-18.490,-6.889,0.489,3.154,9.035,1.328,-17.611,-7.811,-0.005,4.126,9.185,0.000,0.501,0.000,0.209,-0.132,3,-0.982,-0.953,0,1429,0,0,3.021,8.972
877,0.000,-18.534,-6.932,0.478,2.987,9.023,1.572,-17.589,-7.811,0.005,4.012,9.171,0.046,0.502,0.000,0.209,-0.132,3,-0.983,-0.955,0,1441,0,0,3.204,8.972
878,0.000,-18.578,-6.954,0.511,3.090,9.037,1.938,-17.567,-7.811,0.000,4.000,9.140,0.046,0.502,0.000,0.209,-0.132,3,-0.983,-0.954,0,1448,3,0,3.113,8.972
879,0.000,-18.600,-6.976,0.489,3.145,9.030,1.999,-17.545,-7.811,0.005,4.047,9.109,0.320,0.504,0.000,0.209,-0.132,3,-0.984,-0.954,0,1457,0,0,2.930,8.972
880,0.000,-18.644,-6.998,0.456,2.989,8.992,1.816,-17.501,-7.811,0.005,4.119,9.063,0.626,0.504,0.000,0.209,-0.132,3,-0.987,-0.954,4,1471,0,0,3.021,8.972
881,0.000,-18.688,-7.020,0.467,2.946,8.984,1.602,-17.480,-7.811,0.005,4.217,9.071,0.900,0.505,0.000,0.209,-0.132,3,-0.984,-0.954,0,1475,0,0,3.113,8.972
882,0.000,-18.732,-7.042,0.500,2.972,9.078,1.297,-17.414,-7.811,0.000,4.316,9.066,1.175,0.505,0.000,0.209,-0.132,3,-0.984,-0.955,0,1485,0,0,2.930,8.972
883,0.000,-18.798,-7.086,0.533,3.020,9.169,0.992,-17.370,-7.811,0.000,4.296,9.039,1.328,0.506,0.000,0.209,-0.132,3,-0.985,-0.954,0,1499,2,0,2.930,8.972
884,0.000,-18.842,-7.108,0.467,3.085,9.310,1.022,-17.326,-7.811,0.005,4.208,9.035,1.419,0.507,0.000,0.209,-0.132,3,-0.985,-0.954,0,1498,0,0,2.930,9.064
885,0.000,-18.886,-7.130,0.456,2.917,9.365,0.992,-17.282,-7.811,0.005,4.059,9.066,1.358,0.508,0.000,0.209,-0.132,3,-0.985,-0.953,3,1486,0,0,3.021,9.155
886,0.000,-18.952,-7.152,0.478,3.013,9.499,0.870,-17.282,-7.811,0.000,3.937,9.116,1.236,0.509,0.000,0.209,-0.132,3,-0.985,-0.954,0,1466,0,0,3.021,9.247
887,0.000,-18.996,-7.174,0.533,3.348,9.748,0.992,-17.260,-7.811,-0.005,3.933,9.118,1.144,0.509,0.000,0.209,-0.132,3,-0.985,-0.954,2,1456,0,0,2.838,9.339
888,0.000,-19.040,-7.218,0.467,3.303,9.834,1.053,-17.260,-7.811,0.000,3.863,9.145,0.748,0.509,0.000,0.209,-0.132,3,-0.984,-0.954,0,1467,2,0,2.930,9.430
889,0.000,-19.084,-7.240,0.533,3.140,9.815,0.992,-17.260,-7.811,-0.005,3.786,9.157,0.504,0.509,0.000,0.209,-0.132,3,-0.984,-0.955,0,1461,0,0,3.296,9.705
890,0.000,-19.127,-7.262,0.522,3.195,9.842,0.931,-17.260,-7.811,0.005,3.858,9.095,0.412,0.511,0.000,0.209,-0.132,3,-0.983,-0.954,0,1457,0,0,3.296,9.796
891,0.000,-19.171,-7.284,0.500,3.198,9.827,1.053,-17.260,-7.811,0.000,3.913,9.035,0.168,0.511,0.000,0.209,-0.132,3,-0.984,-0.954,0,1459,0,0,3.113,9.796
892,0.000,-19.237,-7.306,0.467,3.020,9.810,1.053,-17.238,-7.811,0.005,3.909,9.056,0.015,0.512,0.000,0.209,-0.132,3,-0.984,-0.954,2,1466,3,0,3.113,9.796
893,0.000,-19.303,-7.350,0.500,2.932,9.830,0.778,-17.216,-7.811,0.000,3.933,9.071,-0.046,0.513,0.000,0.209,-0.132,3,-0.984,-0.954,0,1470,3,0,3.113,9.796
894,0.000,-19.369,-7.372,0.533,3.066,9.779,0.443,-17.216,-7.811,-0.005,3.997,9.071,0.000,0.513,0.000,0.209,-0.132,3,-0.984,-0.954,0,1484,1,0,3.021,9.796
895,0.000,-19.435,-7.394,0.500,3.104,9.722,0.000,-17.194,-7.811,0.000,3.976,9.075,0.198,0.514,0.000,0.209,-0.132,3,-0.984,-0.954,0,1486,0,0,2.930,9.796
896,0.000,-19.479,-7.438,0.456,3.080,9.748,-0.381,-17.172,-7.811,-0.005,3.966,9.044,0.320,0.515,0.000,0.209,-0.132,3,-0.984,-0.955,1,1483,1,0,3.021,9.705
897,0.000,-19.545,-7.460,0.478,3.035,9.741,-0.320,-17.172,-7.811,0.000,3.980,9.095,0.198,0.516,0.000,0.209,-0.132,3,-0.984,-0.954,0,1477,3,0,3.021,9.705
898,0.000,-19.589,-7.482,0.522,3.056,9.686,-0.137,-17.150,-7.811,0.000,3.909,9.126,0.000,0.517,0.000,0.209,-0.132,3,-0.984,-0.955,0,1466,0,0,3.021,9.705
899,0.000,-19.633,-7.526,0.478,3.375,9.707,0.015,-17.150,-7.811,0.016,3.832,9.116,0.000,0.518,0.000,0.209,-0.132,3,-0.985,-0.957,2,1445,1,3,3.021,9.705
900,0.000,-19.655,-7.548,0.489,3.492,9.695,0.381,-17.150,-7.811,0.000,3.806,9.073,0.076,0.518,0.000,0.209,-0.132,3,-0.983,-0.954,0,1430,2,0,3.021,9.613
901,0.000,-19.677,-7.570,0.522,3.401,9.650,0.626,-17.150,-7.811,0.000,3.777,9.037,0.046,0.520,0.000,0.209,-0.132,3,-0.984,-0.955,0,1421,1,0,3.296,9.705
902,0.000,-19.699,-7.614,0.522,3.236,9.547,0.748,-17.150,-7.811,0.000,3.796,9.035,0.198,0.520,0.000,0.209,-0.132,3,-0.984,-0.954,0,1417,0,1,3.479,9.613
903,0.000,-19.721,-7.636,0.555,3.224,9.511,0.900,-17.150,-7.811,0.005,3.875,9.023,0.381,0.520,0.000,0.209,-0.132,3,-0.984,-0.954,0,1419,0,2,3.388,9.613
904,0.000,-19.765,-7.658,0.489,3.212,9.463,0.961,-17.150,-7.811,0.000,3.863,9.011,0.504,0.521,0.000,0.209,-0.132,3,-0.984,-0.953,0,1420,0,0,3.204,9.522
905,0.000,-19.809,-7.680,0.489,3.008,9.403,0.900,-17.150,-7.811,0.005,3.854,9.018,0.534,0.522,0.000,0.209,-0.132,3,-0.983,-0.954,0,1420,0,0,3.204,9.430
906,0.000,-19.853,-7.724,0.577,3.030,9.341,0.900,-17.128,-7.811,0.000,3.818,9.087,0.534,0.522,0.000,0.209,-0.132,3,-0.985,-0.954,0,1428,0,2,3.204,9.430
907,0.000,-19.897,-7.745,0.544,3.042,9.248,0.931,-17.150,-7.811,-0.005,3.758,9.147,0.565,0.523,0.000,0.209,-0.132,3,-0.984,-0.954,0,1426,0,2,2.930,9.339
908,0.000,-19.940,-7.767,0.489,3.085,9.298,0.839,-17.150,-7.811,0.000,3.715,9.145,0.443,0.524,0.000,0.209,-0.132,3,-0.984,-0.954,0,1412,0,0,3.021,9.339
909,0.000,-19.962,-7.789,0.445,3.154,9.341,0.687,-17.172,-7.811,0.000,3.719,9.135,0.443,0.525,0.000,0.209,-0.132,3,-0.984,-0.954,3,1390,0,2,3.021,9.247
910,0.000,-20.006,-7.833,0.511,3.083,9.286,0.412,-17.194,-7.811,0.000,3.729,9.197,0.473,0.525,0.000,0.209,-0.132,3,-0.984,-0.954,0,1378,0,0,3.021,9.247
911,0.000,-20.050,-7.855,0.555,2.901,9.197,0.000,-17.194,-7.811,0.000,3.736,9.236,0.320,0.526,0.000,0.209,-0.132,3,-0.984,-0.954,0,1360,1,1,3.113,9.339
912,0.000,-20.116,-7.877,0.511,2.764,9.097,-0.504,-17.216,-7.811,0.005,3.724,9.226,0.168,0.527,0.000,0.209,-0.132,3,-0.984,-0.955,0,1343,4,0,3.021,9.247
913,0.000,-20.160,-7.921,0.500,2.917,9.121,-0.839,-17.238,-7.811,0.000,3.691,9.224,0.015,0.528,0.000,0.209,-0.132,3,-0.987,-0.955,0,1320,0,0,2.838,9.155
914,0.000,-20.204,-7.943,0.566,3.097,9.224,-0.992,-17.260,-7.811,-0.005,3.657,9.221,0.000,0.529,0.000,0.209,-0.132,3,-0.987,-0.954,2,1305,0,0,2.747,9.064
915,0.000,-20.226,-7.965,0.544,3.212,9.276,-0.931,-17.282,-7.811,-0.005,3.595,9.245,-0.137,0.530,0.000,0.209,-0.132,3,-0.984,-0.954,0,1288,1,1,2.838,9.064
916,0.000,-20.248,-8.009,0.489,3.377,9.279,-0.809,-17.304,-7.811,0.000,3.573,9.250,-0.320,0.530,0.000,0.209,-0.132,3,-0.983,-0.955,0,1283,1,0,3.021,9.155
917,0.000,-20.248,-8.031,0.577,3.573,9.305,-0.381,-17.326,-7.811,0.005,3.559,9.212,-0.443,0.531,0.000,0.209,-0.132,3,-0.985,-0.955,0,1280,3,0,3.204,9.247
918,0.000,-20.226,-8.053,0.533,3.585,9.348,0.000,-17.370,-7.811,-0.005,3.554,9.190,-0.656,0.531,0.000,0.209,-0.132,3,-0.987,-0.954,0,1275,0,0,3.296,9.247
919,0.000,-20.248,-8.097,0.467,3.221,9.274,0.168,-17.392,-7.811,-0.005,3.542,9.164,-0.656,0.532,0.000,0.209,-0.132,3,-0.984,-0.954,0,1259,1,0,3.571,9.247
920,0.000,-20.270,-8.119,0.500,3.200,9.341,0.168,-17.414,-7.811,-0.005,3.571,9.185,-0.595,0.533,0.000,0.209,-0.132,3,-0.984,-0.955,0,1243,0,0,3.571,9.339
921,0.000,-20.292,-8.141,0.533,3.367,9.346,0.290,-17.436,-7.811,0.005,3.655,9.195,-0.626,0.534,0.000,0.209,-0.132,3,-0.984,-0.957,1,1244,0,1,3.204,9.247
922,0.000,-20.314,-8.185,0.544,3.159,9.288,0.229,-17.458,-7.811,0.005,3.662,9.200,-0.443,0.534,0.000,0.209,-0.132,3,-0.985,-0.955,0,1239,2,0,3.113,9.339
923,0.000,-20.336,-8.207,0.522,3.138,9.334,0.107,-17.458,-7.811,0.000,3.710,9.183,-0.137,0.535,0.000,0.209,-0.132,3,-0.985,-0.954,0,1229,0,0,3.296,9.339
924,0.000,-20.358,-8.229,0.478,3.346,9.358,0.198,-17.480,-7.811,0.000,3.722,9.226,-0.015,0.536,0.000,0.209,-0.132,3,-0.985,-0.955,3,1218,1,0,3.113,9.247
925,0.000,-20.380,-8.273,0.533,3.509,9.442,0.198,-17.480,-7.811,0.000,3.645,9.243,0.015,0.537,0.000,0.209,-0.132,3,-0.985,-0.955,0,1217,0,0,3.113,9.247
926,0.000,-20.380,-8.295,0.544,3.576,9.490,0.198,-17.501,-7.811,-0.005,3.600,9.224,0.229,0.538,0.000,0.209,-0.132,3,-0.985,-0.955,7,1235,0,0,3.296,9.339
927,0.000,-20.380,-8.317,0.489,3.487,9.509,0.290,-17.523,-7.811,-0.005,3.564,9.217,0.473,0.539,0.000,0.209,-0.132,3,-0.984,-0.955,0,1247,3,0,3.479,9.430
928,0.000,-20.402,-8.339,0.533,3.332,9.528,0.290,-17.567,-7.811,0.000,3.494,9.212,0.443,0.539,0.000,0.209,-0.132,3,-0.984,-0.955,0,1242,1,1,3.571,9.430
929,0.000,-20.424,-8.383,0.489,3.253,9.547,0.381,-17.589,-7.811,0.000,3.478,9.231,0.290,0.540,0.000,0.209,-0.132,3,-0.983,-0.955,0,1223,0,0,3.479,9.430
930,0.000,-20.446,-8.405,0.522,3.310,9.595,0.473,-17.611,-7.811,0.000,3.535,9.231,0.198,0.541,0.000,0.209,-0.132,3,-0.984,-0.955,1,1198,0,0,3.296,9.522
931,0.000,-20.468,-8.427,0.577,3.504,9.652,0.687,-17.655,-7.811,0.000,3.554,9.226,0.198,0.542,0.000,0.209,-0.132,3,-0.984,-0.955,1,1163,3,0,3.204,9.522
932,0.000,-20.468,-8.449,0.511,3.533,9.683,0.961,-17.677,-7.811,0.000,3.545,9.221,0.198,0.542,0.000,0.209,-0.132,3,-0.984,-0.954,0,1144,1,0,3.296,9.522
933,0.000,-20.490,-8.493,0.511,3.406,9.633,1.144,-17.699,-7.811,0.000,3.547,9.241,0.137,0.542,0.000,0.209,-0.132,3,-0.985,-0.954,0,1127,0,0,3.479,9.613
934,0.000,-20.512,-8.515,0.555,3.509,9.545,1.144,-17.721,-7.811,0.005,3.528,9.205,0.198,0.543,0.000,0.209,-0.132,3,-0.984,-0.955,0,1104,0,0,3.479,9.613
935,0.000,-20.512,-8.537,0.555,3.334,9.442,1.114,-17.743,-7.811,-0.005,3.542,9.147,0.198,0.544,0.000,0.209,-0.132,3,-0.984,-0.955,1,1075,1,0,3.388,9.613
936,0.000,-20.556,-8.558,0.489,3.066,9.344,0.748,-17.765,-7.811,0.000,3.569,9.166,0.229,0.545,0.000,0.209,-0.132,3,-0.984,-0.955,1,1044,1,0,3.479,9.522
937,0.000,-20.600,-8.602,0.544,3.068,9.329,0.198,-17.787,-7.811,0.016,3.631,9.178,0.137,0.545,0.000,0.209,-0.132,3,-0.984,-0.954,0,1009,0,0,3.296,9.430
938,0.000,-20.644,-8.624,0.566,3.193,9.322,-0.107,-17.787,-7.811,0.000,3.691,9.241,0.290,0.546,0.000,0.209,-0.132,3,-0.984,-0.954,1,965,0,1,3.021,9.339
939,0.000,-20.666,-8.646,0.555,3.219,9.293,-0.320,-17.809,-7.811,0.005,3.652,9.303,0.107,0.547,0.000,0.209,-0.132,3,-0.984,-0.955,0,910,1,0,3.021,9.247
940,0.000,-20.688,-8.690,0.566,3.312,9.291,-0.320,-17.809,-7.811,-0.016,3.583,9.291,-0.046,0.548,0.000,0.209,-0.132,3,-0.984,-0.955,0,892,1,0,3.113,9.247
941,0.000,-20.688,-8.712,0.478,3.576,9.279,-0.351,-17.831,-7.811,0.005,3.533,9.293,-0.076,0.549,0.000,0.209,-0.132,3,-0.984,-0.954,0,862,0,0,3.204,9.247
942,0.000,-20.688,-8.734,0.555,3.535,9.231,-0.290,-17.875,-7.811,-0.005,3.545,9.253,-0.198,0.550,0.000,0.209,-0.132,3,-0.984,-0.954,0,835,0,2,3.296,9.247
943,0.000,-20.688,-8.778,0.566,3.542,9.308,0.076,-17.875,-7.811,0.000,3.552,9.197,-0.229,0.550,0.000,0.209,-0.132,3,-0.984,-0.954,0,812,0,0,3.571,9.247
944,0.000,-20.688,-8.800,0.577,3.430,9.267,0.412,-17.897,-7.811,-0.005,3.540,9.188,-0.320,0.551,0.000,0.209,-0.132,3,-0.983,-0.955,0,785,0,0,3.479,9.155
945,0.000,-20.688,-8.822,0.522,3.169,9.229,0.381,-17.919,-7.811,0.000,3.526,9.178,-0.412,0.552,0.000,0.209,-0.132,3,-0.984,-0.955,0,777,0,1,3.479,9.247
946,0.000,-20.732,-8.844,0.511,3.209,9.183,0.534,-17.941,-7.811,0.000,3.576,9.152,-0.381,0.553,0.000,0.209,-0.132,3,-0.984,-0.955,0,733,0,0,3.388,9.247
947,0.000,-20.753,-8.866,0.533,3.233,9.166,0.565,-17.941,-7.811,0.000,3.600,9.123,-0.259,0.553,0.000,0.209,-0.132,3,-0.984,-0.955,0,696,0,0,3.113,9.155
948,0.000,-20.753,-8.888,0.533,3.435,9.430,0.992,-17.963,-7.811,-0.005,3.612,9.126,-0.229,0.553,0.000,0.209,-0.132,3,-0.985,-0.955,0,672,0,0,3.204,9.155
949,0.000,-20.753,-8.910,0.533,3.715,9.662,1.755,-17.963,-7.811,0.000,3.669,9.135,-0.046,0.554,0.000,0.209,-0.132,3,-0.983,-0.954,0,651,0,0,3.204,9.155
950,0.000,-20.732,-8.932,0.533,3.724,9.729,2.548,-17.963,-7.811,-0.005,3.645,9.114,-0.046,0.554,0.000,0.209,-0.132,3,-0.984,-0.954,0,610,1,1,3.388,9.430
951,0.000,-20.732,-8.954,0.544,3.597,9.770,3.250,-17.963,-7.811,0.000,3.616,9.087,-0.046,0.555,0.000,0.209,-0.132,3,-0.983,-0.954,0,584,4,0,3.662,9.613
952,0.000,-20.753,-8.954,0.533,3.406,9.774,3.616,-17.985,-7.811,-0.005,3.684,9.056,0.107,0.556,0.000,0.209,-0.132,3,-0.985,-0.955,0,552,0,0,3.662,9.705
953,0.000,-20.775,-8.976,0.533,3.133,9.712,4.013,-17.963,-7.811,0.000,3.731,9.027,0.412,0.556,0.000,0.209,-0.132,3,-0.988,-0.955,2,518,0,0,3.571,9.705
954,0.000,-20.819,-8.998,0.544,2.898,9.679,4.227,-17.963,-7.811,0.005,3.815,9.054,0.626,0.556,0.000,0.209,-0.132,3,-0.984,-0.954,0,485,0,0,3.388,9.705
955,0.000,-20.907,-8.998,0.533,2.850,9.681,4.105,-17.941,-7.811,-0.016,3.945,9.109,0.809,0.557,0.000,0.209,-0.132,3,-0.984,-0.955,0,466,0,0,3.113,9.705
956,0.000,-20.973,-9.020,0.555,2.846,9.712,4.288,-17.919,-7.811,-0.005,4.028,9.159,0.961,0.558,0.000,0.209,-0.132,3,-0.985,-0.954,0,412,3,0,2.838,9.613
957,0.000,-21.039,-9.020,0.544,2.783,9.712,4.227,-17.875,-7.811,0.000,4.098,9.188,1.114,0.558,0.000,0.209,-0.132,3,-0.987,-0.954,0,374,0,0,2.838,9.613
958,0.000,-21.105,-9.042,0.522,2.795,9.674,3.922,-17.831,-7.811,0.000,4.158,9.200,1.205,0.558,0.000,0.209,-0.132,3,-0.986,-0.954,3,361,1,0,2.838,9.705
959,0.000,-21.171,-9.064,0.544,2.970,9.655,3.708,-17.809,-7.811,0.005,4.141,9.248,1.114,0.558,0.000,0.209,-0.132,3,-0.985,-0.954,0,330,0,0,2.747,9.705
960,0.000,-21.215,-9.064,0.555,2.977,9.573,3.525,-17.765,-7.811,0.000,4.088,9.298,0.992,0.559,0.000,0.209,-0.132,3,-0.984,-0.957,0,285,1,0,2.747,9.613
961,0.000,-21.281,-9.086,0.544,2.812,9.485,3.555,-17.743,-7.811,-0.005,4.081,9.358,0.931,0.559,0.000,0.209,-0.132,3,-0.985,-0.955,0,172,2,0,2.930,9.613
962,0.000,-21.347,-9.108,0.544,2.779,9.478,3.342,-17.721,-7.811,0.000,4.024,9.298,0.656,0.559,0.000,0.209,-0.132,3,-0.985,-0.954,0,156,0,1,2.930,9.522
963,0.000,-21.413,-9.108,0.555,2.676,9.341,2.823,-17.699,-7.811,0.000,3.988,9.245,0.443,0.560,0.000,0.209,-0.132,3,-0.985,-0.954,3,146,1,0,2.747,9.430
964,0.000,-21.479,-9.130,0.544,2.594,9.202,2.640,-17.677,-7.811,0.000,4.014,9.214,0.381,0.561,0.000,0.209,-0.132,3,-0.985,-0.954,0,110,0,0,2.747,9.430
965,0.000,-21.545,-9.152,0.555,2.654,9.126,2.487,-17.655,-7.811,0.005,4.055,9.166,0.351,0.561,0.000,0.209,-0.132,3,-0.985,-0.955,6,90,0,1,2.655,9.339
966,0.000,-21.610,-9.152,0.522,2.776,9.042,2.426,-17.633,-7.811,0.005,3.990,9.130,0.320,0.561,0.000,0.209,-0.132,3,-0.984,-0.954,0,65,2,0,2.564,9.155
967,0.000,-21.632,-9.174,0.544,2.913,9.020,2.426,-17.611,-7.811,-0.005,3.964,9.116,0.320,0.562,0.000,0.209,-0.132,3,-0.984,-0.957,0,63,1,0,2.655,9.064
968,0.000,-21.654,-9.196,0.533,2.970,8.953,2.396,-17.589,-7.811,0.005,3.971,9.083,0.381,0.562,0.000,0.209,-0.132,3,-0.983,-0.955,0,56,0,0,2.747,8.972
969,0.000,-21.676,-9.196,0.566,2.972,8.831,2.426,-17.567,-7.811,0.000,3.916,9.039,0.351,0.563,0.000,0.209,-0.132,3,-0.984,-0.955,1,52,3,0,2.838,8.972
970,0.000,-21.698,-9.218,0.533,2.982,8.695,2.304,-17.545,-7.811,0.000,3.854,8.982,0.320,0.563,0.000,0.209,-0.132,3,-0.983,-0.954,1,44,3,0,2.930,8.881
971,0.000,-21.720,-9.240,0.544,2.898,8.647,2.060,-17.545,-7.811,0.000,3.837,8.960,0.351,0.563,0.000,0.209,-0.132,3,-0.984,-0.954,0,33,0,0,2.930,8.789
972,0.000,-21.720,-9.240,0.577,2.822,8.711,1.968,-17.523,-7.811,0.005,3.868,8.987,0.443,0.564,0.000,0.209,-0.132,3,-0.985,-0.954,0,22,0,0,2.930,8.606
973,0.000,-21.764,-9.262,0.566,2.769,8.704,1.724,-17.501,-7.811,-0.005,3.899,8.975,0.443,0.564,0.000,0.209,-0.132,3,-0.983,-0.954,0,16,0,0,2.838,8.606
974,0.000,-21.808,-9.284,0.544,2.688,8.647,1.236,-17.480,-7.811,0.016,3.947,8.939,0.534,0.564,0.000,0.209,-0.132,3,-0.984,-0.954,1,6,0,0,2.747,8.698
975,0.000,-21.830,-9.284,0.555,2.704,8.616,0.717,-17.458,-7.811,-0.005,3.980,8.929,0.687,0.564,0.000,0.209,-0.132,3,-0.984,-0.954,0,0,5,0,2.747,8.698
976,0.000,-21.874,-9.306,0.544,2.793,8.678,0.198,-17.436,-7.811,0.000,3.983,8.917,0.961,0.565,0.000,0.209,-0.132,3,-0.984,-0.955,0,4,0,0,2.655,8.606
977,0.000,-21.896,-9.328,0.566,2.869,8.778,-0.229,-17.414,-7.811,-0.005,3.945,8.913,0.870,0.565,0.000,0.209,-0.132,3,-0.984,-0.952,0,0,0,1,2.655,8.606
978,0.000,-21.918,-9.350,0.566,2.831,8.824,-0.809,-17.392,-7.811,-0.005,3.909,8.944,0.473,0.565,0.000,0.209,-0.132,3,-0.983,-0.955,0,0,0,0,2.747,8.606
979,0.000,-21.940,-9.371,0.577,2.860,8.913,-1.358,-17.370,-7.811,0.005,3.882,8.996,0.504,0.566,0.000,0.209,-0.132,3,-0.984,-0.954,0,0,1,1,2.838,8.698
980,0.000,-21.962,-9.371,0.555,3.114,9.047,-1.663,-17.370,-7.811,0.000,3.851,9.013,0.534,0.567,0.000,0.209,-0.132,3,-0.984,-0.955,0,0,1,0,2.747,8.789
981,0.000,-21.962,-9.393,0.555,3.339,9.185,-1.968,-17.348,-7.811,0.005,3.822,9.039,0.290,0.567,0.000,0.209,-0.132,3,-0.984,-0.954,0,0,0,2,2.838,8.881
982,0.000,-21.940,-9.415,0.555,3.478,9.355,-2.243,-17.348,-7.811,-0.005,3.755,9.109,0.198,0.567,0.000,0.209,-0.132,3,-0.984,-0.953,0,0,0,0,3.113,8.972
983,0.000,-21.940,-9.437,0.544,3.523,9.521,-2.518,-17.370,-7.811,0.005,3.652,9.126,0.000,0.568,0.000,0.209,-0.132,3,-0.983,-0.954,0,0,0,0,3.296,9.155
984,0.000,-21.918,-9.459,0.566,3.583,9.602,-2.640,-17.370,-7.811,-0.005,3.664,9.135,-0.351,0.569,0.000,0.209,-0.132,3,-0.985,-0.954,0,0,1,1,3.388,9.339
985,0.000,-21.896,-9.481,0.566,3.705,9.705,-2.335,-17.392,-7.811,-0.005,3.710,9.116,-0.534,0.569,0.000,0.209,-0.132,3,-0.984,-0.954,0,0,0,3,3.479,9.522
986,0.000,-21.852,-9.481,0.577,3.818,9.868,-2.213,-17.414,-7.811,0.000,3.593,9.116,-0.504,0.570,0.000,0.209,-0.132,3,-0.984,-0.955,0,0,0,0,3.571,9.522
987,0.000,-21.830,-9.503,0.555,3.954,10.045,-2.029,-17.436,-7.811,-0.016,3.509,9.181,-0.626,0.570,0.000,0.209,-0.132,3,-0.985,-0.955,0,0,0,0,3.662,9.705
988,0.000,-21.786,-9.525,0.555,3.978,10.177,-1.663,-17.458,-7.811,0.000,3.516,9.205,-0.748,0.570,0.000,0.209,-0.132,3,-0.984,-0.954,0,0,0,0,3.754,9.796
989,0.000,-21.764,-9.547,0.577,3.973,10.239,-1.297,-17.480,-7.811,0.005,3.516,9.229,-0.809,0.571,0.000,0.209,-0.132,3,-0.984,-0.954,0,0,2,0,3.937,9.979
990,0.000,-21.742,-9.547,0.566,3.985,10.284,-1.053,-17.523,-7.811,0.005,3.540,9.245,-0.717,0.572,0.000,0.209,-0.132,3,-0.983,-0.955,0,0,3,0,3.937,10.163
991,0.000,-21.698,-9.569,0.577,4.035,10.373,-0.626,-17.545,-7.811,-0.005,3.578,9.236,-0.595,0.572,0.000,0.209,-0.132,3,-0.985,-0.955,0,0,1,0,3.937,10.163
992,0.000,-21.676,-9.591,0.555,3.966,10.419,-0.320,-17.567,-7.811,-0.005,3.619,9.265,-0.443,0.572,0.000,0.209,-0.132,3,-0.988,-0.955,2,0,0,0,3.937,10.254
993,0.000,-21.654,-9.591,0.577,3.810,10.373,-0.168,-17.589,-7.811,0.005,3.633,9.265,-0.290,0.573,0.000,0.209,-0.132,3,-0.982,-0.954,0,0,0,0,4.028,10.346
994,0.000,-21.654,-9.613,0.566,3.820,10.311,0.137,-17.611,-7.811,0.000,3.664,9.245,0.000,0.574,0.000,0.209,-0.132,3,-0.983,-0.955,0,0,0,0,3.937,10.346
995,0.000,-21.632,-9.613,0.544,3.810,10.258,0.198,-17.611,-7.811,0.000,3.717,9.255,0.076,0.574,0.000,0.209,-0.132,3,-0.985,-0.955,0,0,3,0,3.754,10.346
996,0.000,-21.632,-9.635,0.555,3.712,10.208,0.259,-17.611,-7.811,0.000,3.782,9.253,0.320,0.574,0.000,0.209,-0.132,3,-0.986,-0.955,0,0,0,0,3.754,10.254
997,0.000,-21.610,-9.635,0.566,3.741,10.165,0.381,-17.611,-7.811,0.016,3.825,9.291,0.504,0.574,0.000,0.209,-0.132,3,-0.986,-0.955,5,0,0,0,3.754,10.254
998,0.000,-21.610,-9.657,0.555,3.779,10.134,0.626,-17.633,-7.811,0.005,3.791,9.308,0.412,0.575,0.000,0.209,-0.132,3,-0.985,-0.955,0,0,0,0,3.662,10.163
999,0.000,-21.588,-9.657,0.566,3.698,10.045,0.778,-17.633,-7.811,0.000,3.784,9.315,0.443,0.575,0.000,0.209,-0.132,3,-0.984,-0.954,1,0,0,0,3.662,10.163
1000,0.000,-21.588,-9.679,0.566,3.724,9.834,0.870,-17.633,-7.811,0.016,3.782,9.315,0.473,0.575,0.000,0.209,-0.132,3,-0.985,-0.955,0,2,1,0,3.754,10.071
1001,0.000,-21.566,-9.679,0.577,3.693,9.683,0.992,-17.633,-7.811,0.005,3.715,9.303,0.534,0.575,0.000,0.209,-0.132,3,-0.985,-0.956,0,0,1,0,3.662,9.979
1002,0.000,-21.545,-9.701,0.566,3.636,9.566,1.053,-17.655,-7.811,0.000,3.662,9.320,0.259,0.575,0.000,0.209,-0.132,3,-0.985,-0.954,2,0,1,0,3.662,9.796
1003,0.000,-21.523,-9.701,0.566,3.528,9.396,1.053,-17.677,-7.811,0.000,3.696,9.329,0.000,0.575,0.000,0.209,-0.132,3,-0.984,-0.955,0,0,0,0,3.662,9.613
1004,0.000,-21.523,-9.723,0.544,3.435,9.207,1.022,-17.677,-7.811,-0.005,3.686,9.298,0.015,0.576,0.000,0.209,-0.132,3,-0.985,-0.955,6,0,0,0,3.571,9.522
1005,0.000,-21.501,-9.723,0.577,3.435,9.083,0.809,-17.699,-7.811,-0.005,3.679,9.214,0.000,0.576,0.000,0.209,-0.132,3,-0.984,-0.955,0,0,3,0,3.479,9.339
1006,0.000,-21.501,-9.745,0.566,3.396,8.987,0.656,-17.699,-7.811,0.000,3.669,9.195,0.000,0.576,0.000,0.209,-0.132,3,-0.984,-0.957,0,0,1,0,3.388,9.155
1007,0.000,-21.479,-9.745,0.555,3.298,8.862,0.748,-17.721,-7.811,-0.005,3.662,9.147,-0.046,0.576,0.000,0.209,-0.132,3,-0.983,-0.955,0,0,0,0,3.388,9.064
1008,0.000,-21.479,-9.745,0.555,3.238,8.714,0.687,-17.721,-7.811,0.005,3.638,9.123,-0.137,0.577,0.000,0.209,-0.132,3,-0.984,-0.954,1,0,1,0,3.388,8.972
1009,0.000,-21.457,-9.767,0.577,3.193,8.620,0.565,-17.743,-7.811,-0.005,3.667,9.080,-0.107,0.577,0.000,0.209,-0.132,3,-0.984,-0.954,2,1,0,0,3.296,8.789
1010,0.000,-21.457,-9.767,0.577,3.121,8.539,0.473,-17.743,-7.811,0.000,3.657,9.025,0.000,0.577,0.000,0.209,-0.132,3,-0.984,-0.954,0,1,2,0,3.204,8.698
1011,0.000,-21.457,-9.789,0.555,3.047,8.453,0.229,-17.743,-7.811,-0.005,3.660,8.994,0.000,0.578,0.000,0.209,-0.132,3,-0.985,-0.954,0,0,0,1,3.113,8.606
1012,0.000,-21.457,-9.789,0.555,2.960,8.383,0.000,-17.743,-7.811,-0.016,3.684,8.970,-0.107,0.578,0.000,0.209,-0.132,3,-0.984,-0.955,0,78,0,0,3.113,8.515
1013,0.000,-21.479,-9.811,0.555,2.960,8.357,-0.168,-17.743,-7.811,-0.005,3.715,8.936,-0.076,0.578,0.000,0.209,-0.132,3,-0.984,-0.955,1,151,2,0,3.021,8.423
1014,0.000,-21.479,-9.811,0.588,3.018,8.383,-0.320,-17.721,-7.811,0.000,3.710,8.903,0.076,0.578,0.000,0.209,-0.132,3,-0.984,-0.954,0,211,6,0,2.930,8.331
1015,0.000,-21.479,-9.833,0.577,3.099,8.427,-0.473,-17.721,-7.811,0.000,3.633,8.936,0.229,0.579,0.000,0.209,-0.132,3,-0.984,-0.954,0,284,0,0,2.930,8.331
1016,0.000,-21.457,-9.833,0.577,3.166,8.455,-0.626,-17.721,-7.811,-0.016,3.626,8.917,0.229,0.579,0.000,0.209,-0.132,3,-0.984,-0.954,0,312,0,0,2.930,8.331
1017,0.000,-21.457,-9.833,0.577,3.202,8.520,-0.931,-17.743,-7.811,0.000,3.655,8.891,0.320,0.579,0.000,0.209,-0.132,3,-0.983,-0.955,0,327,0,0,3.021,8.423
1018,0.000,-21.435,-9.855,0.588,3.174,8.599,-1.083,-17.721,-7.811,0.000,3.655,8.915,0.290,0.579,0.000,0.209,-0.132,3,-0.984,-0.954,0,352,1,0,3.113,8.423
1019,0.000,-21.435,-9.855,0.555,3.126,8.707,-1.266,-17.721,-7.811,0.000,3.650,8.884,0.198,0.579,0.000,0.209,-0.132,3,-0.984,-0.954,2,363,0,0,3.113,8.515
1020,0.000,-21.435,-9.877,0.555,3.219,8.860,-1.328,-17.721,-7.811,-0.005,3.707,8.896,0.229,0.580,0.000,0.209,-0.132,3,-0.984,-0.954,0,371,0,0,3.113,8.515
1021,0.000,-21.435,-9.877,0.577,3.329,9.025,-1.480,-17.721,-7.811,-0.005,3.731,8.944,0.168,0.580,0.000,0.209,-0.132,3,-0.984,-0.953,0,376,0,0,3.113,8.698
1022,0.000,-21.435,-9.877,0.577,3.312,9.128,-1.602,-17.721,-7.811,0.005,3.672,9.004,0.046,0.581,0.000,0.209,-0.132,3,-0.983,-0.954,0,387,0,0,3.204,8.789
1023,0.000,-21.435,-9.899,0.555,3.356,9.188,-1.694,-17.721,-7.811,0.000,3.657,9.075,0.015,0.581,0.000,0.209,-0.132,3,-0.985,-0.954,0,402,0,2,3.296,8.972
1024,0.000,-21.413,-9.899,0.566,3.514,9.305,-1.785,-17.721,-7.811,0.000,3.657,9.073,0.000,0.581,0.000,0.209,-0.132,3,-0.984,-0.954,0,443,0,3,3.296,9.064
1025,0.000,-21.413,-9.899,0.577,3.585,9.458,-1.907,-17.743,-7.811,0.000,3.638,9.130,-0.229,0.581,0.000,0.209,-0.132,3,-0.984,-0.954,0,473,0,0,3.296,9.155
1026,0.000,-21.391,-9.921,0.577,3.607,9.540,-1.877,-17.743,-7.811,0.000,3.652,9.207,-0.351,0.581,0.000,0.209,-0.132,3,-0.985,-0.955,0,485,0,1,3.479,9.247
1027,0.000,-21.369,-9.921,0.599,3.605,9.578,-1.755,-17.765,-7.811,0.000,3.674,9.257,-0.473,0.581,0.000,0.209,-0.132,3,-0.983,-0.954,0,497,0,0,3.571,9.430
1028,0.000,-21.369,-9.943,0.588,3.583,9.669,-1.694,-17.765,-7.811,0.016,3.688,9.291,-0.626,0.582,0.000,0.209,-0.132,3,-0.984,-0.954,0,499,1,1,3.571,9.522
1029,0.000,-21.347,-9.943,0.577,3.593,9.758,-1.785,-17.765,-7.811,0.000,3.743,9.279,-0.504,0.582,0.000,0.209,-0.132,3,-0.987,-0.954,0,520,3,0,3.571,9.522
1030,0.000,-21.347,-9.943,0.577,3.595,9.810,-1.755,-17.787,-7.811,-0.005,3.791,9.310,-0.565,0.583,0.000,0.209,-0.132,3,-0.985,-0.955,0,541,0,0,3.571,9.613
1031,0.000,-21.347,-9.943,0.588,3.569,9.849,-1.541,-17.765,-7.811,-0.005,3.832,9.324,-0.534,0.583,0.000,0.209,-0.132,3,-0.987,-0.955,1,561,0,0,3.571,9.705
1032,0.000,-21.347,-9.965,0.577,3.628,9.892,-1.511,-17.765,-7.811,0.000,3.863,9.341,-0.381,0.583,0.000,0.209,-0.132,3,-0.986,-0.954,0,584,0,0,3.571,9.796
1033,0.000,-21.325,-9.965,0.577,3.715,9.882,-1.541,-17.765,-7.811,0.000,3.825,9.353,-0.198,0.583,0.000,0.209,-0.132,3,-0.983,-0.955,0,592,0,0,3.479,9.796
1034,0.000,-21.325,-9.965,0.577,3.684,9.875,-1.358,-17.765,-7.811,0.000,3.873,9.317,0.046,0.583,0.000,0.209,-0.132,3,-0.983,-0.954,0,608,2,0,3.571,9.888
1035,0.000,-21.325,-9.965,0.577,3.676,9.918,-1.358,-17.765,-7.811,0.005,3.949,9.324,0.137,0.583,0.000,0.209,-0.132,3,-0.987,-0.954,0,606,0,0,3.662,9.796
1036,0.000,-21.303,-9.965,0.599,3.588,9.873,-1.419,-17.743,-7.811,0.005,3.911,9.308,0.168,0.583,0.000,0.209,-0.132,3,-0.984,-0.954,0,615,0,0,3.662,9.796
1037,0.000,-21.303,-9.987,0.577,3.504,9.827,-1.358,-17.743,-7.811,0.016,3.894,9.288,0.259,0.583,0.000,0.209,-0.132,3,-0.984,-0.954,0,624,0,0,3.662,9.888
1038,0.000,-21.303,-9.987,0.588,3.561,9.806,-1.236,-17.721,-7.811,0.000,3.933,9.298,0.443,0.583,0.000,0.209,-0.132,3,-0.985,-0.956,0,641,0,0,3.571,9.796
1039,0.000,-21.303,-9.987,0.588,3.588,9.765,-1.175,-17.721,-7.811,0.000,3.921,9.281,0.412,0.584,0.000,0.209,-0.132,3,-0.985,-0.954,0,630,4,0,3.479,9.796
1040,0.000,-21.303,-9.987,0.577,3.590,9.719,-1.175,-17.699,-7.811,-0.005,3.899,9.269,0.381,0.584,0.000,0.209,-0.132,3,-0.985,-0.954,0,628,0,1,3.479,9.796
1041,0.000,-21.281,-9.987,0.577,3.595,9.655,-1.144,-17.699,-7.811,0.000,3.851,9.293,0.320,0.584,0.000,0.209,-0.132,3,-0.984,-0.954,2,637,1,0,3.571,9.705
1042,0.000,-21.259,-9.987,0.588,3.636,9.583,-1.083,-17.699,-7.811,-0.005,3.854,9.279,0.320,0.584,0.000,0.209,-0.132,3,-0.985,-0.954,0,645,0,0,3.571,9.705
1043,0.000,-21.259,-9.987,0.566,3.564,9.535,-1.022,-17.677,-7.811,0.000,3.899,9.265,0.229,0.584,0.000,0.209,-0.132,3,-0.985,-0.955,4,662,0,0,3.571,9.613
1044,0.000,-21.237,-9.987,0.577,3.439,9.502,-0.992,-17.677,-7.811,0.000,3.897,9.284,0.137,0.584,0.000,0.209,-0.132,3,-0.984,-0.954,0,671,2,0,3.571,9.522
1045,0.000,-21.237,-9.987,0.566,3.396,9.411,-1.053,-17.677,-7.811,0.000,3.880,9.250,0.290,0.584,0.000,0.209,-0.132,3,-0.985,-0.956,0,668,0,0,3.479,9.522
1046,0.000,-21.237,-9.987,0.555,3.317,9.329,-1.358,-17.655,-7.811,-0.005,3.865,9.205,0.259,0.584,0.000,0.209,-0.132,3,-0.983,-0.954,0,678,0,0,3.388,9.430
1047,0.000,-21.237,-9.987,0.588,3.267,9.281,-1.480,-17.655,-7.811,0.005,3.837,9.178,0.198,0.584,0.000,0.209,-0.132,3,-0.984,-0.954,0,688,1,0,3.388,9.339
1048,0.000,-21.259,-9.987,0.577,3.224,9.195,-1.572,-17.655,-7.811,0.000,3.877,9.147,0.046,0.584,0.000,0.209,-0.132,3,-0.984,-0.954,1,694,3,0,3.296,9.247
1049,0.000,-21.259,-9.987,0.577,3.190,9.164,-1.602,-17.633,-7.811,0.000,3.899,9.135,-0.015,0.584,0.000,0.209,-0.132,3,-0.984,-0.954,0,708,0,0,3.204,9.247
1050,0.000,-21.259,-9.987,0.577,3.188,9.154,-1.785,-17.611,-7.811,-0.005,3.854,9.104,-0.076,0.584,0.000,0.209,-0.132,3,-0.985,-0.953,0,720,0,0,3.204,9.155
1051,0.000,-21.281,-9.987,0.588,3.169,9.097,-2.121,-17.611,-7.811,0.000,3.822,9.054,-0.198,0.584,0.000,0.209,-0.132,3,-0.984,-0.954,0,725,0,0,3.113,9.155
1052,0.000,-21.281,-9.987,0.577,3.121,9.073,-2.365,-17.589,-7.811,0.005,3.849,9.020,-0.259,0.584,0.000,0.209,-0.132,3,-0.984,-0.954,1,747,2,0,3.113,9.155
1053,0.000,-21.303,-9.987,0.577,3.114,9.042,-2.457,-17.589,-7.811,0.005,3.825,9.025,-0.229,0.584,0.000,0.209,-0.132,3,-0.984,-0.954,0,759,5,0,3.113,9.064
1054,0.000,-21.303,-9.987,0.555,3.130,9.061,-2.548,-17.567,-7.811,0.000,3.765,8.989,-0.107,0.584,0.000,0.209,-0.132,3,-0.984,-0.954,0,771,0,0,3.113,9.064
1055,0.000,-21.325,-9.987,0.577,3.107,9.066,-2.579,-17.567,-7.811,0.005,3.758,8.927,-0.107,0.584,0.000,0.209,-0.132,3,-0.984,-0.952,0,778,0,1,3.113,8.972
1056,0.000,-21.325,-9.987,0.566,3.075,9.013,-2.914,-17.567,-7.811,0.016,3.765,8.953,-0.076,0.584,0.000,0.209,-0.132,3,-0.983,-0.954,0,785,2,0,3.113,8.972
1057,0.000,-21.347,-9.987,0.577,3.078,8.980,-3.098,-17.567,-7.811,0.005,3.729,8.965,0.015,0.584,0.000,0.209,-0.132,3,-0.984,-0.954,0,800,1,0,3.021,9.064
1058,0.000,-21.347,-9.987,0.577,3.118,8.958,-3.342,-17.545,-7.811,0.000,3.734,8.941,0.076,0.584,0.000,0.209,-0.132,3,-0.984,-0.954,0,820,1,1,3.021,8.972
1059,0.000,-21.347,-9.987,0.588,3.123,8.992,-3.647,-17.545,-7.811,0.000,3.779,8.922,-0.046,0.584,0.000,0.209,-0.132,3,-0.984,-0.954,0,835,1,0,3.021,8.972
1060,0.000,-21.369,-9.987,0.588,3.109,9.049,-3.830,-17.545,-7.811,0.005,3.796,8.898,-0.137,0.584,0.000,0.209,-0.132,3,-0.984,-0.952,0,836,0,0,3.113,8.881
1061,0.000,-21.369,-9.987,0.566,3.135,9.078,-4.044,-17.523,-7.811,0.000,3.767,8.922,-0.137,0.584,0.000,0.209,-0.132,3,-0.983,-0.954,0,845,0,0,3.113,8.972
1062,0.000,-21.369,-9.987,0.577,3.162,9.095,-3.952,-17.523,-7.811,-0.016,3.700,8.965,-0.168,0.584,0.000,0.209,-0.132,3,-0.985,-0.953,0,853,0,1,3.021,8.972
1063,0.000,-21.369,-9.987,0.566,3.178,9.111,-3.952,-17.523,-7.811,0.000,3.698,8.975,-0.198,0.584,0.000,0.209,-0.132,3,-0.984,-0.954,0,863,0,3,3.113,9.064
1064,0.000,-21.391,-9.987,0.566,3.152,9.116,-4.257,-17.523,-7.811,0.005,3.712,9.004,-0.259,0.584,0.000,0.209,-0.132,3,-0.984,-0.954,0,876,0,0,3.113,9.064
1065,0.000,-21.391,-9.987,0.588,3.178,9.171,-4.562,-17.523,-7.811,0.000,3.722,9.018,-0.229,0.584,0.000,0.209,-0.132,3,-0.984,-0.954,0,885,0,0,3.113,9.064
1066,0.000,-21.391,-9.987,0.577,3.217,9.243,-4.746,-17.523,-7.811,0.000,3.707,9.025,-0.259,0.584,0.000,0.209,-0.132,3,-0.983,-0.954,0,914,0,1,3.113,9.064
1067,0.000,-21.391,-9.987,0.577,3.310,9.351,-4.715,-17.523,-7.811,0.000,3.688,9.063,-0.381,0.584,0.000,0.209,-0.132,3,-0.984,-0.952,0,924,1,1,3.113,9.155
1068,0.000,-21.391,-9.987,0.577,3.310,9.396,-4.685,-17.545,-7.811,-0.005,3.712,9.126,-0.504,0.584,0.000,0.209,-0.132,3,-0.983,-0.954,0,928,3,0,3.204,9.155
1069,0.000,-21.391,-9.987,0.555,3.310,9.432,-4.715,-17.545,-7.811,0.000,3.727,9.152,-0.473,0.584,0.000,0.209,-0.132,3,-0.986,-0.953,0,932,0,0,3.296,9.339
1070,0.000,-21.391,-9.987,0.577,3.277,9.411,-4.746,-17.545,-7.811,0.005,3.688,9.157,-0.504,0.584,0.000,0.209,-0.132,3,-0.987,-0.954,2,947,0,0,3.296,9.339
1071,0.000,-21.391,-9.987,0.588,3.298,9.475,-4.654,-17.567,-7.811,-0.005,3.717,9.188,-0.717,0.584,0.000,0.209,-0.132,3,-0.983,-0.953,0,955,0,0,3.296,9.430
1072,0.000,-21.391,-9.987,0.566,3.363,9.514,-4.776,-17.567,-7.811,0.005,3.796,9.253,-0.717,0.584,0.000,0.209,-0.132,3,-0.983,-0.955,0,978,0,0,3.204,9.339
1073,0.000,-21.391,-9.987,0.566,3.363,9.537,-4.776,-17.567,-7.811,0.000,3.808,9.293,-0.626,0.584,0.000,0.209,-0.132,3,-0.986,-0.954,0,989,2,0,3.296,9.430
1074,0.000,-21.391,-9.987,0.566,3.341,9.602,-4.715,-17.567,-7.811,0.000,3.782,9.267,-0.565,0.584,0.000,0.209,-0.132,3,-0.987,-0.954,0,1000,0,0,3.296,9.430
1075,0.000,-21.391,-9.987,0.577,3.411,9.604,-4.685,-17.567,-7.811,-0.005,3.770,9.260,-0.626,0.584,0.000,0.209,-0.132,3,-0.985,-0.954,1,1003,1,0,3.296,9.522
1076,0.000,-21.391,-9.987,0.555,3.454,9.581,-4.593,-17.567,-7.811,0.000,3.801,9.296,-0.626,0.584,0.000,0.209,-0.132,3,-0.985,-0.954,0,1010,0,0,3.296,9.522
1077,0.000,-21.369,-9.987,0.577,3.466,9.619,-4.532,-17.567,-7.811,0.000,3.794,9.286,-0.565,0.584,0.000,0.209,-0.132,3,-0.984,-0.955,3,1027,0,0,3.388,9.522
1078,0.000,-21.369,-9.987,0.577,3.480,9.691,-4.410,-17.589,-7.811,-0.005,3.801,9.262,-0.412,0.584,0.000,0.209,-0.132,3,-0.985,-0.954,0,1027,2,0,3.388,9.522
1079,0.000,-21.369,-9.965,0.566,3.379,9.679,-4.227,-17.589,-7.811,0.000,3.822,9.317,-0.259,0.584,0.000,0.209,-0.132,3,-0.984,-0.955,0,1026,1,0,3.388,9.613
1080,0.000,-21.369,-9.965,0.566,3.396,9.657,-4.105,-17.589,-7.811,-0.005,3.834,9.339,-0.320,0.584,0.000,0.209,-0.132,3,-0.984,-0.954,2,1049,1,0,3.479,9.613
1081,0.000,-21.347,-9.965,0.544,3.468,9.652,-4.105,-17.589,-7.811,0.005,3.818,9.303,-0.381,0.583,0.000,0.209,-0.132,3,-0.984,-0.954,0,1052,0,0,3.296,9.613
1082,0.000,-21.347,-9.965,0.566,3.435,9.672,-3.952,-17.589,-7.811,0.000,3.830,9.293,-0.290,0.583,0.000,0.209,-0.132,3,-0.985,-0.954,2,1056,1,0,3.388,9.613
1083,0.000,-21.347,-9.965,0.566,3.411,9.693,-3.799,-17.589,-7.811,0.000,3.803,9.336,-0.198,0.583,0.000,0.209,-0.132,3,-0.984,-0.954,0,1059,3,0,3.388,9.613
1084,0.000,-21.347,-9.965,0.577,3.423,9.691,-3.647,-17.589,-7.811,0.000,3.772,9.355,-0.137,0.583,0.000,0.209,-0.132,3,-0.984,-0.956,0,1070,1,1,3.388,9.613
1085,0.000,-21.325,-9.943,0.566,3.451,9.683,-3.555,-17.589,-7.811,0.005,3.830,9.293,-0.290,0.583,0.000,0.209,-0.132,3,-0.983,-0.953,0,1078,0,0,3.388,9.613
1086,0.000,-21.325,-9.943,0.588,3.470,9.691,-3.464,-17.589,-7.811,0.000,3.844,9.288,-0.320,0.583,0.000,0.209,-0.132,3,-0.984,-0.954,0,1087,1,0,3.388,9.613
1087,0.000,-21.303,-9.943,0.588,3.461,9.683,-3.250,-17.589,-7.811,0.000,3.798,9.293,-0.290,0.583,0.000,0.209,-0.132,3,-0.983,-0.953,2,1089,3,0,3.388,9.613
1088,0.000,-21.303,-9.943,0.566,3.363,9.638,-3.159,-17.611,-7.811,0.000,3.748,9.300,-0.351,0.583,0.000,0.209,-0.132,3,-0.984,-0.953,0,1093,0,0,3.388,9.613
1089,0.000,-21.303,-9.921,0.577,3.312,9.626,-3.220,-17.611,-7.811,-0.005,3.784,9.291,-0.198,0.583,0.000,0.209,-0.132,3,-0.984,-0.954,0,1096,0,0,3.388,9.613
1090,0.000,-21.303,-9.921,0.577,3.315,9.626,-3.098,-17.611,-7.811,0.000,3.808,9.238,-0.137,0.583,0.000,0.209,-0.132,3,-0.984,-0.954,0,1094,0,0,3.296,9.613
1091,0.000,-21.303,-9.921,0.588,3.288,9.616,-2.945,-17.611,-7.811,0.000,3.746,9.121,-0.107,0.582,0.000,0.209,-0.132,3,-0.984,-0.954,1,1099,0,0,3.296,9.613
1092,0.000,-21.303,-9.899,0.588,3.279,9.604,-2.762,-17.611,-7.811,-0.005,3.741,9.090,-0.198,0.582,0.000,0.209,-0.132,3,-0.984,-0.954,0,1095,3,0,3.296,9.613
1093,0.000,-21.303,-9.899,0.566,3.272,9.576,-2.518,-17.611,-7.811,0.000,3.734,9.078,-0.229,0.582,0.000,0.209,-0.132,3,-0.984,-0.953,0,1098,1,0,3.204,9.613
1094,0.000,-21.325,-9.877,0.555,3.262,9.537,-2.457,-17.611,-7.811,-0.005,3.715,9.102,-0.320,0.581,0.000,0.209,-0.132,3,-0.984,-0.951,0,1107,0,1,3.204,9.522
1095,0.000,-21.303,-9.877,0.577,3.233,9.525,-2.396,-17.611,-7.811,-0.005,3.736,9.066,-0.351,0.581,0.000,0.209,-0.132,3,-0.983,-0.953,0,1125,1,0,3.204,9.522
1096,0.000,-21.325,-9.855,0.566,3.174,9.485,-2.243,-17.611,-7.811,-0.005,3.767,9.008,-0.168,0.581,0.000,0.209,-0.132,3,-0.984,-0.953,1,1127,0,0,3.204,9.522
1097,0.000,-21.325,-9.855,0.566,3.171,9.470,-2.121,-17.611,-7.811,-0.005,3.741,9.001,-0.107,0.581,0.000,0.209,-0.132,3,-0.984,-0.954,0,1140,0,1,3.204,9.522
1098,0.000,-21.325,-9.833,0.566,3.087,9.482,-1.968,-17.611,-7.811,0.000,3.727,8.982,-0.168,0.580,0.000,0.209,-0.132,3,-0.984,-0.953,0,1157,0,0,3.113,9.430
1099,0.000,-21.347,-9.833,0.577,3.008,9.456,-1.968,-17.589,-7.811,0.000,3.760,8.987,-0.320,0.580,0.000,0.209,-0.132,3,-0.984,-0.954,3,1158,0,5,3.113,9.430
1100,0.000,-21.369,-9.811,0.566,3.004,9.408,-1.755,-17.589,-7.811,0.000,3.786,8.972,-0.320,0.579,0.000,0.209,-0.132,3,-0.983,-0.953,0,1160,0,0,3.021,9.430
1101,0.000,-21.369,-9.789,0.588,3.006,9.379,-1.877,-17.589,-7.811,0.000,3.791,8.925,-0.351,0.579,0.000,0.209,-0.132,3,-0.984,-0.952,0,1158,0,2,2.930,9.430
1102,0.000,-21.391,-9.789,0.544,3.020,9.379,-1.755,-17.567,-7.811,-0.005,3.739,8.946,-0.229,0.579,0.000,0.209,-0.132,3,-0.984,-0.953,0,1158,0,1,2.930,9.339
1103,0.000,-21.391,-9.767,0.577,3.073,9.415,-1.480,-17.567,-7.811,0.000,3.779,8.972,-0.137,0.578,0.000,0.209,-0.132,3,-0.984,-0.954,0,1158,0,0,2.930,9.339
1104,0.000,-21.391,-9.745,0.566,3.107,9.425,-1.114,-17.545,-7.811,-0.005,3.885,8.958,-0.168,0.578,0.000,0.209,-0.132,3,-0.984,-0.954,0,1160,0,0,3.021,9.339
1105,0.000,-21.391,-9.723,0.577,3.001,9.377,-1.022,-17.545,-7.811,0.005,3.830,8.946,-0.229,0.578,0.000,0.209,-0.132,3,-0.983,-0.954,0,1160,1,0,3.021,9.339
1106,0.000,-21.413,-9.701,0.566,2.929,9.332,-0.992,-17.523,-7.811,-0.005,3.775,8.984,-0.320,0.577,0.000,0.209,-0.132,3,-0.984,-0.953,0,1159,2,0,3.021,9.339
1107,0.000,-21.435,-9.679,0.577,2.929,9.317,-0.931,-17.523,-7.811,-0.005,3.849,9.013,-0.351,0.576,0.000,0.209,-0.132,3,-0.984,-0.953,0,1162,3,0,2.930,9.339
1108,0.000,-21.435,-9.657,0.555,2.927,9.355,-0.687,-17.501,-7.811,0.005,3.918,9.025,-0.229,0.576,0.000,0.209,-0.132,3,-0.985,-0.954,0,1165,0,0,2.930,9.247
1109,0.000,-21.457,-9.635,0.555,2.858,9.355,-0.473,-17.480,-7.811,0.000,3.894,9.049,-0.015,0.575,0.000,0.209,-0.132,3,-0.982,-0.953,0,1170,0,0,2.930,9.247
1110,0.000,-21.457,-9.613,0.577,2.855,9.329,-0.381,-17.480,-7.811,-0.016,3.899,9.039,-0.015,0.575,0.000,0.209,-0.132,3,-0.981,-0.953,0,1168,0,0,2.838,9.339
1111,0.000,-21.479,-9.591,0.555,2.884,9.324,-0.229,-17.458,-7.811,0.000,3.983,9.054,-0.107,0.575,0.000,0.209,-0.132,3,-0.985,-0.952,0,1187,0,0,2.838,9.339
1112,0.000,-21.501,-9.569,0.555,2.853,9.363,-0.046,-17.436,-7.811,0.000,3.961,9.116,-0.107,0.574,0.000,0.209,-0.132,3,-0.985,-0.953,0,1201,3,0,2.838,9.247
1113,0.000,-21.501,-9.547,0.566,2.822,9.375,0.000,-17.414,-7.811,-0.005,3.935,9.128,-0.137,0.574,0.000,0.209,-0.132,3,-0.986,-0.953,0,1220,0,0,2.838,9.247
1114,0.000,-21.523,-9.525,0.555,2.862,9.382,0.107,-17.392,-7.811,-0.005,3.973,9.111,-0.046,0.573,0.000,0.209,-0.132,3,-0.985,-0.953,2,1238,0,0,2.838,9.339
1115,0.000,-21.523,-9.481,0.555,2.860,9.372,0.229,-17.392,-7.811,0.000,3.973,9.207,0.015,0.572,0.000,0.209,-0.132,3,-0.984,-0.953,0,1242,0,0,2.747,9.339
1116,0.000,-21.545,-9.459,0.577,2.759,9.303,0.259,-17.370,-7.811,0.000,4.000,9.257,0.076,0.572,0.000,0.209,-0.132,3,-0.985,-0.953,2,1248,0,0,2.838,9.339
1117,0.000,-21.566,-9.437,0.555,2.704,9.253,0.229,-17.348,-7.811,0.000,4.055,9.200,0.107,0.570,0.000,0.209,-0.132,3,-0.985,-0.953,0,1257,2,0,2.838,9.339
1118,0.000,-21.588,-9.415,0.577,2.688,9.243,0.137,-17.326,-7.811,0.000,4.076,9.207,0.198,0.570,0.000,0.209,-0.132,3,-0.985,-0.953,0,1266,0,0,2.747,9.247
1119,0.000,-21.610,-9.393,0.555,2.683,9.233,-0.015,-17.304,-7.811,0.000,4.038,9.257,0.168,0.569,0.000,0.209,-0.132,3,-0.984,-0.953,0,1270,1,0,2.655,9.247
1120,0.000,-21.632,-9.371,0.555,2.661,9.200,-0.229,-17.304,-7.811,-0.005,3.988,9.298,0.107,0.569,0.000,0.209,-0.132,3,-0.985,-0.953,0,1277,0,0,2.655,9.155
1121,0.000,-21.654,-9.328,0.544,2.673,9.174,-0.626,-17.282,-7.811,0.000,4.007,9.303,0.107,0.568,0.000,0.209,-0.132,3,-0.985,-0.953,3,1281,0,0,2.655,9.155
1122,0.000,-21.654,-9.306,0.566,2.769,9.169,-0.778,-17.282,-7.811,-0.005,4.047,9.296,0.137,0.567,0.000,0.209,-0.132,3,-0.984,-0.953,0,1285,3,0,2.655,9.155
1123,0.000,-21.676,-9.284,0.555,2.829,9.193,-0.961,-17.260,-7.811,0.000,4.035,9.296,0.168,0.566,0.000,0.209,-0.132,3,-0.984,-0.955,0,1285,0,0,2.655,9.155
1124,0.000,-21.654,-9.262,0.566,2.862,9.224,-0.992,-17.260,-7.811,0.000,3.961,9.300,0.046,0.565,0.000,0.209,-0.132,3,-0.983,-0.953,0,1282,0,0,2.747,9.155
1125,0.000,-21.654,-9.218,0.544,2.996,9.284,-0.992,-17.238,-7.811,0.000,3.925,9.276,0.000,0.565,0.000,0.209,-0.132,3,-0.984,-0.953,0,1282,0,0,2.747,9.155
1126,0.000,-21.632,-9.196,0.533,3.066,9.327,-0.809,-17.238,-7.811,0.000,3.911,9.212,-0.015,0.564,0.000,0.209,-0.132,3,-0.984,-0.953,1,1297,0,0,2.838,9.155
1127,0.000,-21.610,-9.152,0.555,3.023,9.334,-0.778,-17.238,-7.811,0.000,3.798,9.181,-0.076,0.564,0.000,0.209,-0.132,3,-0.984,-0.952,0,1297,0,0,2.930,9.247
1128,0.000,-21.588,-9.130,0.555,3.066,9.375,-0.534,-17.260,-7.811,0.016,3.712,9.147,-0.198,0.563,0.000,0.209,-0.132,3,-0.984,-0.952,0,1304,0,1,3.021,9.247
1129,0.000,-21.545,-9.086,0.555,3.193,9.523,-0.076,-17.260,-7.811,-0.005,3.739,9.109,-0.229,0.562,0.000,0.209,-0.132,3,-0.983,-0.953,0,1300,3,0,3.021,9.247
1130,0.000,-21.501,-9.064,0.555,3.356,9.736,0.259,-17.260,-7.811,-0.005,3.746,9.071,-0.198,0.561,0.000,0.209,-0.132,3,-0.984,-0.953,1,1315,1,0,3.021,9.339
1131,0.000,-21.479,-9.020,0.566,3.303,9.758,0.626,-17.282,-7.811,0.005,3.722,9.027,-0.107,0.560,0.000,0.209,-0.132,3,-0.984,-0.953,0,1339,5,0,3.113,9.522
1132,0.000,-21.435,-8.976,0.555,3.116,9.686,0.870,-17.282,-7.811,0.000,3.710,8.987,-0.015,0.559,0.000,0.209,-0.132,3,-0.984,-0.953,0,1344,0,0,3.296,9.705
1133,0.000,-21.413,-8.932,0.555,3.207,9.698,0.870,-17.282,-7.811,0.016,3.777,8.980,0.015,0.558,0.000,0.209,-0.132,3,-0.984,-0.951,0,1347,0,0,3.296,9.705
1134,0.000,-21.369,-8.888,0.544,2.982,9.657,0.565,-17.282,-7.811,0.005,3.827,8.948,0.076,0.557,0.000,0.209,-0.132,3,-0.983,-0.953,0,1347,0,0,3.113,9.613
1135,0.000,-21.369,-8.844,0.533,2.972,9.770,0.229,-17.260,-7.811,0.000,3.882,8.958,0.046,0.556,0.000,0.209,-0.132,3,-0.984,-0.953,0,1347,0,1,3.204,9.613
1136,0.000,-21.347,-8.800,0.566,3.238,10.028,0.290,-17.260,-7.811,-0.005,3.887,9.006,0.168,0.554,0.000,0.209,-0.132,3,-0.984,-0.953,1,1350,1,1,2.930,9.613
1137,0.000,-21.303,-8.756,0.555,3.255,10.107,0.351,-17.260,-7.811,-0.005,3.746,9.071,0.229,0.553,0.000,0.209,-0.132,3,-0.984,-0.952,0,1343,0,1,2.930,9.705
1138,0.000,-21.281,-8.712,0.533,3.183,9.918,0.320,-17.260,-7.811,0.005,3.633,9.090,0.137,0.553,0.000,0.209,-0.132,3,-0.984,-0.952,0,1354,0,0,3.204,9.979
1139,0.000,-21.237,-8.668,0.544,3.336,9.839,0.076,-17.282,-7.811,0.000,3.638,9.054,0.000,0.552,0.000,0.209,-0.132,3,-0.984,-0.953,0,1364,0,3,3.204,10.071
1140,0.000,-21.193,-8.624,0.544,3.415,9.863,0.015,-17.282,-7.811,0.000,3.691,9.016,-0.107,0.550,0.000,0.209,-0.132,3,-0.984,-0.951,0,1354,0,3,3.113,9.888
1141,0.000,-21.149,-8.580,0.544,3.190,9.837,0.137,-17.304,-7.811,0.005,3.722,9.056,-0.046,0.549,0.000,0.209,-0.132,3,-0.984,-0.952,0,1349,0,3,3.296,9.796
1142,0.000,-21.127,-8.558,0.544,2.927,9.753,-0.015,-17.304,-7.811,0.000,3.758,9.118,0.000,0.548,0.000,0.209,-0.132,3,-0.984,-0.953,0,1352,0,0,3.388,9.796
1143,0.000,-21.105,-8.493,0.533,2.949,9.614,-0.443,-17.304,-7.811,0.000,3.789,9.123,-0.107,0.547,0.000,0.209,-0.132,3,-0.984,-0.952,1,1358,0,2,3.113,9.796
1144,0.000,-21.083,-8.471,0.533,3.056,9.473,-0.809,-17.304,-7.811,-0.005,3.782,9.135,-0.046,0.546,0.000,0.209,-0.132,3,-0.983,-0.953,0,1338,0,0,2.838,9.705
1145,0.000,-21.039,-8.427,0.544,3.121,9.427,-1.144,-17.326,-7.811,0.005,3.739,9.188,-0.076,0.544,0.000,0.209,-0.132,3,-0.984,-0.952,0,1340,1,1,2.930,9.613
1146,0.000,-20.995,-8.383,0.544,3.312,9.425,-1.297,-17.326,-7.811,0.005,3.662,9.265,-0.320,0.544,0.000,0.209,-0.132,3,-0.986,-0.952,0,1354,3,0,3.021,9.430
1147,0.000,-20.907,-8.339,0.533,3.561,9.413,-1.450,-17.348,-7.811,0.000,3.667,9.298,-0.504,0.542,0.000,0.209,-0.132,3,-0.986,-0.953,0,1353,0,0,3.113,9.339
1148,0.000,-20.819,-8.295,0.544,3.588,9.336,-1.236,-17.370,-7.811,0.000,3.676,9.262,-0.687,0.542,0.000,0.209,-0.132,3,-0.986,-0.952,1,1356,0,0,3.296,9.339
1149,0.000,-20.732,-8.251,0.522,3.526,9.267,-1.022,-17.392,-7.811,0.005,3.588,9.250,-0.809,0.541,0.000,0.209,-0.132,3,-0.986,-0.952,0,1366,0,0,3.479,9.339
1150,0.000,-20.644,-8.185,0.522,3.375,9.207,-0.931,-17.414,-7.811,0.000,3.499,9.274,-0.717,0.539,0.000,0.209,-0.132,3,-0.983,-0.952,0,1353,0,0,3.571,9.247
1151,0.000,-20.578,-8.141,0.544,3.123,9.061,-0.870,-17.458,-7.811,-0.005,3.521,9.260,-0.626,0.538,0.000,0.209,-0.132,3,-0.987,-0.952,0,1366,2,0,3.479,9.247
1152,0.000,-20.534,-8.097,0.522,3.061,8.989,-1.114,-17.480,-7.811,0.016,3.576,9.248,-0.412,0.536,0.000,0.209,-0.132,3,-0.987,-0.952,0,1379,0,0,3.296,9.155
1153,0.000,-20.468,-8.053,0.533,3.128,9.039,-1.205,-17.501,-7.811,0.000,3.707,9.238,-0.168,0.535,0.000,0.209,-0.132,3,-0.984,-0.952,1,1398,0,0,3.113,8.972
1154,0.000,-20.402,-8.009,0.522,3.130,9.073,-1.114,-17.523,-7.811,0.005,3.786,9.257,-0.046,0.534,0.000,0.209,-0.132,3,-0.984,-0.953,0,1425,0,0,3.021,8.972
1155,0.000,-20.358,-7.943,0.522,3.236,9.037,-1.266,-17.523,-7.811,-0.016,3.717,9.286,-0.046,0.533,0.000,0.209,-0.132,3,-0.985,-0.953,3,1440,0,0,3.113,8.972
1156,0.000,-20.270,-7.899,0.511,3.482,9.090,-1.114,-17.545,-7.811,0.005,3.633,9.293,-0.076,0.531,0.000,0.209,-0.132,3,-0.984,-0.952,0,1483,3,0,3.113,9.064
1157,0.000,-20.160,-7.855,0.522,3.573,9.150,-1.022,-17.567,-7.811,0.005,3.564,9.298,-0.137,0.530,0.000,0.209,-0.132,3,-0.985,-0.953,0,1510,1,0,3.204,8.972
1158,0.000,-20.072,-7.789,0.522,3.439,9.121,-1.144,-17.589,-7.811,0.000,3.571,9.265,-0.107,0.529,0.000,0.209,-0.132,3,-0.984,-0.952,0,1553,0,0,3.479,9.064
1159,0.000,-19.984,-7.745,0.522,3.317,9.142,-1.297,-17.611,-7.811,-0.005,3.605,9.253,-0.198,0.528,0.000,0.209,-0.132,3,-0.985,-0.952,0,1582,1,0,3.571,9.064
1160,0.000,-19.919,-7.680,0.511,3.241,9.219,-1.541,-17.633,-7.811,-0.005,3.616,9.253,-0.320,0.526,0.000,0.209,-0.132,3,-0.985,-0.953,6,1609,0,1,3.388,9.064
1161,0.000,-19.853,-7.636,0.500,3.121,9.272,-1.816,-17.655,-7.811,0.000,3.605,9.236,-0.259,0.525,0.000,0.209,-0.132,3,-0.984,-0.952,0,1625,3,0,3.296,9.064
1162,0.000,-19.809,-7.592,0.500,3.128,9.238,-1.938,-17.677,-7.811,0.005,3.585,9.257,-0.168,0.523,0.000,0.209,-0.132,3,-0.984,-0.953,0,1643,0,0,3.204,9.155
1163,0.000,-19.743,-7.526,0.522,3.387,9.303,-1.968,-17.699,-7.811,0.000,3.595,9.250,-0.259,0.522,0.000,0.209,-0.132,3,-0.983,-0.952,0,1666,0,0,3.113,9.247
1164,0.000,-19.655,-7.460,0.522,3.674,9.478,-1.816,-17.721,-7.811,0.005,3.549,9.231,-0.626,0.520,0.000,0.209,-0.132,3,-0.984,-0.952,0,1676,0,0,3.113,9.155
1165,0.000,-19.545,-7.416,0.522,3.796,9.573,-1.663,-17.743,-7.811,0.005,3.475,9.241,-0.809,0.520,0.000,0.209,-0.132,3,-0.983,-0.952,1,1685,2,0,3.388,9.247
1166,0.000,-19.435,-7.350,0.522,3.842,9.573,-1.480,-17.765,-7.811,-0.005,3.435,9.226,-0.748,0.518,0.000,0.209,-0.132,3,-0.984,-0.952,0,1688,0,0,3.662,9.430
1167,0.000,-19.325,-7.306,0.511,3.775,9.511,-0.992,-17.809,-7.811,0.000,3.425,9.197,-0.748,0.516,0.000,0.209,-0.132,3,-0.985,-0.951,0,1696,0,1,3.754,9.522
1168,0.000,-19.237,-7.240,0.500,3.573,9.415,-0.992,-17.831,-7.811,0.000,3.420,9.090,-0.809,0.514,0.000,0.209,-0.132,3,-0.984,-0.952,0,1718,0,0,3.754,9.522
1169,0.000,-19.149,-7.196,0.500,3.403,9.375,-1.022,-17.853,-7.811,0.000,3.406,9.039,-0.870,0.513,0.000,0.209,-0.132,3,-0.984,-0.953,1,1738,0,0,3.754,9.430
1170,0.000,-19.084,-7.130,0.500,3.260,9.308,-1.266,-17.897,-7.811,0.000,3.461,9.102,-0.961,0.511,0.000,0.209,-0.132,3,-0.984,-0.952,0,1749,3,0,3.571,9.339
1171,0.000,-19.018,-7.086,0.500,3.245,9.308,-1.480,-17.897,-7.811,0.005,3.583,9.121,-0.748,0.510,0.000,0.209,-0.132,3,-0.984,-0.952,0,1755,0,0,3.388,9.339
1172,0.000,-18.952,-7.020,0.511,3.533,9.384,-1.297,-17.919,-7.811,-0.005,3.667,9.095,-0.687,0.509,0.000,0.209,-0.132,3,-0.984,-0.950,0,1762,0,0,3.204,9.247
1173,0.000,-18.842,-6.954,0.478,3.815,9.597,-0.931,-17.919,-7.811,0.000,3.645,9.104,-0.656,0.508,0.000,0.209,-0.132,3,-0.983,-0.952,0,1771,1,0,3.204,9.247
1174,0.000,-18.754,-6.911,0.489,3.588,9.463,-1.022,-17.919,-7.811,0.005,3.576,9.147,-0.595,0.506,0.000,0.209,-0.132,3,-0.984,-0.953,0,1775,1,0,3.479,9.339
1175,0.000,-18.666,-6.845,0.511,3.406,9.035,-1.266,-17.941,-7.811,0.000,3.545,9.150,-0.412,0.504,0.000,0.209,-0.132,3,-0.984,-0.952,0,1780,1,1,3.754,9.522
1176,0.000,-18.578,-6.779,0.500,3.564,9.006,-1.419,-17.941,-7.811,-0.005,3.631,9.083,-0.168,0.503,0.000,0.209,-0.132,3,-0.984,-0.952,0,1784,0,0,3.571,9.430
1177,0.000,-18.468,-6.735,0.489,3.645,9.243,-1.114,-17.941,-7.811,-0.005,3.715,9.116,-0.076,0.501,0.000,0.209,-0.132,3,-0.984,-0.951,0,1778,0,0,3.388,8.972
1178,0.000,-18.380,-6.669,0.489,3.387,9.310,-1.266,-17.963,-7.811,0.000,3.573,9.171,-0.198,0.499,0.000,0.209,-0.132,3,-0.983,-0.952,0,1776,0,0,3.479,8.972
1179,0.000,-18.314,-6.603,0.500,3.233,9.166,-1.633,-17.963,-7.811,0.000,3.609,9.162,-0.381,0.499,0.000,0.209,-0.132,3,-0.984,-0.952,0,1778,0,0,3.571,9.155
1180,0.000,-18.227,-6.537,0.478,3.564,9.099,-1.694,-17.963,-7.811,-0.005,3.700,9.083,-0.259,0.497,0.000,0.209,-0.132,3,-0.984,-0.951,0,1779,0,0,3.388,9.247
1181,0.000,-18.117,-6.493,0.500,3.933,9.145,-1.175,-17.963,-7.811,-0.005,3.724,9.087,-0.168,0.495,0.000,0.209,-0.132,3,-0.984,-0.952,0,1779,0,0,3.204,9.155
1182,0.000,-17.985,-6.427,0.489,3.990,9.346,-0.626,-17.963,-7.811,-0.005,3.717,9.202,-0.107,0.493,0.000,0.209,-0.132,3,-0.985,-0.952,0,1773,0,0,3.479,9.064
1183,0.000,-17.853,-6.361,0.467,3.729,9.420,-0.381,-17.963,-7.811,0.000,3.679,9.245,-0.198,0.492,0.000,0.209,-0.132,3,-0.983,-0.952,0,1767,0,0,3.845,9.064
1184,0.000,-17.765,-6.295,0.467,3.597,9.298,-0.443,-17.963,-7.811,0.000,3.719,9.195,-0.198,0.490,0.000,0.209,-0.132,3,-0.983,-0.951,0,1770,1,1,3.937,9.339
1185,0.000,-17.677,-6.229,0.467,3.564,9.238,-0.412,-17.963,-7.811,0.000,3.777,9.135,-0.046,0.488,0.000,0.209,-0.132,3,-0.983,-0.952,0,1768,3,0,3.662,9.339
1186,0.000,-17.567,-6.163,0.478,3.547,9.375,-0.381,-17.963,-7.811,0.005,3.684,9.178,-0.137,0.487,0.000,0.209,-0.132,3,-0.986,-0.951,1,1768,0,1,3.571,9.247
1187,0.000,-17.501,-6.098,0.511,3.478,9.480,-0.412,-17.963,-7.811,0.000,3.614,9.310,-0.381,0.485,0.000,0.209,-0.132,3,-0.982,-0.952,0,1769,0,0,3.479,9.155
1188,0.000,-17.414,-6.032,0.467,3.492,9.485,-0.229,-17.985,-7.811,0.000,3.729,9.300,-0.443,0.484,0.000,0.209,-0.132,3,-0.982,-0.951,0,1775,0,0,3.479,9.339
1189,0.000,-17.326,-5.966,0.445,3.511,9.485,-0.351,-17.963,-7.811,0.005,3.894,9.214,-0.259,0.482,0.000,0.209,-0.132,3,-0.987,-0.950,0,1769,0,0,3.388,9.430
1190,0.000,-17.260,-5.900,0.467,3.509,9.487,-0.290,-17.941,-7.811,-0.005,3.990,9.221,-0.137,0.480,0.000,0.209,-0.132,3,-0.985,-0.952,0,1773,2,0,3.479,9.430
1191,0.000,-17.172,-5.834,0.467,3.736,9.595,-0.320,-17.919,-7.811,0.016,3.942,9.207,-0.198,0.478,0.000,0.209,-0.132,3,-0.986,-0.952,0,1785,1,0,3.479,9.430
1192,0.000,-17.084,-5.746,0.467,3.485,9.593,-0.473,-17.919,-7.811,0.005,3.818,9.188,-0.229,0.477,0.000,0.209,-0.132,3,-0.984,-0.952,0,1784,1,0,3.479,9.430
1193,0.000,-17.018,-5.680,0.467,3.107,9.418,-1.053,-17.897,-7.811,0.000,3.873,9.174,-0.259,0.475,0.000,0.209,-0.132,3,-0.984,-0.952,0,1785,0,0,3.662,9.522
1194,0.000,-16.974,-5.614,0.456,3.176,9.308,-1.083,-17.875,-7.811,-0.005,4.052,9.104,-0.198,0.473,0.000,0.209,-0.132,3,-0.985,-0.952,3,1785,0,0,3.479,9.522
1195,0.000,-16.908,-5.548,0.467,3.372,9.348,-1.022,-17.831,-7.811,0.005,4.067,9.095,-0.046,0.471,0.000,0.209,-0.132,3,-0.985,-0.952,0,1780,2,0,3.021,9.339
1196,0.000,-16.842,-5.482,0.456,3.487,9.468,-0.900,-17.809,-7.811,0.016,3.956,9.114,-0.168,0.469,0.000,0.209,-0.132,3,-0.985,-0.953,0,1784,1,0,3.113,9.247
1197,0.000,-16.754,-5.416,0.445,3.528,9.482,-0.717,-17.787,-7.811,0.000,3.945,9.126,-0.259,0.467,0.000,0.209,-0.132,3,-0.985,-0.952,0,1783,0,0,3.296,9.339
1198,0.000,-16.688,-5.350,0.467,3.530,9.528,-0.504,-17.765,-7.811,-0.005,3.978,9.085,-0.290,0.466,0.000,0.209,-0.132,3,-0.985,-0.951,0,1786,0,0,3.479,9.430
1199,0.000,-16.601,-5.285,0.456,3.480,9.504,-0.412,-17.721,-7.811,-0.005,3.968,8.965,-0.076,0.464,0.000,0.209,-0.132,3,-0.985,-0.952,0,1788,0,0,3.479,9.430
1200,0.000,-16.513,-5.219,0.456,3.588,9.377,-0.229,-17.699,-7.811,0.000,3.976,8.953,0.046,0.462,0.000,0.209,-0.132,3,-0.984,-0.951,0,1780,3,0,3.479,9.522
1201,0.000,-16.447,-5.153,0.456,3.118,9.305,-0.381,-17.677,-7.811,0.005,3.966,8.992,-0.015,0.460,0.000,0.209,-0.132,3,-0.984,-0.953,0,1786,0,1,3.479,9.430
1202,0.000,-16.403,-5.087,0.456,2.881,9.265,-0.717,-17.655,-7.811,-0.005,3.956,8.987,-0.046,0.459,0.000,0.209,-0.132,3,-0.983,-0.951,0,1790,0,0,3.571,9.339
1203,0.000,-16.359,-4.999,0.434,3.348,9.439,-0.687,-17.611,-7.811,0.005,4.100,8.972,0.107,0.457,0.000,0.209,-0.132,3,-0.984,-0.952,1,1789,0,0,3.113,9.247
1204,0.000,-16.293,-4.933,0.434,3.478,9.377,-0.381,-17.567,-7.811,0.000,4.184,8.956,0.168,0.455,0.000,0.209,-0.132,3,-0.983,-0.951,2,1789,2,0,2.838,9.247
1205,0.000,-16.227,-4.867,0.456,3.083,9.071,-0.656,-17.523,-7.811,0.016,3.947,8.996,0.015,0.453,0.000,0.209,-0.132,3,-0.984,-0.951,0,1791,0,0,3.296,9.430
1206,0.000,-16.139,-4.801,0.434,3.447,9.176,-0.778,-17.501,-7.811,-0.005,3.882,9.035,0.137,0.451,0.000,0.209,-0.132,3,-0.985,-0.951,0,1792,0,1,3.388,9.339
1207,0.000,-16.051,-4.713,0.456,3.861,9.461,-0.443,-17.480,-7.811,0.000,4.083,9.011,0.320,0.449,0.000,0.209,-0.132,3,-0.983,-0.951,0,1796,1,0,3.021,9.064
1208,0.000,-15.941,-4.647,0.434,3.514,9.581,-0.046,-17.458,-7.811,0.000,4.117,8.984,0.137,0.448,0.000,0.209,-0.132,3,-0.984,-0.952,1,1794,2,0,3.388,9.155
1209,0.000,-15.897,-4.581,0.434,2.977,9.358,-0.168,-17.414,-7.811,0.000,3.973,9.020,-0.076,0.445,0.000,0.209,-0.132,3,-0.984,-0.951,3,1799,0,0,3.845,9.430
1210,0.000,-15.832,-4.493,0.434,3.178,9.329,-0.168,-17.392,-7.811,0.000,3.949,9.023,0.229,0.444,0.000,0.209,-0.132,3,-0.984,-0.951,0,1806,0,0,3.479,9.522
1211,0.000,-15.788,-4.428,0.445,3.198,9.432,0.076,-17.370,-7.811,-0.016,4.045,8.953,0.229,0.442,0.000,0.209,-0.132,3,-0.985,-0.951,0,1808,0,0,2.930,9.339
1212,0.000,-15.766,-4.362,0.434,2.697,9.272,-0.137,-17.348,-7.811,-0.016,4.035,8.915,0.137,0.440,0.000,0.209,-0.132,3,-0.983,-0.951,0,1808,1,0,3.113,9.247
1213,0.000,-15.722,-4.296,0.434,3.042,9.312,-0.595,-17.304,-7.811,0.000,4.055,8.948,0.320,0.438,0.000,0.209,-0.132,3,-0.985,-0.950,1,1804,0,1,3.113,9.430
1214,0.000,-15.656,-4.208,0.434,3.559,9.451,-0.595,-17.282,-7.811,0.000,4.220,9.018,0.534,0.436,0.000,0.209,-0.132,3,-0.985,-0.951,0,1809,0,1,2.655,9.247
1215,0.000,-15.590,-4.142,0.423,3.262,9.463,-0.565,-17.238,-7.811,-0.027,4.234,9.054,0.473,0.434,0.000,0.209,-0.132,3,-0.984,-0.951,0,1806,0,0,3.021,9.247
1216,0.000,-15.524,-4.076,0.423,3.145,9.569,-0.595,-17.194,-7.811,-0.005,4.076,9.071,0.290,0.433,0.000,0.209,-0.132,3,-0.984,-0.951,0,1811,0,0,3.479,9.430
1217,0.000,-15.458,-4.010,0.423,3.638,9.667,-0.351,-17.172,-7.811,0.016,4.002,9.121,0.198,0.431,0.000,0.209,-0.132,3,-0.983,-0.951,0,1815,0,0,3.204,9.430
1218,0.000,-15.370,-3.922,0.423,3.614,9.664,0.000,-17.150,-7.811,-0.016,3.956,9.126,0.137,0.429,0.000,0.209,-0.132,3,-0.984,-0.950,0,1816,1,3,3.113,9.522
1219,0.000,-15.304,-3.856,0.423,3.229,9.700,0.000,-17.150,-7.811,0.000,3.851,9.102,0.000,0.427,0.000,0.209,-0.132,3,-0.984,-0.951,0,1819,0,0,3.571,9.613
1220,0.000,-15.260,-3.790,0.412,3.116,9.648,0.000,-17.150,-7.811,-0.005,4.045,9.083,0.046,0.424,0.000,0.209,-0.132,3,-0.984,-0.951,0,1823,0,0,3.571,9.613
1221,0.000,-15.216,-3.724,0.412,3.150,9.514,0.137,-17.106,-7.811,0.000,4.105,9.030,0.046,0.423,0.000,0.209,-0.132,3,-0.985,-0.951,0,1822,0,0,3.204,9.613
1222,0.000,-15.172,-3.659,0.412,3.097,9.458,0.076,-17.084,-7.811,0.016,4.093,9.059,0.137,0.422,0.000,0.209,-0.132,3,-0.983,-0.951,0,1827,0,0,3.113,9.613
1223,0.000,-15.128,-3.571,0.401,3.118,9.554,0.107,-17.062,-7.811,0.016,4.093,9.092,0.290,0.420,0.000,0.209,-0.132,3,-0.984,-0.950,0,1832,2,0,3.113,9.430
1224,0.000,-15.084,-3.505,0.412,3.214,9.578,0.076,-17.040,-7.811,-0.005,4.031,9.145,0.412,0.418,0.000,0.209,-0.132,3,-0.985,-0.951,0,1834,4,0,3.021,9.430
1225,0.000,-15.019,-3.439,0.412,3.250,9.490,0.076,-17.040,-7.811,0.000,3.995,9.152,0.473,0.415,0.000,0.209,-0.132,3,-0.986,-0.951,0,1847,0,0,3.113,9.522
1226,0.000,-14.953,-3.351,0.412,3.449,9.566,0.381,-17.018,-7.811,0.000,3.952,9.118,0.595,0.414,0.000,0.209,-0.132,3,-0.981,-0.951,0,1854,0,0,3.204,9.522
1227,0.000,-14.865,-3.285,0.412,3.576,9.585,0.748,-17.018,-7.811,0.000,3.880,9.126,0.412,0.412,0.000,0.209,-0.132,3,-0.982,-0.950,0,1855,0,0,3.204,9.430
1228,0.000,-14.799,-3.219,0.401,3.315,9.454,0.961,-17.018,-7.811,0.016,3.863,9.140,0.320,0.410,0.000,0.209,-0.132,3,-0.983,-0.951,0,1860,1,0,3.388,9.522
1229,0.000,-14.733,-3.153,0.412,2.958,9.360,0.778,-17.018,-7.811,-0.005,3.899,9.095,0.473,0.408,0.000,0.209,-0.132,3,-0.984,-0.951,0,1868,3,0,3.571,9.522
1230,0.000,-14.689,-3.087,0.379,2.992,9.346,0.534,-16.996,-7.811,0.000,4.016,9.035,0.656,0.406,0.000,0.209,-0.132,3,-0.985,-0.951,0,1872,0,0,3.296,9.430
1231,0.000,-14.667,-2.999,0.412,2.822,9.202,0.320,-16.974,-7.811,0.005,4.124,9.035,0.839,0.404,0.000,0.209,-0.132,3,-0.984,-0.951,0,1874,0,0,2.930,9.339
1232,0.000,-14.645,-2.933,0.379,2.927,9.375,0.290,-16.952,-7.811,0.000,4.038,9.138,0.748,0.403,0.000,0.209,-0.132,3,-0.985,-0.951,0,1874,0,0,2.930,9.339
1233,0.000,-14.601,-2.867,0.379,2.984,9.375,0.000,-16.952,-7.811,-0.005,3.959,9.188,0.656,0.401,0.000,0.209,-0.132,3,-0.985,-0.952,4,1881,0,0,2.747,9.155
1234,0.000,-14.579,-2.802,0.390,2.858,9.087,-0.320,-16.952,-7.811,-0.016,4.002,9.164,0.809,0.399,0.000,0.209,-0.132,3,-0.985,-0.950,0,1878,3,0,2.838,9.339
1235,0.000,-14.513,-2.736,0.390,3.296,9.056,-0.595,-16.930,-7.811,0.000,3.904,9.193,0.748,0.397,0.000,0.209,-0.132,3,-0.985,-0.952,0,1884,1,0,2.930,9.339
1236,0.000,-14.425,-2.670,0.390,3.509,9.274,-0.504,-16.952,-7.811,-0.016,3.784,9.193,0.656,0.395,0.000,0.209,-0.132,3,-0.985,-0.950,0,1884,0,0,2.838,9.064
1237,0.000,-14.337,-2.604,0.379,3.470,9.552,-0.412,-16.974,-7.811,0.000,3.638,9.200,0.320,0.394,0.000,0.209,-0.132,3,-0.985,-0.950,0,1879,0,0,3.296,8.972
1238,0.000,-14.249,-2.538,0.379,3.296,9.346,-0.290,-16.996,-7.811,0.005,3.490,9.245,0.076,0.392,0.000,0.209,-0.132,3,-0.985,-0.950,0,1885,1,0,3.479,9.247
1239,0.000,-14.206,-2.472,0.379,3.186,9.231,-0.137,-17.040,-7.811,0.000,3.566,9.197,-0.046,0.390,0.000,0.209,-0.132,3,-0.984,-0.950,0,1883,1,0,3.388,9.522
1240,0.000,-14.140,-2.406,0.390,3.025,9.286,-0.351,-17.062,-7.811,0.005,3.662,9.095,0.000,0.389,0.000,0.209,-0.132,3,-0.984,-0.950,0,1889,0,0,3.296,9.339
1241,0.000,-14.096,-2.340,0.379,3.063,9.276,-0.412,-17.084,-7.811,0.000,3.667,9.059,-0.015,0.387,0.000,0.209,-0.132,3,-0.984,-0.950,0,1890,0,1,3.113,9.155
1242,0.000,-14.030,-2.274,0.368,3.238,9.231,-0.168,-17.106,-7.811,0.005,3.803,9.073,0.076,0.385,0.000,0.209,-0.132,3,-0.984,-0.950,0,1889,1,0,3.021,9.247
1243,0.000,-13.964,-2.186,0.390,3.310,9.344,0.000,-17.106,-7.811,0.005,3.904,9.126,0.290,0.383,0.000,0.209,-0.132,3,-0.984,-0.950,1,1893,1,0,3.021,9.247
1244,0.000,-13.898,-2.120,0.368,3.226,9.494,-0.198,-17.106,-7.811,-0.005,3.784,9.183,0.168,0.381,0.000,0.209,-0.132,3,-0.984,-0.949,0,1896,0,0,3.204,9.155
1245,0.000,-13.832,-2.054,0.379,3.219,9.406,-0.137,-17.106,-7.811,0.005,3.648,9.200,-0.015,0.379,0.000,0.209,-0.132,3,-0.984,-0.950,0,1895,0,0,3.296,9.339
1246,0.000,-13.766,-1.989,0.368,3.636,9.432,0.198,-17.150,-7.811,-0.005,3.516,9.205,0.046,0.378,0.000,0.209,-0.132,3,-0.983,-0.950,0,1894,3,0,3.204,9.430
1247,0.000,-13.656,-1.923,0.368,3.600,9.463,0.320,-17.194,-7.811,0.000,3.408,9.195,0.046,0.376,0.000,0.209,-0.132,3,-0.984,-0.950,1,1893,3,0,3.204,9.339
1248,0.000,-13.590,-1.857,0.379,3.229,9.497,0.443,-17.238,-7.811,0.005,3.494,9.176,0.107,0.374,0.000,0.209,-0.132,3,-0.984,-0.950,2,1892,0,0,3.571,9.430
1249,0.000,-13.524,-1.791,0.368,3.178,9.581,0.229,-17.260,-7.811,0.005,3.691,9.171,0.076,0.372,0.000,0.209,-0.132,3,-0.984,-0.950,0,1896,1,0,3.571,9.430
1250,0.000,-13.480,-1.725,0.379,3.212,9.521,0.046,-17.260,-7.811,0.000,3.794,9.183,0.259,0.370,0.000,0.209,-0.132,3,-0.984,-0.949,0,1899,0,0,3.204,9.430
1251,0.000,-13.436,-1.659,0.368,3.056,9.470,-0.229,-17.260,-7.811,0.000,3.810,9.253,0.443,0.369,0.000,0.209,-0.132,3,-0.983,-0.949,0,1895,1,0,3.113,9.522
1252,0.000,-13.415,-1.593,0.357,2.846,9.382,-0.687,-17.282,-7.811,0.000,3.765,9.312,0.412,0.368,0.000,0.209,-0.132,3,-0.984,-0.949,1,1897,0,0,3.204,9.522
1253,0.000,-13.393,-1.549,0.357,2.965,9.420,-0.870,-17.304,-7.811,0.000,3.667,9.315,0.534,0.366,0.000,0.209,-0.132,3,-0.985,-0.949,0,1899,0,2,3.021,9.430
1254,0.000,-13.349,-1.483,0.357,3.236,9.506,-0.900,-17.326,-7.811,0.000,3.588,9.296,0.534,0.364,0.000,0.209,-0.132,3,-0.984,-0.949,0,1904,0,0,2.838,9.339
1255,0.000,-13.283,-1.417,0.368,3.458,9.475,-0.992,-17.370,-7.811,0.000,3.516,9.320,0.290,0.363,0.000,0.209,-0.132,3,-0.984,-0.949,0,1920,0,0,2.930,9.339
1256,0.000,-13.173,-1.351,0.357,3.734,9.490,-0.778,-17.392,-7.811,0.000,3.442,9.411,0.000,0.361,0.000,0.209,-0.132,3,-0.984,-0.949,0,1914,0,3,3.204,9.430
1257,0.000,-13.085,-1.285,0.346,3.648,9.509,-0.656,-17.458,-7.811,-0.005,3.423,9.415,-0.046,0.359,0.000,0.209,-0.132,3,-0.984,-0.947,0,1924,0,3,3.388,9.430
1258,0.000,-12.997,-1.220,0.357,3.327,9.427,-0.595,-17.501,-7.811,0.000,3.435,9.324,-0.107,0.358,0.000,0.209,-0.132,3,-0.984,-0.949,0,1929,0,0,3.662,9.430
1259,0.000,-12.931,-1.154,0.357,3.305,9.322,-0.900,-17.545,-7.811,-0.005,3.449,9.303,-0.107,0.356,0.000,0.209,-0.132,3,-0.984,-0.949,0,1933,0,2,3.571,9.430
1260,0.000,-12.865,-1.110,0.335,3.260,9.219,-0.748,-17.567,-7.811,0.000,3.540,9.293,-0.137,0.354,0.000,0.209,-0.132,3,-0.984,-0.949,2,1937,0,2,3.296,9.339
1261,0.000,-12.799,-1.044,0.335,3.291,9.274,-0.961,-17.589,-7.811,-0.005,3.650,9.279,-0.168,0.352,0.000,0.209,-0.132,3,-0.983,-0.949,0,1940,0,0,3.296,9.247
1262,0.000,-12.733,-0.978,0.335,3.095,9.291,-1.083,-17.611,-7.811,0.000,3.688,9.296,-0.137,0.351,0.000,0.209,-0.132,3,-0.984,-0.949,0,1942,0,1,3.204,9.155
1263,0.000,-12.689,-0.912,0.335,3.231,9.257,-0.961,-17.633,-7.811,0.000,3.458,9.310,-0.076,0.349,0.000,0.209,-0.132,3,-0.983,-0.949,0,1934,5,0,3.204,9.247
1264,0.000,-12.602,-0.846,0.335,3.619,9.303,-1.053,-17.677,-7.811,0.000,3.480,9.291,-0.198,0.347,0.000,0.209,-0.132,3,-0.986,-0.950,1,1937,0,1,3.021,9.247
1265,0.000,-12.514,-0.802,0.335,3.423,9.171,-1.114,-17.699,-7.811,0.005,3.403,9.315,-0.381,0.346,0.000,0.209,-0.132,3,-0.984,-0.950,0,1942,0,0,3.204,9.247
1266,0.000,-12.426,-0.736,0.335,3.348,9.090,-1.053,-17.743,-7.811,0.000,3.411,9.310,-0.290,0.344,0.000,0.209,-0.132,3,-0.985,-0.949,0,1949,0,0,3.571,9.247
1267,0.000,-12.338,-0.670,0.346,3.729,9.324,-0.931,-17.787,-7.811,-0.005,3.442,9.250,-0.229,0.343,0.000,0.209,-0.132,3,-0.983,-0.950,0,1961,0,0,3.388,9.155
1268,0.000,-12.228,-0.604,0.335,3.600,9.449,-1.022,-17.831,-7.811,-0.005,3.389,9.231,-0.259,0.341,0.000,0.209,-0.132,3,-0.985,-0.950,0,1966,2,0,3.296,9.064
1269,0.000,-12.162,-0.538,0.346,3.224,9.384,-0.931,-17.853,-7.811,0.005,3.427,9.195,-0.259,0.339,0.000,0.209,-0.132,3,-0.984,-0.950,0,1968,0,0,3.662,9.247
1270,0.000,-12.096,-0.472,0.324,3.277,9.250,-0.900,-17.875,-7.811,0.000,3.482,9.095,-0.107,0.338,0.000,0.209,-0.132,3,-0.984,-0.950,0,1979,1,0,3.571,9.430
1271,0.000,-12.030,-0.407,0.313,3.243,9.200,-1.175,-17.897,-7.811,0.000,3.509,9.085,-0.046,0.336,0.000,0.209,-0.132,3,-0.985,-0.950,0,1988,0,0,3.204,9.339
1272,0.000,-11.964,-0.363,0.335,3.329,9.243,-1.511,-17.919,-7.811,0.000,3.573,9.109,-0.046,0.335,0.000,0.209,-0.132,3,-0.985,-0.950,4,1994,0,1,3.204,9.247
1273,0.000,-11.898,-0.297,0.335,3.320,9.262,-1.846,-17.919,-7.811,-0.016,3.633,9.159,-0.137,0.333,0.000,0.209,-0.132,3,-0.985,-0.950,0,2008,2,0,3.204,9.155
1274,0.000,-11.832,-0.231,0.313,3.411,9.427,-1.846,-17.941,-7.811,0.000,3.554,9.226,-0.381,0.332,0.000,0.209,-0.132,3,-0.985,-0.952,0,2015,0,0,3.296,9.155
1275,0.000,-11.767,-0.165,0.324,3.384,9.492,-1.846,-17.963,-7.811,0.005,3.415,9.236,-0.351,0.330,0.000,0.209,-0.132,3,-0.984,-0.950,0,2028,0,0,3.296,9.247
1276,0.000,-11.701,-0.121,0.313,3.305,9.401,-1.907,-18.007,-7.811,-0.016,3.327,9.229,-0.626,0.328,0.000,0.209,-0.132,3,-0.984,-0.950,0,2038,0,0,3.388,9.339
1277,0.000,-11.613,-0.055,0.324,3.696,9.470,-1.816,-18.029,-7.811,0.000,3.375,9.195,-0.778,0.326,0.000,0.209,-0.132,3,-0.985,-0.950,1,2055,1,0,3.296,9.430
1278,0.000,-11.525,0.000,0.324,3.741,9.612,-1.572,-18.073,-7.811,0.000,3.480,9.142,-0.778,0.325,0.000,0.209,-0.132,3,-0.984,-0.950,0,2062,2,0,3.296,9.339
1279,0.000,-11.437,0.033,0.302,3.638,9.763,-1.175,-18.073,-7.811,-0.016,3.530,9.138,-0.809,0.324,0.000,0.209,-0.132,3,-0.984,-0.949,0,2078,0,0,3.662,9.430
1280,0.000,-11.349,0.099,0.324,3.367,9.674,-0.961,-18.095,-7.811,0.000,3.621,9.157,-0.900,0.322,0.000,0.209,-0.132,3,-0.984,-0.950,0,2090,0,0,3.662,9.522
1281,0.000,-11.305,0.165,0.335,2.992,9.458,-0.961,-18.095,-7.811,0.000,3.722,9.164,-0.839,0.321,0.000,0.209,-0.132,3,-0.984,-0.950,0,2097,1,0,3.571,9.705
1282,0.000,-11.283,0.231,0.313,3.209,9.442,-1.114,-18.095,-7.811,0.000,3.770,9.133,-0.595,0.319,0.000,0.209,-0.132,3,-0.984,-0.950,1,2113,0,0,3.296,9.613
1283,0.000,-11.239,0.275,0.324,3.174,9.442,-1.205,-18.073,-7.811,0.000,3.751,9.066,-0.473,0.317,0.000,0.209,-0.132,3,-0.984,-0.950,0,2116,0,0,2.930,9.430
1284,0.000,-11.195,0.341,0.313,3.020,9.413,-1.541,-18.073,-7.811,0.000,3.672,9.121,-0.565,0.315,0.000,0.209,-0.132,3,-0.985,-0.950,0,2118,0,1,3.204,9.430
1285,0.000,-11.151,0.407,0.302,3.198,9.444,-1.663,-18.073,-7.811,0.000,3.698,9.226,-0.412,0.314,0.000,0.209,-0.132,3,-0.983,-0.950,0,2128,3,0,3.113,9.430
1286,0.000,-11.085,0.472,0.313,3.391,9.408,-1.816,-18.073,-7.811,0.000,3.741,9.245,-0.412,0.313,0.000,0.209,-0.132,3,-0.984,-0.951,1,2139,0,0,3.021,9.339
1287,0.000,-11.019,0.538,0.324,3.514,9.401,-1.724,-18.073,-7.811,0.005,3.710,9.224,-0.351,0.311,0.000,0.209,-0.132,3,-0.984,-0.950,4,2139,0,0,3.113,9.430
1288,0.000,-10.932,0.582,0.302,3.470,9.499,-1.572,-18.073,-7.811,-0.005,3.715,9.219,-0.534,0.309,0.000,0.209,-0.132,3,-0.984,-0.950,0,2148,0,1,3.388,9.339
1289,0.000,-10.866,0.648,0.313,3.308,9.559,-1.419,-18.073,-7.811,0.005,3.667,9.243,-0.565,0.307,0.000,0.209,-0.132,3,-0.985,-0.953,1,2160,1,2,3.479,9.339
1290,0.000,-10.822,0.714,0.313,3.181,9.437,-1.297,-18.073,-7.811,-0.016,3.619,9.217,-0.443,0.306,0.000,0.209,-0.132,3,-0.983,-0.950,0,2160,1,0,3.388,9.430
1291,0.000,-10.756,0.780,0.302,3.209,9.327,-1.144,-18.073,-7.811,0.000,3.669,9.126,-0.473,0.304,0.000,0.209,-0.132,3,-0.984,-0.950,0,2167,1,2,3.296,9.522
1292,0.000,-10.712,0.846,0.291,3.188,9.322,-0.961,-18.073,-7.811,0.000,3.796,9.075,-0.351,0.303,0.000,0.209,-0.132,3,-0.984,-0.950,2,2176,0,2,3.113,9.430
1293,0.000,-10.668,0.912,0.302,3.188,9.320,-0.839,-18.051,-7.811,-0.005,3.889,9.106,-0.320,0.301,0.000,0.209,-0.132,3,-0.984,-0.950,0,2184,0,0,3.204,9.247
1294,0.000,-10.602,0.978,0.302,3.217,9.375,-0.900,-18.029,-7.811,0.000,3.885,9.133,-0.351,0.299,0.000,0.209,-0.132,3,-0.984,-0.950,0,2194,0,0,3.113,9.247
1295,0.000,-10.558,1.022,0.280,3.209,9.324,-0.961,-18.007,-7.811,0.000,3.842,9.154,-0.168,0.298,0.000,0.209,-0.132,3,-0.983,-0.950,0,2198,0,0,3.113,9.247
1296,0.000,-10.492,1.088,0.302,3.336,9.229,-1.083,-18.007,-7.811,-0.005,3.825,9.130,-0.168,0.296,0.000,0.209,-0.132,3,-0.984,-0.949,0,2210,1,1,3.204,9.339
1297,0.000,-10.404,1.154,0.269,3.420,9.267,-1.175,-17.985,-7.811,0.005,3.865,9.078,-0.259,0.294,0.000,0.209,-0.132,3,-0.984,-0.950,0,2225,0,0,3.204,9.247
1298,0.000,-10.338,1.220,0.280,3.272,9.334,-1.144,-17.963,-7.811,0.005,3.813,9.097,-0.320,0.293,0.000,0.209,-0.132,3,-0.985,-0.951,0,2231,0,0,3.296,9.155
1299,0.000,-10.294,1.285,0.291,3.061,9.418,-1.328,-17.963,-7.811,0.000,3.789,9.104,-0.443,0.292,0.000,0.209,-0.132,3,-0.983,-0.950,3,2241,0,1,3.388,9.247
1300,0.000,-10.250,1.351,0.280,3.039,9.430,-1.419,-17.941,-7.811,0.000,3.825,9.095,-0.504,0.290,0.000,0.209,-0.132,3,-0.983,-0.950,0,2248,1,0,3.204,9.247
1301,0.000,-10.206,1.417,0.258,3.111,9.418,-1.389,-17.919,-7.811,0.000,3.892,9.071,-0.565,0.288,0.000,0.209,-0.132,3,-0.985,-0.950,0,2250,0,0,3.021,9.339
1302,0.000,-10.163,1.461,0.280,3.229,9.432,-1.175,-17.897,-7.811,-0.005,3.942,9.032,-0.565,0.286,0.000,0.209,-0.132,3,-0.984,-0.950,0,2250,4,0,3.021,9.430
1303,0.000,-10.097,1.527,0.280,3.394,9.511,-0.992,-17.875,-7.811,-0.005,3.904,9.004,-0.565,0.284,0.000,0.209,-0.132,3,-0.986,-0.951,0,2255,0,0,3.021,9.339
1304,0.000,-10.053,1.593,0.269,3.126,9.528,-0.931,-17.853,-7.811,0.000,3.877,8.970,-0.656,0.283,0.000,0.209,-0.132,3,-0.984,-0.950,1,2271,0,0,3.204,9.430
1305,0.000,-10.009,1.659,0.269,2.920,9.379,-1.022,-17.831,-7.811,-0.016,3.851,8.965,-0.473,0.282,0.000,0.209,-0.132,3,-0.981,-0.950,0,2271,0,0,3.388,9.430
1306,0.000,-9.965,1.725,0.291,3.284,9.341,-1.022,-17.787,-7.811,0.005,3.973,8.901,-0.229,0.280,0.000,0.209,-0.132,3,-0.986,-0.948,0,2283,0,0,3.113,9.522
1307,0.000,-9.899,1.791,0.258,3.370,9.454,-0.839,-17.765,-7.811,-0.005,3.873,8.927,-0.259,0.278,0.000,0.209,-0.132,3,-0.987,-0.950,0,2293,2,0,2.838,9.339
1308,0.000,-9.855,1.857,0.269,3.075,9.482,-0.778,-17.743,-7.811,0.000,3.854,8.956,-0.412,0.276,0.000,0.209,-0.132,3,-0.986,-0.950,0,2295,0,0,3.204,9.339
1309,0.000,-9.811,1.901,0.258,3.018,9.468,-0.870,-17.721,-7.811,0.005,3.954,8.965,-0.534,0.274,0.000,0.209,-0.132,3,-0.984,-0.950,0,2297,0,0,3.296,9.430
1310,0.000,-9.767,1.967,0.258,3.205,9.511,-1.053,-17.677,-7.811,0.000,4.050,8.960,-0.443,0.273,0.000,0.209,-0.132,3,-0.984,-0.951,0,2298,0,0,3.021,9.430
1311,0.000,-9.701,2.033,0.258,3.322,9.511,-0.778,-17.655,-7.811,0.000,4.021,8.915,-0.290,0.271,0.000,0.209,-0.132,3,-0.984,-0.950,3,2298,0,0,2.930,9.430
1312,0.000,-9.657,2.098,0.269,3.253,9.537,-0.687,-17.611,-7.811,0.000,4.019,8.963,-0.198,0.270,0.000,0.209,-0.132,3,-0.985,-0.950,0,2299,2,0,3.204,9.430
1313,0.000,-9.591,2.164,0.269,3.286,9.667,-0.320,-17.589,-7.811,-0.005,4.028,9.011,-0.259,0.269,0.000,0.209,-0.132,3,-0.984,-0.951,0,2307,1,0,3.296,9.430
1314,0.000,-9.547,2.208,0.280,3.296,9.652,-0.107,-17.545,-7.811,-0.005,3.947,9.004,-0.168,0.267,0.000,0.209,-0.132,3,-0.984,-0.950,0,2301,0,0,3.204,9.522
1315,0.000,-9.503,2.274,0.258,3.066,9.490,-0.168,-17.523,-7.811,0.005,3.995,8.996,-0.198,0.265,0.000,0.209,-0.132,3,-0.985,-0.950,0,2305,0,0,3.204,9.613
1316,0.000,-9.459,2.340,0.269,3.078,9.401,-0.320,-17.501,-7.811,0.000,4.088,8.989,-0.107,0.264,0.000,0.209,-0.132,3,-0.985,-0.950,0,2310,1,0,3.296,9.613
1317,0.000,-9.415,2.406,0.258,3.233,9.384,-0.412,-17.458,-7.811,-0.005,4.114,9.037,0.015,0.262,0.000,0.209,-0.132,3,-0.984,-0.950,0,2304,4,0,3.021,9.430
1318,0.000,-9.371,2.450,0.247,3.107,9.391,-0.687,-17.414,-7.811,0.000,4.153,9.102,0.076,0.260,0.000,0.209,-0.132,3,-0.984,-0.949,0,2315,0,1,3.021,9.339
1319,0.000,-9.328,2.516,0.258,2.984,9.399,-0.839,-17.392,-7.811,0.005,4.146,9.185,0.046,0.259,0.000,0.209,-0.132,3,-0.983,-0.950,0,2327,0,0,3.204,9.339
1320,0.000,-9.284,2.582,0.247,3.135,9.458,-0.748,-17.370,-7.811,0.005,4.112,9.233,-0.046,0.258,0.000,0.209,-0.132,3,-0.984,-0.950,1,2313,2,0,3.021,9.339
1321,0.000,-9.240,2.626,0.258,3.236,9.463,-0.717,-17.348,-7.811,0.005,4.007,9.217,-0.168,0.256,0.000,0.209,-0.132,3,-0.984,-0.950,1,2324,0,0,2.930,9.339
1322,0.000,-9.196,2.692,0.258,3.135,9.365,-0.687,-17.326,-7.811,0.000,3.961,9.188,-0.137,0.254,0.000,0.209,-0.132,3,-0.984,-0.949,0,2330,0,0,3.113,9.430
1323,0.000,-9.130,2.758,0.247,3.341,9.339,-0.687,-17.304,-7.811,0.000,4.035,9.174,-0.412,0.253,0.000,0.209,-0.132,3,-0.985,-0.950,0,2333,0,1,3.204,9.430
1324,0.000,-9.064,2.802,0.247,3.439,9.418,-0.504,-17.282,-7.811,0.005,4.059,9.166,-0.412,0.251,0.000,0.209,-0.132,3,-0.983,-0.950,0,2352,0,0,3.113,9.339
1325,0.000,-8.998,2.867,0.236,3.190,9.468,-0.381,-17.260,-7.811,0.000,4.067,9.126,-0.168,0.249,0.000,0.209,-0.132,3,-0.984,-0.951,1,2358,1,0,3.296,9.339
1326,0.000,-8.954,2.911,0.236,3.075,9.375,-0.595,-17.238,-7.811,0.000,4.052,9.090,0.015,0.249,0.000,0.209,-0.132,3,-0.984,-0.950,5,2362,0,0,3.388,9.339
1327,0.000,-8.910,2.977,0.247,3.073,9.298,-0.565,-17.216,-7.811,0.000,3.992,9.083,0.198,0.247,0.000,0.209,-0.132,3,-0.984,-0.950,0,2372,0,0,3.113,9.430
1328,0.000,-8.866,3.021,0.247,3.111,9.322,-0.534,-17.194,-7.811,-0.005,3.968,9.071,0.000,0.245,0.000,0.209,-0.132,3,-0.984,-0.951,0,2373,1,0,3.021,9.339
1329,0.000,-8.822,3.087,0.247,3.140,9.305,-0.778,-17.194,-7.811,0.005,4.004,9.083,0.076,0.244,0.000,0.209,-0.132,3,-0.983,-0.950,0,2380,1,1,3.021,9.247
1330,0.000,-8.778,3.131,0.236,3.226,9.296,-0.931,-17.172,-7.811,0.000,4.007,9.116,0.015,0.242,0.000,0.209,-0.132,3,-0.985,-0.949,0,2386,0,2,3.021,9.247
1331,0.000,-8.712,3.197,0.236,3.346,9.370,-0.900,-17.150,-7.811,0.000,4.040,9.109,0.000,0.240,0.000,0.209,-0.132,3,-0.984,-0.950,1,2392,0,2,3.113,9.247
1332,0.000,-8.646,3.241,0.247,3.384,9.403,-0.748,-17.128,-7.811,0.000,4.007,9.097,0.000,0.239,0.000,0.209,-0.132,3,-0.984,-0.950,0,2396,0,0,3.204,9.247
1333,0.000,-8.580,3.307,0.236,3.312,9.413,-0.717,-17.128,-7.811,0.000,3.856,9.068,-0.046,0.238,0.000,0.209,-0.132,3,-0.984,-0.950,0,2396,0,0,3.296,9.339
1334,0.000,-8.515,3.373,0.225,3.279,9.444,-0.656,-17.128,-7.811,0.000,3.777,9.080,-0.290,0.237,0.000,0.209,-0.132,3,-0.984,-0.950,0,2402,1,1,3.296,9.339
1335,0.000,-8.449,3.417,0.236,3.346,9.442,-0.534,-17.128,-7.811,0.005,3.767,9.049,-0.198,0.235,0.000,0.209,-0.132,3,-0.984,-0.949,0,2412,0,3,3.296,9.339
1336,0.000,-8.405,3.483,0.214,3.284,9.406,-0.534,-17.128,-7.811,-0.005,3.822,8.953,0.000,0.233,0.000,0.209,-0.132,3,-0.984,-0.950,0,2419,0,0,3.204,9.430
1337,0.000,-8.339,3.527,0.236,3.277,9.384,-0.595,-17.106,-7.811,0.000,3.913,8.956,0.198,0.232,0.000,0.209,-0.132,3,-0.985,-0.950,0,2426,0,0,3.296,9.430
1338,0.000,-8.295,3.593,0.214,3.198,9.379,-0.717,-17.106,-7.811,0.000,3.949,8.982,0.137,0.230,0.000,0.209,-0.132,3,-0.985,-0.950,0,2428,0,1,3.204,9.339
1339,0.000,-8.229,3.637,0.236,3.214,9.375,-0.778,-17.084,-7.811,-0.005,3.925,9.023,0.198,0.229,0.000,0.209,-0.132,3,-0.986,-0.950,0,2438,0,0,3.204,9.339
1340,0.000,-8.185,3.680,0.214,3.346,9.427,-0.778,-17.084,-7.811,-0.005,3.880,9.061,0.168,0.228,0.000,0.209,-0.132,3,-0.984,-0.950,0,2444,1,0,3.113,9.339
1341,0.000,-8.119,3.746,0.214,3.480,9.525,-0.626,-17.084,-7.811,0.000,3.770,9.102,0.015,0.227,0.000,0.209,-0.132,3,-0.986,-0.950,0,2445,3,0,3.204,9.339
1342,0.000,-8.053,3.790,0.214,3.468,9.545,-0.565,-17.084,-7.811,0.000,3.674,9.109,0.000,0.225,0.000,0.209,-0.132,3,-0.986,-0.950,0,2450,0,0,3.296,9.339
1343,0.000,-7.987,3.834,0.214,3.478,9.504,-0.565,-17.106,-7.811,0.000,3.700,9.083,0.015,0.224,0.000,0.209,-0.132,3,-0.984,-0.950,1,2454,0,0,3.479,9.522
1344,0.000,-7.899,3.900,0.214,3.482,9.468,-0.473,-17.128,-7.811,-0.016,3.803,9.080,0.015,0.222,0.000,0.209,-0.132,3,-0.983,-0.949,0,2459,1,1,3.388,9.522
1345,0.000,-7.833,3.944,0.214,3.360,9.437,-0.626,-17.128,-7.811,0.000,3.818,9.085,0.000,0.221,0.000,0.209,-0.132,3,-0.985,-0.949,0,2466,0,0,3.388,9.430
1346,0.000,-7.789,4.010,0.214,3.324,9.466,-0.656,-17.128,-7.811,0.000,3.820,9.080,-0.198,0.219,0.000,0.209,-0.132,3,-0.985,-0.950,0,2479,3,0,3.479,9.430
1347,0.000,-7.724,4.054,0.214,3.351,9.518,-0.534,-17.128,-7.811,0.000,3.815,9.104,-0.137,0.218,0.000,0.209,-0.132,3,-0.985,-0.950,0,2487,0,0,3.296,9.430
1348,0.000,-7.680,4.098,0.203,3.379,9.547,-0.290,-17.128,-7.811,-0.005,3.782,9.152,-0.046,0.217,0.000,0.209,-0.132,3,-0.984,-0.950,0,2499,0,0,3.296,9.430
1349,0.000,-7.614,4.142,0.225,3.432,9.490,-0.137,-17.150,-7.811,-0.005,3.669,9.207,-0.076,0.216,0.000,0.209,-0.132,3,-0.985,-0.950,0,2500,0,0,3.296,9.430
1350,0.000,-7.548,4.208,0.203,3.549,9.394,-0.076,-17.172,-7.811,0.000,3.717,9.202,-0.015,0.214,0.000,0.209,-0.132,3,-0.985,-0.949,1,2503,0,1,3.296,9.522
1351,0.000,-7.460,4.252,0.214,3.588,9.315,0.015,-17.172,-7.811,0.000,3.789,9.214,-0.015,0.213,0.000,0.209,-0.132,3,-0.985,-0.949,0,2509,3,0,3.388,9.430
1352,0.000,-7.394,4.296,0.192,3.423,9.305,0.000,-17.172,-7.811,0.005,3.877,9.255,0.000,0.211,0.000,0.209,-0.132,3,-0.985,-0.949,0,2517,1,0,3.479,9.339
1353,0.000,-7.350,4.340,0.203,3.281,9.336,-0.412,-17.172,-7.811,0.000,3.868,9.312,0.015,0.210,0.000,0.209,-0.132,3,-0.984,-0.950,0,2531,0,0,3.571,9.247
1354,0.000,-7.306,4.384,0.203,3.181,9.284,-0.565,-17.194,-7.811,-0.005,3.789,9.327,0.107,0.209,0.000,0.209,-0.132,3,-0.985,-0.950,0,2534,0,0,3.388,9.247
1355,0.000,-7.262,4.428,0.203,3.140,9.267,-0.778,-17.216,-7.811,0.005,3.753,9.298,0.137,0.208,0.000,0.209,-0.132,3,-0.984,-0.950,0,2534,2,0,3.204,9.247
1356,0.000,-7.218,4.472,0.203,3.296,9.284,-0.992,-17.216,-7.811,0.000,3.743,9.300,0.107,0.206,0.000,0.209,-0.132,3,-0.984,-0.950,0,2537,3,0,3.113,9.247
1357,0.000,-7.152,4.515,0.192,3.406,9.229,-0.992,-17.238,-7.811,-0.005,3.746,9.296,0.000,0.206,0.000,0.209,-0.132,3,-0.984,-0.949,0,2549,0,1,3.113,9.247
1358,0.000,-7.086,4.559,0.203,3.506,9.238,-1.083,-17.260,-7.811,0.000,3.755,9.300,-0.046,0.205,0.000,0.209,-0.132,3,-0.984,-0.950,0,2549,0,0,3.296,9.247
1359,0.000,-7.020,4.603,0.203,3.734,9.310,-0.870,-17.260,-7.811,-0.005,3.710,9.308,-0.015,0.204,0.000,0.209,-0.132,3,-0.984,-0.950,0,2550,1,0,3.388,9.155
1360,0.000,-6.932,4.647,0.192,3.684,9.310,-0.656,-17.282,-7.811,0.005,3.626,9.312,0.000,0.202,0.000,0.209,-0.132,3,-0.984,-0.949,0,2556,0,0,3.479,9.155
1361,0.000,-6.845,4.691,0.214,3.502,9.305,-0.198,-17.326,-7.811,0.000,3.585,9.300,0.046,0.201,0.000,0.209,-0.132,3,-0.984,-0.949,0,2566,0,0,3.662,9.247
1362,0.000,-6.779,4.735,0.203,3.391,9.300,-0.015,-17.348,-7.811,0.005,3.571,9.238,0.015,0.200,0.000,0.209,-0.132,3,-0.985,-0.949,0,2559,0,1,3.662,9.247
1363,0.000,-6.735,4.779,0.203,3.308,9.269,-0.046,-17.370,-7.811,0.000,3.590,9.219,0.000,0.199,0.000,0.209,-0.132,3,-0.983,-0.949,0,2572,3,0,3.479,9.247
1364,0.000,-6.691,4.823,0.203,3.310,9.221,-0.076,-17.392,-7.811,0.000,3.662,9.190,-0.046,0.197,0.000,0.209,-0.132,3,-0.984,-0.950,1,2577,3,0,3.388,9.247
1365,0.000,-6.625,4.867,0.192,3.391,9.253,-0.076,-17.414,-7.811,0.000,3.746,9.164,0.000,0.196,0.000,0.209,-0.132,3,-0.984,-0.949,5,2582,0,0,3.296,9.247
1366,0.000,-6.581,4.911,0.159,3.454,9.288,0.000,-17.414,-7.811,0.000,3.748,9.164,0.076,0.195,0.000,0.209,-0.132,3,-0.984,-0.949,0,2594,0,0,3.296,9.155
1367,0.000,-6.515,4.955,0.181,3.384,9.288,-0.076,-17.414,-7.811,0.000,3.729,9.183,0.168,0.195,0.000,0.209,-0.132,3,-0.984,-0.951,0,2596,1,0,3.388,9.247
1368,0.000,-6.471,4.999,0.192,3.310,9.233,-0.290,-17.436,-7.811,-0.005,3.686,9.212,0.137,0.193,0.000,0.209,-0.132,3,-0.983,-0.949,1,2600,1,0,3.388,9.247
1369,0.000,-6.427,5.043,0.181,3.257,9.212,-0.656,-17.458,-7.811,0.000,3.655,9.224,0.168,0.192,0.000,0.209,-0.132,3,-0.984,-0.950,1,2606,0,0,3.296,9.247
1370,0.000,-6.383,5.087,0.192,3.250,9.281,-0.931,-17.480,-7.811,0.000,3.583,9.221,0.046,0.191,0.000,0.209,-0.132,3,-0.984,-0.949,1,2609,0,2,3.296,9.155
1371,0.000,-6.361,5.109,0.170,3.317,9.276,-1.236,-17.501,-7.811,0.005,3.540,9.197,-0.137,0.189,0.000,0.209,-0.132,3,-0.984,-0.949,0,2611,0,0,3.204,9.155
1372,0.000,-6.317,5.153,0.181,3.353,9.286,-1.175,-17.523,-7.811,-0.005,3.652,9.181,-0.137,0.188,0.000,0.209,-0.132,3,-0.985,-0.949,0,2615,0,2,3.204,9.247
1373,0.000,-6.273,5.197,0.181,3.420,9.363,-0.961,-17.523,-7.811,-0.005,3.667,9.188,-0.168,0.188,0.000,0.209,-0.132,3,-0.984,-0.949,0,2625,0,1,3.296,9.247
1374,0.000,-6.229,5.219,0.170,3.427,9.391,-0.961,-17.545,-7.811,0.005,3.626,9.214,-0.168,0.186,0.000,0.209,-0.132,3,-0.984,-0.948,1,2630,0,1,3.296,9.247
1375,0.000,-6.163,5.263,0.181,3.418,9.384,-1.175,-17.567,-7.811,0.005,3.612,9.217,-0.198,0.185,0.000,0.209,-0.132,3,-0.984,-0.949,0,2638,0,0,3.388,9.339
1376,0.000,-6.119,5.306,0.181,3.518,9.379,-0.870,-17.589,-7.811,0.005,3.595,9.190,-0.259,0.184,0.000,0.209,-0.132,3,-0.984,-0.948,0,2639,0,1,3.388,9.339
1377,0.000,-6.054,5.328,0.170,3.569,9.401,-0.687,-17.611,-7.811,0.000,3.595,9.171,-0.290,0.184,0.000,0.209,-0.132,3,-0.984,-0.949,3,2645,0,2,3.388,9.339
1378,0.000,-6.010,5.372,0.170,3.559,9.444,-0.504,-17.633,-7.811,0.005,3.559,9.185,-0.412,0.183,0.000,0.209,-0.132,3,-0.983,-0.949,0,2651,0,0,3.479,9.339
1379,0.000,-5.944,5.416,0.159,3.583,9.432,-0.381,-17.655,-7.811,0.005,3.540,9.193,-0.565,0.182,0.000,0.209,-0.132,3,-0.986,-0.947,0,2653,1,0,3.479,9.339
1380,0.000,-5.900,5.460,0.170,3.504,9.406,-0.137,-17.655,-7.811,0.000,3.624,9.190,-0.504,0.181,0.000,0.209,-0.132,3,-0.985,-0.949,0,2656,3,0,3.479,9.430
1381,0.000,-5.834,5.482,0.170,3.406,9.375,-0.137,-17.677,-7.811,-0.005,3.703,9.185,-0.443,0.180,0.000,0.209,-0.132,3,-0.986,-0.948,0,2661,0,0,3.571,9.430
1382,0.000,-5.790,5.526,0.181,3.372,9.353,-0.412,-17.677,-7.811,0.005,3.667,9.209,-0.198,0.179,0.000,0.209,-0.132,3,-0.982,-0.948,0,2662,0,0,3.479,9.339
1383,0.000,-5.768,5.570,0.192,3.262,9.367,-0.534,-17.699,-7.811,0.000,3.696,9.226,-0.107,0.178,0.000,0.209,-0.132,3,-0.982,-0.948,0,2665,1,0,3.388,9.339
1384,0.000,-5.746,5.592,0.159,3.277,9.437,-0.534,-17.699,-7.811,0.000,3.743,9.241,-0.046,0.177,0.000,0.209,-0.132,3,-0.984,-0.948,0,2673,0,0,3.296,9.339
1385,0.000,-5.702,5.636,0.170,3.346,9.487,-0.473,-17.699,-7.811,0.000,3.734,9.272,0.015,0.175,0.000,0.209,-0.132,3,-0.986,-0.948,0,2674,2,0,3.204,9.339
1386,0.000,-5.680,5.680,0.170,3.401,9.490,-0.381,-17.721,-7.811,0.005,3.772,9.269,0.076,0.175,0.000,0.209,-0.132,3,-0.985,-0.949,0,2674,0,0,3.204,9.430
1387,0.000,-5.636,5.702,0.170,3.408,9.475,-0.168,-17.721,-7.811,0.000,3.741,9.279,0.046,0.174,0.000,0.209,-0.132,3,-0.984,-0.948,0,2679,0,0,3.296,9.430
1388,0.000,-5.592,5.746,0.170,3.365,9.449,-0.137,-17.721,-7.811,0.000,3.657,9.288,-0.046,0.173,0.000,0.209,-0.132,3,-0.984,-0.948,0,2678,0,0,3.388,9.430
1389,0.000,-5.570,5.768,0.159,3.341,9.399,-0.290,-17.743,-7.811,-0.027,3.667,9.279,-0.198,0.173,0.000,0.209,-0.132,3,-0.984,-0.948,0,2680,1,0,3.388,9.430
1390,0.000,-5.548,5.812,0.170,3.284,9.365,-0.443,-17.743,-7.811,0.000,3.710,9.229,-0.229,0.171,0.000,0.209,-0.132,3,-0.985,-0.948,0,2686,2,0,3.296,9.430
1391,0.000,-5.504,5.834,0.159,3.233,9.346,-0.351,-17.743,-7.811,0.005,3.753,9.188,-0.137,0.171,0.000,0.209,-0.132,3,-0.985,-0.949,0,2689,1,0,3.296,9.339
1392,0.000,-5.482,5.878,0.170,3.209,9.291,-0.351,-17.743,-7.811,0.000,3.806,9.267,-0.198,0.169,0.000,0.209,-0.132,3,-0.984,-0.948,0,2691,0,0,3.204,9.339
1393,0.000,-5.460,5.900,0.170,3.267,9.320,-0.687,-17.743,-7.811,-0.016,3.770,9.269,-0.137,0.169,0.000,0.209,-0.132,3,-0.985,-0.948,0,2695,0,0,3.204,9.339
1394,0.000,-5.438,5.944,0.148,3.238,9.365,-0.748,-17.765,-7.811,0.005,3.751,9.255,-0.198,0.168,0.000,0.209,-0.132,3,-0.985,-0.948,0,2697,2,0,3.204,9.247
1395,0.000,-5.438,5.966,0.170,3.164,9.348,-0.595,-17.765,-7.811,0.000,3.755,9.236,-0.320,0.167,0.000,0.209,-0.132,3,-0.984,-0.948,0,2695,3,0,3.204,9.247
1396,0.000,-5.416,5.988,0.170,3.267,9.401,-0.473,-17.765,-7.811,0.000,3.736,9.200,-0.351,0.166,0.000,0.209,-0.132,3,-0.984,-0.946,0,2701,0,0,3.204,9.339
1397,0.000,-5.372,6.032,0.148,3.372,9.348,-0.412,-17.765,-7.811,0.000,3.715,9.236,-0.290,0.165,0.000,0.209,-0.132,3,-0.983,-0.948,0,2700,0,0,3.113,9.339
1398,0.000,-5.350,6.054,0.137,3.377,9.310,-0.381,-17.765,-7.811,0.000,3.746,9.226,-0.137,0.164,0.000,0.209,-0.132,3,-0.984,-0.948,2,2701,1,0,3.204,9.339
1399,0.000,-5.306,6.076,0.148,3.324,9.375,-0.259,-17.765,-7.811,0.000,3.782,9.169,-0.198,0.163,0.000,0.209,-0.132,3,-0.984,-0.948,1,2704,0,0,3.296,9.339
1400,0.000,-5.285,6.119,0.159,3.245,9.399,-0.137,-17.765,-7.811,0.005,3.763,9.145,-0.290,0.163,0.000,0.209,-0.132,3,-0.984,-0.948,0,2702,0,0,3.296,9.247
1401,0.000,-5.263,6.141,0.159,3.209,9.387,-0.198,-17.765,-7.811,0.005,3.808,9.080,-0.137,0.163,0.000,0.209,-0.132,3,-0.985,-0.949,0,2700,2,0,3.296,9.339
1402,0.000,-5.241,6.163,0.148,3.212,9.329,-0.259,-17.743,-7.811,0.000,3.856,9.035,-0.046,0.162,0.000,0.209,-0.132,3,-0.983,-0.948,0,2707,2,0,3.204,9.339
1403,0.000,-5.241,6.207,0.148,3.205,9.346,-0.229,-17.721,-7.811,0.000,3.863,9.042,-0.015,0.161,0.000,0.209,-0.132,3,-0.984,-0.949,1,2708,1,0,3.204,9.339
1404,0.000,-5.219,6.229,0.148,3.214,9.358,-0.107,-17.699,-7.811,-0.005,3.916,9.044,-0.107,0.160,0.000,0.209,-0.132,3,-0.984,-0.948,5,2709,0,0,3.204,9.247
1405,0.000,-5.197,6.251,0.148,3.162,9.367,-0.107,-17.699,-7.811,-0.005,3.875,9.092,-0.168,0.159,0.000,0.209,-0.132,3,-0.984,-0.948,0,2717,0,0,3.204,9.339
1406,0.000,-5.197,6.295,0.148,3.056,9.320,-0.107,-17.677,-7.811,0.000,3.782,9.118,-0.107,0.159,0.000,0.209,-0.132,3,-0.984,-0.950,0,2712,2,0,3.204,9.339
1407,0.000,-5.197,6.317,0.148,3.016,9.300,-0.137,-17.677,-7.811,0.000,3.779,9.078,-0.046,0.158,0.000,0.209,-0.132,3,-0.983,-0.948,0,2705,2,0,3.113,9.339
1408,0.000,-5.197,6.339,0.148,3.095,9.394,-0.229,-17.677,-7.811,0.000,3.794,9.056,0.107,0.157,0.000,0.209,-0.132,3,-0.984,-0.947,1,2710,1,1,3.021,9.247
1409,0.000,-5.175,6.361,0.148,3.157,9.451,-0.259,-17.655,-7.811,-0.005,3.858,9.027,0.015,0.156,0.000,0.209,-0.132,3,-0.984,-0.948,2,2706,1,0,2.930,9.247
1410,0.000,-5.175,6.405,0.148,3.159,9.439,-0.412,-17.633,-7.811,-0.005,3.923,9.025,0.076,0.155,0.000,0.209,-0.132,3,-0.983,-0.948,0,2709,0,0,3.021,9.339
1411,0.000,-5.175,6.427,0.148,3.171,9.427,-0.473,-17.611,-7.811,-0.005,3.925,9.025,0.000,0.155,0.000,0.209,-0.132,3,-0.984,-0.948,3,2714,0,4,3.113,9.430
1412,0.000,-5.153,6.449,0.148,3.195,9.437,-0.626,-17.611,-7.811,0.005,3.913,9.047,-0.046,0.154,0.000,0.209,-0.132,3,-0.983,-0.947,0,2708,0,3,3.113,9.430
1413,0.000,-5.131,6.471,0.148,3.207,9.451,-0.473,-17.589,-7.811,0.005,3.868,9.035,-0.137,0.153,0.000,0.209,-0.132,3,-0.984,-0.946,0,2710,0,3,3.113,9.339
1414,0.000,-5.131,6.493,0.137,3.212,9.485,-0.290,-17.567,-7.811,0.000,3.815,8.994,-0.229,0.152,0.000,0.209,-0.132,3,-0.984,-0.947,0,2713,0,0,3.113,9.430
1415,0.000,-5.109,6.515,0.148,3.236,9.490,-0.229,-17.567,-7.811,-0.005,3.844,9.013,-0.259,0.152,0.000,0.209,-0.132,3,-0.984,-0.947,0,2710,0,0,3.204,9.430
1416,0.000,-5.109,6.537,0.159,3.229,9.485,-0.198,-17.545,-7.811,0.000,3.877,9.027,-0.198,0.152,0.000,0.209,-0.132,3,-0.982,-0.947,1,2711,0,0,3.204,9.430
1417,0.000,-5.087,6.559,0.137,3.178,9.487,-0.320,-17.523,-7.811,0.005,3.865,9.025,-0.198,0.151,0.000,0.209,-0.132,3,-0.983,-0.947,0,2714,0,0,3.204,9.430
1418,0.000,-5.087,6.581,0.137,3.138,9.439,-0.290,-17.523,-7.811,-0.016,3.851,9.030,-0.320,0.151,0.000,0.209,-0.132,3,-0.984,-0.946,0,2712,2,1,3.204,9.430
1419,0.000,-5.087,6.603,0.159,3.092,9.415,-0.259,-17.501,-7.811,0.000,3.861,9.049,-0.259,0.150,0.000,0.209,-0.132,3,-0.984,-0.947,0,2717,3,0,3.113,9.430
1420,0.000,-5.087,6.625,0.137,3.104,9.413,-0.412,-17.501,-7.811,0.000,3.889,9.075,-0.168,0.149,0.000,0.209,-0.132,3,-0.987,-0.947,0,2720,0,0,3.113,9.430
1421,0.000,-5.087,6.647,0.137,3.186,9.463,-0.381,-17.480,-7.811,-0.005,3.897,9.068,-0.046,0.149,0.000,0.209,-0.132,3,-0.982,-0.947,0,2718,0,0,3.021,9.339
1422,0.000,-5.087,6.669,0.148,3.202,9.497,-0.443,-17.458,-7.811,0.005,3.877,9.063,-0.076,0.148,0.000,0.209,-0.132,3,-0.982,-0.946,0,2718,1,0,3.021,9.339
1423,0.000,-5.065,6.669,0.148,3.224,9.480,-0.412,-17.458,-7.811,-0.005,3.889,9.073,-0.107,0.148,0.000,0.209,-0.132,3,-0.985,-0.945,0,2722,0,0,3.113,9.430
1424,0.000,-5.065,6.691,0.126,3.224,9.430,-0.473,-17.436,-7.811,0.000,3.887,9.097,-0.259,0.147,0.000,0.209,-0.132,3,-0.987,-0.946,0,2720,2,0,3.113,9.430
1425,0.000,-5.043,6.713,0.115,3.257,9.430,-0.565,-17.436,-7.811,0.000,3.851,9.116,-0.259,0.147,0.000,0.209,-0.132,3,-0.984,-0.947,0,2721,0,0,3.204,9.430
1426,0.000,-5.021,6.735,0.126,3.281,9.461,-0.473,-17.414,-7.811,-0.005,3.930,9.078,-0.076,0.146,0.000,0.209,-0.132,3,-0.984,-0.947,0,2723,0,0,3.204,9.430
1427,0.000,-5.021,6.757,0.126,3.243,9.463,-0.412,-17.414,-7.811,0.000,3.918,9.068,0.000,0.146,0.000,0.209,-0.132,3,-0.985,-0.947,0,2718,0,0,3.204,9.430
1428,0.000,-4.999,6.779,0.126,3.202,9.485,-0.473,-17.392,-7.811,-0.016,3.798,9.118,0.076,0.145,0.000,0.209,-0.132,3,-0.984,-0.946,3,2722,0,0,3.204,9.430
1429,0.000,-4.999,6.779,0.137,3.217,9.511,-0.320,-17.392,-7.811,0.005,3.854,9.152,0.015,0.144,0.000,0.209,-0.132,3,-0.984,-0.947,0,2723,2,0,3.204,9.430
1430,0.000,-4.977,6.801,0.159,3.293,9.518,-0.259,-17.392,-7.811,0.000,3.923,9.102,0.000,0.144,0.000,0.209,-0.132,3,-0.985,-0.947,0,2725,0,0,3.113,9.430
1431,0.000,-4.977,6.823,0.137,3.291,9.502,-0.229,-17.370,-7.811,0.000,3.889,9.071,0.000,0.144,0.000,0.209,-0.132,3,-0.984,-0.946,0,2726,0,0,3.204,9.430
1432,0.000,-4.955,6.845,0.126,3.298,9.533,-0.168,-17.370,-7.811,0.005,3.863,9.095,-0.046,0.143,0.000,0.209,-0.132,3,-0.984,-0.946,0,2728,0,0,3.204,9.430
1433,0.000,-4.933,6.867,0.137,3.317,9.554,-0.198,-17.348,-7.811,-0.016,3.889,9.068,0.000,0.143,0.000,0.209,-0.132,3,-0.984,-0.946,1,2728,0,0,3.204,9.430
1434,0.000,-4.911,6.867,0.137,3.327,9.559,-0.046,-17.348,-7.811,0.000,3.904,9.056,-0.046,0.142,0.000,0.209,-0.132,3,-0.984,-0.946,0,2725,2,0,3.296,9.522
1435,0.000,-4.911,6.889,0.126,3.303,9.566,0.000,-17.348,-7.811,0.005,3.837,9.106,0.000,0.141,0.000,0.209,-0.132,3,-0.984,-0.945,0,2731,0,1,3.296,9.522
1436,0.000,-4.889,6.911,0.137,3.231,9.554,0.015,-17.326,-7.811,0.000,3.827,9.114,0.000,0.141,0.000,0.209,-0.132,3,-0.983,-0.946,0,2728,1,0,3.296,9.522
1437,0.000,-4.889,6.932,0.137,3.190,9.525,-0.107,-17.326,-7.811,-0.005,3.767,9.114,-0.015,0.141,0.000,0.209,-0.132,3,-0.984,-0.946,1,2728,2,0,3.296,9.522
1438,0.000,-4.889,6.932,0.137,3.236,9.509,-0.290,-17.348,-7.811,0.000,3.822,9.104,0.000,0.141,0.000,0.209,-0.132,3,-0.984,-0.946,2,2732,0,0,3.204,9.522
1439,0.000,-4.867,6.954,0.137,3.310,9.533,-0.168,-17.326,-7.811,0.005,3.933,9.071,0.015,0.140,0.000,0.209,-0.132,3,-0.984,-0.946,0,2727,3,0,3.113,9.522
1440,0.000,-4.867,6.976,0.126,3.315,9.557,-0.046,-17.326,-7.811,0.005,3.846,9.109,0.000,0.140,0.000,0.209,-0.132,3,-0.984,-0.946,0,2731,0,1,3.204,9.430
1441,0.000,-4.845,6.976,0.126,3.286,9.523,-0.107,-17.326,-7.811,0.005,3.796,9.114,-0.046,0.140,0.000,0.209,-0.132,3,-0.983,-0.946,0,2734,3,0,3.296,9.522
1442,0.000,-4.845,6.998,0.126,3.245,9.468,-0.107,-17.326,-7.811,0.000,3.822,9.056,-0.137,0.139,0.000,0.209,-0.132,3,-0.984,-0.946,1,2733,0,0,3.296,9.522
1443,0.000,-4.845,6.998,0.115,3.217,9.434,-0.198,-17.326,-7.811,-0.005,3.734,9.063,-0.137,0.139,0.000,0.209,-0.132,3,-0.984,-0.946,3,2735,0,0,3.204,9.522
1444,0.000,-4.823,7.020,0.126,3.265,9.423,-0.259,-17.326,-7.811,0.000,3.724,9.071,-0.168,0.139,0.000,0.209,-0.132,3,-0.984,-0.945,0,2742,0,0,3.204,9.430
1445,0.000,-4.823,7.020,0.126,3.298,9.403,-0.290,-17.326,-7.811,-0.005,3.772,9.016,-0.137,0.139,0.000,0.209,-0.132,3,-0.984,-0.947,0,2737,2,0,3.204,9.430
1446,0.000,-4.801,7.042,0.126,3.286,9.379,-0.412,-17.326,-7.811,0.000,3.803,9.013,-0.046,0.138,0.000,0.209,-0.132,3,-0.984,-0.946,0,2738,1,0,3.204,9.339
1447,0.000,-4.801,7.042,0.115,3.320,9.360,-0.351,-17.326,-7.811,0.000,3.808,9.066,-0.076,0.138,0.000,0.209,-0.132,3,-0.984,-0.944,0,2741,0,2,3.296,9.339
1448,0.000,-4.779,7.042,0.115,3.300,9.257,-0.290,-17.326,-7.811,-0.005,3.736,9.085,-0.107,0.137,0.000,0.209,-0.132,3,-0.984,-0.945,2,2739,0,0,3.204,9.339
1449,0.000,-4.757,7.064,0.115,3.236,9.229,-0.381,-17.326,-7.811,0.000,3.710,9.085,-0.076,0.137,0.000,0.209,-0.132,3,-0.984,-0.945,0,2741,0,2,3.296,9.339
1450,0.000,-4.757,7.064,0.126,3.250,9.250,-0.259,-17.326,-7.811,0.000,3.760,9.054,-0.076,0.137,0.000,0.209,-0.132,3,-0.985,-0.946,0,2741,0,3,3.296,9.247
1451,0.000,-4.735,7.064,0.137,3.277,9.250,-0.320,-17.348,-7.811,-0.005,3.777,9.066,0.000,0.137,0.000,0.209,-0.132,3,-0.984,-0.945,0,2739,0,3,3.204,9.155
1452,0.000,-4.713,7.086,0.137,3.293,9.267,-0.534,-17.348,-7.811,0.016,3.755,9.130,0.046,0.137,0.000,0.209,-0.132,3,-0.984,-0.944,0,2742,0,1,3.204,9.247
1453,0.000,-4.713,7.086,0.126,3.310,9.217,-0.565,-17.348,-7.811,0.005,3.767,9.142,0.000,0.137,0.000,0.209,-0.132,3,-0.984,-0.945,0,2747,0,0,3.204,9.247
1454,0.000,-4.691,7.086,0.115,3.332,9.233,-0.443,-17.348,-7.811,0.005,3.746,9.130,-0.137,0.136,0.000,0.209,-0.132,3,-0.984,-0.945,0,2743,0,0,3.204,9.247
1455,0.000,-4.669,7.086,0.115,3.356,9.238,-0.443,-17.370,-7.811,0.000,3.715,9.138,-0.137,0.136,0.000,0.209,-0.132,3,-0.984,-0.945,3,2746,0,2,3.296,9.155
1456,0.000,-4.647,7.108,0.126,3.391,9.209,-0.504,-17.370,-7.811,-0.005,3.751,9.183,-0.198,0.136,0.000,0.209,-0.132,3,-0.983,-0.945,0,2748,0,0,3.296,9.155
1457,0.000,-4.625,7.108,0.126,3.348,9.248,-0.504,-17.370,-7.811,-0.005,3.753,9.200,-0.107,0.136,0.000,0.209,-0.132,3,-0.985,-0.944,0,2746,2,0,3.296,9.155
1458,0.000,-4.603,7.108,0.126,3.327,9.300,-0.565,-17.392,-7.811,0.005,3.676,9.169,-0.198,0.135,0.000,0.209,-0.132,3,-0.986,-0.945,0,2750,4,0,3.388,9.155
1459,0.000,-4.603,7.108,0.126,3.391,9.312,-0.626,-17.392,-7.811,0.005,3.669,9.164,-0.198,0.135,0.000,0.209,-0.132,3,-0.986,-0.945,0,2751,0,0,3.296,9.247
1460,0.000,-4.581,7.108,0.115,3.384,9.284,-0.565,-17.414,-7.811,0.005,3.753,9.171,-0.259,0.135,0.000,0.209,-0.132,3,-0.981,-0.945,0,2752,0,0,3.296,9.247
1461,0.000,-4.559,7.130,0.115,3.367,9.255,-0.504,-17.414,-7.811,0.000,3.729,9.202,-0.137,0.135,0.000,0.209,-0.132,3,-0.985,-0.944,0,2751,0,1,3.388,9.247
1462,0.000,-4.537,7.130,0.115,3.382,9.300,-0.626,-17.436,-7.811,0.000,3.674,9.219,-0.046,0.135,0.000,0.209,-0.132,3,-0.987,-0.942,0,2759,0,0,3.296,9.247
1463,0.000,-4.537,7.130,0.137,3.413,9.406,-0.626,-17.458,-7.811,0.000,3.645,9.193,-0.046,0.135,0.000,0.209,-0.132,3,-0.987,-0.944,0,2763,2,0,3.296,9.247
1464,0.000,-4.515,7.130,0.115,3.480,9.461,-0.473,-17.458,-7.811,0.000,3.676,9.200,0.000,0.135,0.000,0.209,-0.132,3,-0.984,-0.945,0,2768,1,0,3.296,9.247
1465,0.000,-4.493,7.130,0.104,3.497,9.449,-0.381,-17.480,-7.811,0.000,3.715,9.200,-0.046,0.135,0.000,0.209,-0.132,3,-0.985,-0.944,0,2770,0,0,3.388,9.339
1466,0.000,-4.472,7.130,0.137,3.470,9.432,-0.320,-17.480,-7.811,0.000,3.712,9.200,-0.198,0.135,0.000,0.209,-0.132,3,-0.984,-0.944,0,2767,0,0,3.479,9.430
1467,0.000,-4.450,7.152,0.126,3.451,9.444,-0.198,-17.501,-7.811,0.000,3.698,9.233,-0.168,0.135,0.000,0.209,-0.132,3,-0.984,-0.943,1,2773,0,1,3.479,9.430
1468,0.000,-4.450,7.152,0.126,3.435,9.475,-0.107,-17.501,-7.811,0.000,3.662,9.209,-0.076,0.135,0.000,0.209,-0.132,3,-0.985,-0.944,0,2778,3,0,3.388,9.430
1469,0.000,-4.428,7.152,0.137,3.470,9.466,-0.137,-17.523,-7.811,0.000,3.676,9.185,-0.137,0.134,0.000,0.209,-0.132,3,-0.985,-0.942,0,2778,0,0,3.388,9.430
1470,0.000,-4.406,7.152,0.115,3.521,9.475,-0.076,-17.545,-7.811,0.000,3.693,9.181,-0.137,0.134,0.000,0.209,-0.132,3,-0.985,-0.944,0,2785,0,0,3.388,9.430
1471,0.000,-4.384,7.152,0.115,3.521,9.525,0.198,-17.545,-7.811,-0.005,3.739,9.178,-0.229,0.134,0.000,0.209,-0.132,3,-0.985,-0.944,0,2785,1,0,3.388,9.430
1472,0.000,-4.362,7.152,0.126,3.537,9.516,0.259,-17.545,-7.811,0.000,3.712,9.217,-0.168,0.134,0.000,0.209,-0.132,3,-0.985,-0.944,0,2779,1,0,3.479,9.430
1473,0.000,-4.340,7.152,0.126,3.494,9.430,0.381,-17.567,-7.811,0.000,3.640,9.212,-0.076,0.134,0.000,0.209,-0.132,3,-0.984,-0.944,0,2775,2,0,3.479,9.522
1474,0.000,-4.340,7.152,0.126,3.432,9.391,0.412,-17.567,-7.811,0.000,3.662,9.181,0.000,0.134,0.000,0.209,-0.132,3,-0.984,-0.944,0,2780,0,0,3.479,9.430
1475,0.000,-4.318,7.152,0.104,3.403,9.382,0.320,-17.589,-7.811,0.000,3.717,9.193,0.015,0.134,0.000,0.209,-0.132,3,-0.983,-0.943,0,2775,0,0,3.479,9.430
1476,0.000,-4.318,7.152,0.115,3.391,9.391,0.473,-17.589,-7.811,0.005,3.765,9.214,-0.015,0.134,0.000,0.209,-0.132,3,-0.984,-0.944,1,2776,0,0,3.388,9.339
1477,0.000,-4.318,7.152,0.115,3.408,9.387,0.626,-17.589,-7.811,0.005,3.753,9.195,-0.137,0.134,0.000,0.209,-0.132,3,-0.984,-0.943,0,2780,0,0,3.388,9.339
1478,0.000,-4.296,7.152,0.137,3.411,9.327,0.534,-17.589,-7.811,0.000,3.736,9.197,-0.076,0.134,0.000,0.209,-0.132,3,-0.984,-0.943,0,2781,0,0,3.388,9.339
1479,0.000,-4.296,7.152,0.126,3.423,9.269,0.473,-17.611,-7.811,0.016,3.712,9.178,-0.137,0.134,0.000,0.209,-0.132,3,-0.984,-0.943,0,2786,1,0,3.388,9.339
1480,0.000,-4.274,7.152,0.126,3.411,9.281,0.626,-17.611,-7.811,0.000,3.686,9.159,-0.076,0.134,0.000,0.209,-0.132,3,-0.983,-0.943,0,2796,3,0,3.388,9.247
1481,0.000,-4.274,7.152,0.126,3.365,9.310,0.504,-17.611,-7.811,-0.005,3.748,9.193,0.000,0.134,0.000,0.209,-0.132,3,-0.984,-0.943,1,2795,1,0,3.388,9.247
1482,0.000,-4.274,7.152,0.115,3.377,9.288,0.565,-17.633,-7.811,-0.027,3.779,9.200,0.000,0.134,0.000,0.209,-0.132,3,-0.984,-0.943,5,2801,0,0,3.388,9.247
1483,0.000,-4.252,7.152,0.126,3.353,9.233,0.473,-17.633,-7.811,0.000,3.736,9.176,0.046,0.134,0.000,0.209,-0.132,3,-0.984,-0.943,0,2806,0,0,3.296,9.247
1484,0.000,-4.252,7.152,0.115,3.346,9.241,0.504,-17.633,-7.811,0.005,3.758,9.181,0.076,0.134,0.000,0.209,-0.132,3,-0.984,-0.944,0,2801,2,0,3.296,9.247
1485,0.000,-4.252,7.152,0.126,3.351,9.238,0.748,-17.633,-7.811,0.000,3.739,9.171,-0.015,0.134,0.000,0.209,-0.132,3,-0.983,-0.943,0,2807,1,1,3.296,9.155
1486,0.000,-4.230,7.152,0.115,3.315,9.207,0.809,-17.633,-7.811,0.000,3.717,9.147,-0.076,0.134,0.000,0.209,-0.132,3,-0.984,-0.941,1,2812,0,1,3.296,9.155
1487,0.000,-4.230,7.152,0.126,3.351,9.233,0.748,-17.633,-7.811,-0.005,3.784,9.159,-0.259,0.134,0.000,0.209,-0.132,3,-0.984,-0.942,3,2810,0,0,3.296,9.155
1488,0.000,-4.230,7.152,0.137,3.334,9.245,0.809,-17.633,-7.811,0.005,3.806,9.188,-0.107,0.134,0.000,0.209,-0.132,3,-0.984,-0.942,0,2817,0,0,3.296,9.155
1489,0.000,-4.230,7.152,0.115,3.274,9.250,0.748,-17.633,-7.811,-0.005,3.832,9.183,-0.015,0.134,0.000,0.209,-0.132,3,-0.984,-0.942,0,2819,0,0,3.296,9.155
1490,0.000,-4.230,7.152,0.115,3.272,9.267,0.748,-17.633,-7.811,0.000,3.837,9.147,-0.046,0.134,0.000,0.209,-0.132,3,-0.984,-0.942,0,2818,0,3,3.296,9.155
1491,0.000,-4.230,7.152,0.137,3.274,9.279,0.565,-17.611,-7.811,0.000,3.844,9.140,-0.137,0.134,0.000,0.209,-0.132,3,-0.984,-0.942,0,2822,0,0,3.204,9.247
1492,0.000,-4.252,7.152,0.126,3.250,9.303,0.473,-17.611,-7.811,0.000,3.830,9.174,-0.259,0.134,0.000,0.209,-0.132,3,-0.984,-0.942,0,2826,0,0,3.204,9.247
1493,0.000,-4.252,7.152,0.137,3.226,9.329,0.595,-17.611,-7.811,0.000,3.794,9.162,-0.290,0.134,0.000,0.209,-0.132,3,-0.985,-0.942,0,2823,0,1,3.204,9.247
1494,0.000,-4.252,7.152,0.137,3.291,9.367,0.656,-17.589,-7.811,-0.005,3.865,9.116,0.000,0.134,0.000,0.209,-0.132,3,-0.985,-0.942,2,2828,0,2,3.204,9.247
1495,0.000,-4.252,7.152,0.126,3.312,9.324,0.473,-17.589,-7.811,-0.005,3.870,9.145,-0.015,0.134,0.000,0.209,-0.132,3,-0.983,-0.942,0,2830,0,0,3.204,9.247
1496,0.000,-4.274,7.152,0.115,3.284,9.312,0.320,-17.589,-7.811,0.000,3.856,9.185,-0.046,0.134,0.000,0.209,-0.132,3,-0.985,-0.941,0,2828,1,0,3.204,9.339
1497,0.000,-4.274,7.152,0.126,3.303,9.365,0.504,-17.567,-7.811,0.000,3.863,9.159,0.000,0.134,0.000,0.209,-0.132,3,-0.987,-0.942,0,2835,3,0,3.296,9.247
1498,0.000,-4.274,7.152,0.115,3.327,9.363,0.717,-17.567,-7.811,0.000,3.870,9.106,0.076,0.134,0.000,0.209,-0.132,3,-0.984,-0.942,1,2837,0,0,3.204,9.247
1499,0.000,-4.274,7.152,0.115,3.339,9.375,0.656,-17.545,-7.811,0.000,3.882,9.092,0.000,0.134,0.000,0.209,-0.132,3,-0.987,-0.942,5,2836,0,0,3.296,9.339
1500,0.000,-4.274,7.152,0.148,3.322,9.437,0.687,-17.545,-7.811,0.005,3.870,9.133,-0.015,0.134,0.000,0.209,-0.132,3,-0.982,-0.941,0,2838,0,0,3.296,9.339
1501,0.000,-4.274,7.152,0.126,3.303,9.478,0.870,-17.523,-7.811,-0.005,3.882,9.152,0.000,0.134,0.000,0.209,-0.132,3,-0.987,-0.940,0,2842,0,0,3.296,9.339
1502,0.000,-4.274,7.152,0.137,3.332,9.430,0.870,-17.523,-7.811,0.000,3.913,9.130,0.015,0.134,0.000,0.209,-0.132,3,-0.987,-0.942,0,2839,2,0,3.296,9.430
1503,0.000,-4.274,7.152,0.115,3.305,9.394,0.839,-17.501,-7.811,0.005,3.913,9.118,0.015,0.134,0.000,0.209,-0.132,3,-0.984,-0.942,0,2843,1,0,3.296,9.430
1504,0.000,-4.296,7.152,0.126,3.348,9.427,0.992,-17.501,-7.811,0.000,3.906,9.128,0.000,0.134,0.000,0.209,-0.132,3,-0.984,-0.942,0,2845,1,0,3.296,9.430
1505,0.000,-4.296,7.152,0.115,3.353,9.482,1.053,-17.480,-7.811,0.000,3.909,9.118,0.000,0.134,0.000,0.209,-0.132,3,-0.984,-0.942,0,2839,0,0,3.296,9.339
1506,0.000,-4.296,7.152,0.126,3.286,9.518,1.053,-17.458,-7.811,0.000,3.909,9.130,0.107,0.134,0.000,0.209,-0.132,3,-0.984,-0.940,0,2846,1,0,3.296,9.339
1507,0.000,-4.296,7.152,0.115,3.296,9.509,1.053,-17.458,-7.811,0.005,3.904,9.135,0.229,0.134,0.000,0.209,-0.132,3,-0.984,-0.942,0,2850,3,0,3.296,9.430
1508,0.000,-4.318,7.152,0.137,3.265,9.499,0.992,-17.436,-7.811,0.005,3.918,9.114,0.168,0.134,0.000,0.209,-0.132,3,-0.985,-0.942,0,2850,0,0,3.204,9.430
1509,0.000,-4.318,7.152,0.115,3.212,9.473,1.083,-17.436,-7.811,-0.005,3.930,9.154,0.229,0.134,0.000,0.209,-0.132,3,-0.984,-0.942,0,2858,1,0,3.296,9.430
1510,0.000,-4.340,7.152,0.126,3.233,9.456,0.961,-17.414,-7.811,0.005,3.925,9.147,0.229,0.134,0.000,0.209,-0.132,3,-0.985,-0.941,0,2860,0,0,3.204,9.430
1511,0.000,-4.340,7.152,0.115,3.339,9.494,0.992,-17.414,-7.811,0.000,3.937,9.102,0.137,0.134,0.000,0.209,-0.132,3,-0.985,-0.941,0,2857,1,0,3.204,9.430
1512,0.000,-4.362,7.152,0.104,3.312,9.485,1.083,-17.392,-7.811,0.005,3.959,9.121,0.320,0.134,0.000,0.209,-0.132,3,-0.984,-0.941,0,2861,2,0,3.204,9.430
1513,0.000,-4.362,7.152,0.115,3.226,9.454,1.083,-17.370,-7.811,0.016,3.976,9.174,0.412,0.134,0.000,0.209,-0.132,3,-0.985,-0.940,0,2865,0,0,3.296,9.430
1514,0.000,-4.384,7.152,0.104,3.195,9.454,1.022,-17.370,-7.811,0.000,3.918,9.157,0.320,0.134,0.000,0.209,-0.132,3,-0.983,-0.941,0,2864,0,0,3.296,9.430
1515,0.000,-4.384,7.152,0.126,3.236,9.420,1.083,-17.348,-7.811,0.000,3.894,9.123,0.168,0.134,0.000,0.209,-0.132,3,-0.984,-0.941,1,2868,2,0,3.204,9.430
1516,0.000,-4.406,7.152,0.126,3.248,9.394,1.114,-17.348,-7.811,-0.005,3.913,9.140,0.290,0.134,0.000,0.209,-0.132,3,-0.984,-0.941,2,2869,0,1,3.113,9.430
1517,0.000,-4.406,7.152,0.115,3.207,9.408,0.992,-17.326,-7.811,0.000,3.870,9.138,0.259,0.134,0.000,0.209,-0.132,3,-0.984,-0.940,0,2868,0,0,3.204,9.339
1518,0.000,-4.428,7.152,0.104,3.226,9.420,0.992,-17.326,-7.811,0.000,3.901,9.128,0.259,0.134,0.000,0.209,-0.132,3,-0.985,-0.941,0,2871,0,0,3.204,9.339
1519,0.000,-4.428,7.152,0.148,3.231,9.403,0.900,-17.326,-7.811,0.000,3.945,9.126,0.259,0.134,0.000,0.209,-0.132,3,-0.984,-0.941,0,2872,0,0,3.204,9.339
1520,0.000,-4.450,7.152,0.126,3.190,9.363,0.839,-17.304,-7.811,-0.016,3.921,9.116,0.320,0.134,0.000,0.209,-0.132,3,-0.984,-0.941,1,2871,1,0,3.204,9.339
1521,0.000,-4.450,7.152,0.126,3.145,9.348,1.053,-17.304,-7.811,0.000,3.906,9.130,0.320,0.134,0.000,0.209,-0.132,3,-0.984,-0.941,5,2876,0,0,3.204,9.339
1522,0.000,-4.472,7.152,0.126,3.169,9.351,1.328,-17.282,-7.811,0.005,3.906,9.123,0.259,0.134,0.000,0.209,-0.132,3,-0.984,-0.941,0,2879,0,0,3.113,9.339
1523,0.000,-4.472,7.152,0.115,3.212,9.303,1.083,-17.282,-7.811,0.000,3.892,9.130,0.259,0.134,0.000,0.209,-0.132,3,-0.984,-0.942,0,2873,1,0,3.113,9.339
1524,0.000,-4.493,7.152,0.126,3.214,9.257,0.687,-17.282,-7.811,0.000,3.894,9.138,0.290,0.134,0.000,0.209,-0.132,3,-0.983,-0.941,0,2878,1,0,3.113,9.339
1525,0.000,-4.493,7.152,0.126,3.176,9.241,0.534,-17.260,-7.811,-0.005,3.865,9.140,0.198,0.134,0.000,0.209,-0.132,3,-0.984,-0.939,1,2878,0,1,3.204,9.247
1526,0.000,-4.493,7.152,0.137,3.130,9.257,0.351,-17.260,-7.811,0.000,3.837,9.157,0.107,0.134,0.000,0.209,-0.132,3,-0.984,-0.940,2,2878,0,0,3.204,9.247
1527,0.000,-4.515,7.152,0.115,3.118,9.293,0.412,-17.260,-7.811,0.000,3.813,9.154,0.168,0.134,0.000,0.209,-0.132,3,-0.984,-0.940,0,2882,0,0,3.113,9.155
1528,0.000,-4.537,7.152,0.137,3.121,9.296,0.534,-17.260,-7.811,0.000,3.834,9.140,0.168,0.134,0.000,0.209,-0.132,3,-0.984,-0.941,3,2881,0,4,3.113,9.247
1529,0.000,-4.537,7.152,0.115,3.133,9.322,0.320,-17.260,-7.811,0.000,3.851,9.130,0.198,0.134,0.000,0.209,-0.132,3,-0.983,-0.940,0,2877,0,0,3.113,9.247
1530,0.000,-4.559,7.152,0.126,3.154,9.344,0.168,-17.260,-7.811,-0.005,3.827,9.111,0.198,0.134,0.000,0.209,-0.132,3,-0.984,-0.939,0,2881,0,1,3.113,9.247
1531,0.000,-4.559,7.152,0.104,3.154,9.300,0.198,-17.260,-7.811,-0.005,3.832,9.121,0.168,0.134,0.000,0.209,-0.132,3,-0.984,-0.940,0,2881,0,0,3.113,9.247
1532,0.000,-4.581,7.152,0.126,3.198,9.286,0.046,-17.260,-7.811,0.000,3.815,9.138,0.107,0.134,0.000,0.209,-0.132,3,-0.985,-0.940,0,2878,0,0,3.113,9.339
1533,0.000,-4.581,7.152,0.126,3.253,9.281,0.000,-17.260,-7.811,-0.005,3.801,9.116,0.107,0.134,0.000,0.209,-0.132,3,-0.983,-0.940,3,2883,0,2,3.113,9.247
1534,0.000,-4.581,7.152,0.126,3.269,9.267,-0.046,-17.260,-7.811,0.005,3.775,9.128,0.046,0.134,0.000,0.209,-0.132,3,-0.983,-0.940,0,2885,1,0,3.113,9.247
1535,0.000,-4.581,7.152,0.126,3.269,9.274,-0.046,-17.282,-7.811,0.005,3.739,9.123,0.000,0.134,0.000,0.209,-0.132,3,-0.985,-0.939,0,2883,2,0,3.204,9.247
1536,0.000,-4.559,7.152,0.126,3.269,9.296,-0.168,-17.282,-7.811,0.000,3.710,9.118,0.000,0.134,0.000,0.209,-0.132,3,-0.985,-0.940,0,2890,3,0,3.204,9.247
1537,0.000,-4.559,7.152,0.126,3.308,9.329,-0.290,-17.304,-7.811,0.000,3.734,9.159,0.046,0.134,0.000,0.209,-0.132,3,-0.986,-0.939,0,2890,0,0,3.204,9.247
1538,0.000,-4.559,7.152,0.126,3.281,9.332,-0.351,-17.304,-7.811,-0.005,3.751,9.164,0.076,0.134,0.000,0.209,-0.132,3,-0.983,-0.939,0,2889,0,0,3.204,9.247
1539,0.000,-4.559,7.152,0.126,3.327,9.413,-0.534,-17.326,-7.811,0.005,3.698,9.169,0.015,0.134,0.000,0.209,-0.132,3,-0.986,-0.939,0,2896,0,0,3.296,9.247
1540,0.000,-4.559,7.152,0.115,3.379,9.466,-0.717,-17.326,-7.811,0.000,3.707,9.154,-0.046,0.134,0.000,0.209,-0.132,3,-0.985,-0.938,0,2893,0,0,3.204,9.247
1541,0.000,-4.537,7.152,0.137,3.401,9.451,-0.717,-17.348,-7.811,0.000,3.724,9.121,-0.076,0.134,0.000,0.209,-0.132,3,-0.984,-0.939,0,2890,2,0,3.296,9.339
1542,0.000,-4.537,7.152,0.126,3.425,9.463,-0.534,-17.348,-7.811,-0.005,3.693,9.130,0.000,0.134,0.000,0.209,-0.132,3,-0.985,-0.939,0,2895,0,0,3.296,9.430
1543,0.000,-4.515,7.152,0.126,3.420,9.444,-0.504,-17.370,-7.811,-0.005,3.657,9.190,0.046,0.134,0.000,0.209,-0.132,3,-0.985,-0.939,0,2893,1,0,3.388,9.430
1544,0.000,-4.515,7.152,0.115,3.463,9.425,-0.565,-17.392,-7.811,-0.005,3.655,9.202,0.107,0.134,0.000,0.209,-0.132,3,-0.984,-0.938,0,2889,0,0,3.388,9.430
1545,0.000,-4.493,7.152,0.126,3.490,9.439,-0.717,-17.392,-7.811,0.005,3.662,9.147,-0.046,0.134,0.000,0.209,-0.132,3,-0.985,-0.938,0,2896,0,0,3.388,9.430
1546,0.000,-4.472,7.152,0.115,3.432,9.485,-0.565,-17.414,-7.811,-0.005,3.638,9.154,-0.198,0.134,0.000,0.209,-0.132,3,-0.985,-0.939,0,2897,3,0,3.388,9.339
1547,0.000,-4.472,7.152,0.115,3.420,9.487,-0.534,-17.436,-7.811,0.000,3.643,9.171,-0.229,0.134,0.000,0.209,-0.132,3,-0.985,-0.940,0,2898,0,0,3.479,9.430
1548,0.000,-4.450,7.152,0.126,3.514,9.475,-0.565,-17.458,-7.811,-0.005,3.621,9.157,-0.076,0.134,0.000,0.209,-0.132,3,-0.984,-0.939,0,2904,0,0,3.388,9.430
1549,0.000,-4.428,7.152,0.126,3.516,9.463,-0.473,-17.480,-7.811,0.000,3.547,9.162,-0.046,0.134,0.000,0.209,-0.132,3,-0.984,-0.939,0,2902,0,0,3.388,9.430
1550,0.000,-4.406,7.152,0.126,3.509,9.439,-0.565,-17.480,-7.811,0.000,3.633,9.157,-0.046,0.134,0.000,0.209,-0.132,3,-0.984,-0.938,0,2901,1,0,3.479,9.430
1551,0.000,-4.384,7.152,0.126,3.526,9.466,-0.687,-17.501,-7.811,-0.005,3.693,9.183,-0.259,0.134,0.000,0.209,-0.132,3,-0.984,-0.939,0,2901,2,0,3.479,9.430
1552,0.000,-4.384,7.152,0.115,3.487,9.502,-0.748,-17.523,-7.811,-0.005,3.643,9.207,-0.137,0.134,0.000,0.209,-0.132,3,-0.984,-0.938,0,2904,0,0,3.479,9.430
1553,0.000,-4.362,7.152,0.126,3.492,9.473,-0.687,-17.523,-7.811,-0.005,3.614,9.195,-0.076,0.134,0.000,0.209,-0.132,3,-0.983,-0.939,0,2904,2,0,3.479,9.430
1554,0.000,-4.340,7.152,0.137,3.504,9.432,-0.504,-17.545,-7.811,-0.016,3.607,9.195,0.000,0.134,0.000,0.209,-0.132,3,-0.984,-0.938,0,2908,1,0,3.479,9.430
1555,0.000,-4.340,7.152,0.115,3.461,9.379,-0.443,-17.567,-7.811,-0.016,3.609,9.195,-0.076,0.134,0.000,0.209,-0.132,3,-0.984,-0.938,2,2908,0,0,3.479,9.430
1556,0.000,-4.318,7.152,0.115,3.447,9.353,-0.595,-17.589,-7.811,0.005,3.619,9.164,-0.015,0.134,0.000,0.209,-0.132,3,-0.984,-0.938,0,2908,0,0,3.479,9.430
1557,0.000,-4.296,7.152,0.115,3.509,9.425,-0.748,-17.611,-7.811,0.005,3.636,9.152,-0.046,0.134,0.000,0.209,-0.132,3,-0.984,-0.939,0,2911,1,0,3.388,9.339
1558,0.000,-4.274,7.152,0.115,3.542,9.425,-0.809,-17.611,-7.811,-0.005,3.616,9.157,-0.046,0.134,0.000,0.209,-0.132,3,-0.983,-0.938,0,2912,2,0,3.388,9.339
1559,0.000,-4.252,7.152,0.115,3.502,9.382,-0.961,-17.633,-7.811,-0.005,3.590,9.142,-0.015,0.134,0.000,0.209,-0.132,3,-0.984,-0.938,1,2911,0,0,3.479,9.339
1560,0.000,-4.252,7.152,0.126,3.430,9.358,-0.809,-17.655,-7.811,0.000,3.566,9.152,0.000,0.134,0.000,0.209,-0.132,3,-0.984,-0.938,5,2917,0,0,3.479,9.339
1561,0.000,-4.230,7.152,0.137,3.442,9.317,-0.656,-17.677,-7.811,-0.005,3.549,9.150,-0.137,0.134,0.000,0.209,-0.132,3,-0.984,-0.938,0,2920,0,0,3.479,9.339
1562,0.000,-4.230,7.152,0.137,3.497,9.315,-0.717,-17.699,-7.811,0.000,3.588,9.142,-0.046,0.134,0.000,0.209,-0.132,3,-0.984,-0.940,0,2914,1,0,3.388,9.339
1563,0.000,-4.208,7.152,0.126,3.523,9.363,-0.809,-17.699,-7.811,0.016,3.593,9.130,-0.137,0.134,0.000,0.209,-0.132,3,-0.984,-0.937,0,2921,1,0,3.388,9.247
1564,0.000,-4.186,7.152,0.126,3.526,9.403,-0.565,-17.721,-7.811,0.005,3.614,9.152,-0.229,0.134,0.000,0.209,-0.132,3,-0.985,-0.937,0,2922,1,2,3.479,9.247
1565,0.000,-4.164,7.152,0.137,3.478,9.391,-0.290,-17.743,-7.811,0.000,3.648,9.169,-0.137,0.134,0.000,0.209,-0.132,3,-0.984,-0.938,2,2922,0,0,3.479,9.339
1566,0.000,-4.164,7.152,0.126,3.435,9.336,-0.443,-17.743,-7.811,0.000,3.585,9.164,0.000,0.134,0.000,0.209,-0.132,3,-0.984,-0.937,0,2927,0,3,3.479,9.339
1567,0.000,-4.142,7.152,0.126,3.430,9.284,-0.504,-17.765,-7.811,-0.005,3.576,9.138,0.000,0.134,0.000,0.209,-0.132,3,-0.984,-0.938,4,2926,0,5,3.388,9.339
1568,0.000,-4.120,7.152,0.115,3.463,9.274,-0.626,-17.765,-7.811,-0.016,3.660,9.133,0.000,0.134,0.000,0.209,-0.132,3,-0.984,-0.937,0,2924,0,2,3.388,9.247
1569,0.000,-4.120,7.152,0.115,3.458,9.305,-0.473,-17.787,-7.811,0.000,3.688,9.145,-0.015,0.134,0.000,0.209,-0.132,3,-0.984,-0.937,0,2929,0,0,3.388,9.247
1570,0.000,-4.098,7.152,0.115,3.415,9.322,-0.412,-17.787,-7.811,0.000,3.691,9.164,0.046,0.134,0.000,0.209,-0.132,3,-0.984,-0.937,0,2930,0,0,3.388,9.247
1571,0.000,-4.098,7.152,0.115,3.406,9.288,-0.473,-17.787,-7.811,-0.005,3.703,9.162,-0.015,0.134,0.000,0.209,-0.132,3,-0.984,-0.937,0,2929,0,1,3.388,9.247
1572,0.000,-4.098,7.152,0.137,3.447,9.300,-0.443,-17.787,-7.811,0.000,3.676,9.128,0.000,0.134,0.000,0.209,-0.132,3,-0.984,-0.937,3,2936,0,2,3.388,9.247
1573,0.000,-4.076,7.152,0.126,3.478,9.322,-0.473,-17.809,-7.811,0.000,3.616,9.102,-0.046,0.134,0.000,0.209,-0.132,3,-0.983,-0.937,0,2939,1,0,3.388,9.247
1574,0.000,-4.054,7.152,0.126,3.439,9.334,-0.565,-17.809,-7.811,-0.005,3.588,9.090,-0.076,0.134,0.000,0.209,-0.132,3,-0.985,-0.936,0,2942,1,0,3.388,9.247
1575,0.000,-4.054,7.152,0.126,3.427,9.358,-0.473,-17.831,-7.811,-0.005,3.660,9.066,-0.107,0.134,0.000,0.209,-0.132,3,-0.985,-0.937,0,2948,3,0,3.388,9.247
1576,0.000,-4.054,7.152,0.137,3.461,9.358,-0.412,-17.831,-7.811,0.000,3.710,9.087,-0.107,0.134,0.000,0.209,-0.132,3,-0.983,-0.937,0,2951,0,0,3.388,9.247
1577,0.000,-4.032,7.152,0.126,3.492,9.351,-0.381,-17.831,-7.811,0.000,3.684,9.116,-0.107,0.134,0.000,0.209,-0.132,3,-0.982,-0.937,0,2965,0,0,3.388,9.339
1578,0.000,-4.032,7.152,0.126,3.435,9.339,-0.137,-17.831,-7.811,0.000,3.669,9.078,-0.015,0.134,0.000,0.209,-0.132,3,-0.985,-0.936,0,2968,0,0,3.388,9.339
1579,0.000,-4.032,7.152,0.126,3.348,9.344,-0.229,-17.831,-7.811,0.005,3.667,9.083,-0.046,0.134,0.000,0.209,-0.132,3,-0.984,-0.937,0,2972,0,0,3.479,9.339
1580,0.000,-4.032,7.152,0.126,3.367,9.363,-0.290,-17.831,-7.811,0.005,3.741,9.063,0.000,0.134,0.000,0.209,-0.132,3,-0.987,-0.937,0,2977,2,0,3.388,9.339
1581,0.000,-4.032,7.152,0.115,3.430,9.411,-0.168,-17.831,-7.811,0.000,3.801,9.059,0.076,0.134,0.000,0.209,-0.132,3,-0.984,-0.937,0,2986,0,0,3.296,9.339
1582,0.000,-4.010,7.152,0.115,3.437,9.415,-0.107,-17.809,-7.811,0.000,3.794,9.116,0.000,0.134,0.000,0.209,-0.132,3,-0.983,-0.937,0,2984,0,0,3.296,9.339
1583,0.000,-4.010,7.152,0.126,3.387,9.430,-0.046,-17.809,-7.811,0.000,3.755,9.133,-0.046,0.134,0.000,0.209,-0.132,3,-0.985,-0.936,0,2983,0,0,3.388,9.339
1584,0.000,-4.010,7.152,0.137,3.367,9.473,-0.046,-17.809,-7.811,0.005,3.765,9.118,-0.137,0.134,0.000,0.209,-0.132,3,-0.984,-0.936,3,2993,0,1,3.388,9.339
1585,0.000,-4.032,7.152,0.126,3.356,9.463,0.000,-17.787,-7.811,0.000,3.779,9.092,-0.107,0.134,0.000,0.209,-0.132,3,-0.985,-0.936,0,2992,3,0,3.388,9.430
1586,0.000,-4.032,7.152,0.137,3.365,9.449,0.137,-17.787,-7.811,0.005,3.794,9.080,-0.076,0.134,0.000,0.209,-0.132,3,-0.985,-0.934,1,2993,0,0,3.296,9.430
1587,0.000,-4.032,7.152,0.126,3.427,9.461,0.076,-17.787,-7.811,0.000,3.830,9.092,0.015,0.134,0.000,0.209,-0.132,3,-0.985,-0.936,0,3006,0,0,3.296,9.430
1588,0.000,-4.032,7.152,0.115,3.399,9.494,-0.015,-17.765,-7.811,0.000,3.901,9.102,0.015,0.134,0.000,0.209,-0.132,3,-0.985,-0.936,0,3005,0,0,3.296,9.430
1589,0.000,-4.032,7.152,0.148,3.298,9.492,0.000,-17.743,-7.811,0.000,3.921,9.071,0.000,0.134,0.000,0.209,-0.132,3,-0.985,-0.936,2,3006,0,0,3.388,9.430
1590,0.000,-4.054,7.152,0.126,3.293,9.480,0.015,-17.721,-7.811,0.000,3.875,9.106,0.000,0.134,0.000,0.209,-0.132,3,-0.985,-0.936,0,3011,1,0,3.388,9.430
1591,0.000,-4.054,7.152,0.115,3.339,9.485,0.198,-17.721,-7.811,0.000,3.868,9.142,-0.046,0.134,0.000,0.209,-0.132,3,-0.985,-0.935,1,3014,0,1,3.296,9.430
1592,0.000,-4.076,7.152,0.126,3.300,9.478,0.290,-17.699,-7.811,0.005,3.882,9.114,0.000,0.134,0.000,0.209,-0.132,3,-0.983,-0.936,0,3015,1,0,3.204,9.430
1593,0.000,-4.076,7.152,0.126,3.231,9.485,0.168,-17.677,-7.811,0.005,3.940,9.085,-0.015,0.134,0.000,0.209,-0.132,3,-0.984,-0.936,0,3019,2,0,3.296,9.430
1594,0.000,-4.098,7.152,0.115,3.267,9.499,0.229,-17.655,-7.811,-0.005,3.964,9.109,0.000,0.134,0.000,0.209,-0.132,3,-0.984,-0.935,1,3018,0,0,3.296,9.430
1595,0.000,-4.120,7.152,0.126,3.317,9.537,0.320,-17.633,-7.811,-0.005,3.971,9.123,0.015,0.134,0.000,0.209,-0.132,3,-0.984,-0.935,0,3020,0,1,3.204,9.430
1596,0.000,-4.120,7.152,0.126,3.245,9.540,0.229,-17.611,-7.811,0.000,3.978,9.090,0.076,0.134,0.000,0.209,-0.132,3,-0.985,-0.936,0,3024,1,0,3.204,9.430
1597,0.000,-4.142,7.152,0.126,3.176,9.461,0.046,-17.589,-7.811,0.000,3.954,9.118,0.107,0.134,0.000,0.209,-0.132,3,-0.983,-0.935,0,3027,3,0,3.296,9.522
1598,0.000,-4.164,7.152,0.126,3.190,9.456,0.000,-17.567,-7.811,0.000,3.930,9.135,0.107,0.134,0.000,0.209,-0.132,3,-0.984,-0.936,0,3028,0,0,3.204,9.522
1599,0.000,-4.186,7.152,0.115,3.202,9.485,0.137,-17.545,-7.811,-0.005,3.978,9.126,0.107,0.134,0.000,0.209,-0.132,3,-0.984,-0.935,0,3033,1,0,3.113,9.430
1600,0.000,-4.208,7.152,0.115,3.190,9.473,0.229,-17.545,-7.811,0.000,4.004,9.166,0.000,0.134,0.000,0.209,-0.132,3,-0.984,-0.935,0,3035,1,0,3.113,9.430
1601,0.000,-4.230,7.152,0.126,3.188,9.475,0.320,-17.523,-7.811,0.016,3.988,9.145,0.046,0.134,0.000,0.209,-0.132,3,-0.985,-0.937,1,3034,0,2,3.113,9.430
1602,0.000,-4.230,7.152,0.115,3.190,9.466,0.320,-17.501,-7.811,0.000,3.985,9.114,0.137,0.134,0.000,0.209,-0.132,3,-0.983,-0.935,0,3040,0,1,3.113,9.430
1603,0.000,-4.252,7.152,0.115,3.152,9.403,0.168,-17.480,-7.811,-0.005,3.968,9.111,0.107,0.134,0.000,0.209,-0.132,3,-0.985,-0.933,1,3041,0,1,3.113,9.430
1604,0.000,-4.274,7.152,0.137,3.162,9.370,0.107,-17.458,-7.811,0.000,3.959,9.075,0.015,0.134,0.000,0.209,-0.132,3,-0.984,-0.935,3,3046,0,0,3.113,9.430
1605,0.000,-4.296,7.152,0.137,3.176,9.423,0.107,-17.436,-7.811,0.000,3.954,9.085,0.076,0.134,0.000,0.209,-0.132,3,-0.984,-0.934,0,3052,0,3,3.113,9.339
1606,0.000,-4.318,7.152,0.137,3.212,9.411,0.046,-17.414,-7.811,-0.005,4.000,9.087,0.107,0.134,0.000,0.209,-0.132,3,-0.984,-0.936,4,3051,0,5,3.113,9.339
1607,0.000,-4.318,7.152,0.137,3.260,9.384,0.168,-17.392,-7.811,-0.005,3.956,9.027,0.015,0.134,0.000,0.209,-0.132,3,-0.983,-0.935,0,3053,0,2,3.113,9.339
1608,0.000,-4.340,7.152,0.126,3.224,9.396,0.076,-17.370,-7.811,-0.005,3.988,9.023,0.046,0.134,0.000,0.209,-0.132,3,-0.984,-0.935,0,3058,0,0,3.204,9.339
1609,0.000,-4.340,7.152,0.126,3.123,9.367,0.076,-17.348,-7.811,0.005,3.988,9.078,0.015,0.134,0.000,0.209,-0.132,3,-0.984,-0.934,0,3057,0,1,3.204,9.339
1610,0.000,-4.362,7.152,0.115,3.099,9.355,0.076,-17.326,-7.811,0.005,3.947,9.126,0.000,0.134,0.000,0.209,-0.132,3,-0.984,-0.934,0,3064,0,1,3.204,9.339
1611,0.000,-4.384,7.152,0.126,3.154,9.384,0.000,-17.326,-7.811,0.000,3.990,9.075,0.000,0.134,0.000,0.209,-0.132,3,-0.983,-0.934,2,3071,0,2,3.113,9.339
1612,0.000,-4.406,7.152,0.115,3.157,9.403,0.046,-17.304,-7.811,-0.005,3.995,9.068,0.076,0.134,0.000,0.209,-0.132,3,-0.983,-0.933,0,3068,0,1,3.021,9.339
1613,0.000,-4.428,7.152,0.137,3.135,9.423,0.229,-17.282,-7.811,0.000,3.928,9.080,0.076,0.134,0.000,0.209,-0.132,3,-0.987,-0.933,0,3071,1,0,3.113,9.339
1614,0.000,-4.450,7.152,0.115,3.116,9.423,0.137,-17.260,-7.811,0.000,3.913,9.054,0.000,0.134,0.000,0.209,-0.132,3,-0.987,-0.934,0,3076,4,0,3.113,9.339
1615,0.000,-4.450,7.152,0.148,3.095,9.401,0.168,-17.260,-7.811,-0.016,3.909,9.063,0.046,0.134,0.000,0.209,-0.132,3,-0.984,-0.934,1,3075,0,0,3.113,9.339
1616,0.000,-4.472,7.152,0.126,3.152,9.389,0.290,-17.238,-7.811,0.005,3.911,9.073,0.168,0.134,0.000,0.209,-0.132,3,-0.985,-0.934,1,3077,0,0,3.113,9.339
1617,0.000,-4.493,7.152,0.126,3.162,9.363,0.198,-17.238,-7.811,0.000,3.911,9.085,0.198,0.134,0.000,0.209,-0.132,3,-0.985,-0.933,0,3077,1,1,3.021,9.339
1618,0.000,-4.515,7.152,0.137,3.169,9.394,0.107,-17.238,-7.811,0.000,3.904,9.095,0.046,0.134,0.000,0.209,-0.132,3,-0.986,-0.931,0,3080,0,0,3.113,9.339
1619,0.000,-4.515,7.152,0.126,3.176,9.401,0.076,-17.216,-7.811,0.000,3.897,9.097,0.000,0.134,0.000,0.209,-0.132,3,-0.984,-0.934,0,3078,3,0,3.113,9.339
1620,0.000,-4.537,7.152,0.126,3.145,9.329,0.076,-17.216,-7.811,-0.005,3.913,9.118,0.015,0.134,0.000,0.209,-0.132,3,-0.984,-0.934,0,3083,0,0,3.113,9.339
1621,0.000,-4.537,7.152,0.115,3.176,9.346,0.137,-17.194,-7.811,-0.005,3.945,9.130,0.000,0.134,0.000,0.209,-0.132,3,-0.984,-0.933,0,3078,0,0,3.113,9.339
1622,0.000,-4.559,7.152,0.115,3.200,9.377,0.046,-17.194,-7.811,0.005,3.911,9.104,0.107,0.134,0.000,0.209,-0.132,3,-0.984,-0.933,0,3076,0,0,3.113,9.247
1623,0.000,-4.559,7.152,0.137,3.145,9.389,0.290,-17.194,-7.811,0.000,3.863,9.104,0.137,0.134,0.000,0.209,-0.132,3,-0.985,-0.933,2,3085,0,1,3.113,9.339
1624,0.000,-4.581,7.152,0.115,3.162,9.406,0.443,-17.172,-7.811,-0.016,3.889,9.133,0.076,0.134,0.000,0.209,-0.132,3,-0.985,-0.933,0,3082,4,0,3.113,9.339
1625,0.000,-4.581,7.152,0.115,3.195,9.370,0.412,-17.172,-7.811,0.000,3.885,9.164,0.137,0.134,0.000,0.209,-0.132,3,-0.985,-0.933,0,3082,0,0,3.113,9.339
1626,0.000,-4.603,7.152,0.126,3.212,9.372,0.412,-17.172,-7.811,0.000,3.882,9.178,0.076,0.134,0.000,0.209,-0.132,3,-0.984,-0.933,0,3090,1,0,3.113,9.339
1627,0.000,-4.603,7.152,0.093,3.193,9.372,0.320,-17.172,-7.811,-0.005,3.904,9.190,0.015,0.134,0.000,0.209,-0.132,3,-0.985,-0.933,0,3086,1,0,3.113,9.339
1628,0.000,-4.603,7.152,0.115,3.176,9.360,0.381,-17.172,-7.811,0.000,3.873,9.190,0.015,0.134,0.000,0.209,-0.132,3,-0.985,-0.933,0,3086,0,0,3.204,9.339
1629,0.000,-4.625,7.152,0.126,3.202,9.358,0.504,-17.172,-7.811,0.000,3.906,9.178,0.046,0.134,0.000,0.209,-0.132,3,-0.985,-0.933,0,3090,3,0,3.113,9.339
1630,0.000,-4.625,7.152,0.115,3.171,9.341,0.351,-17.172,-7.811,0.000,3.911,9.188,0.107,0.134,0.000,0.209,-0.132,3,-0.984,-0.931,0,3089,0,0,3.113,9.339
1631,0.000,-4.625,7.152,0.115,3.176,9.296,0.229,-17.172,-7.811,0.005,3.851,9.224,0.107,0.134,0.000,0.209,-0.132,3,-0.983,-0.932,0,3090,2,0,3.113,9.339
1632,0.000,-4.647,7.152,0.126,3.226,9.315,0.443,-17.172,-7.811,0.000,3.856,9.207,0.168,0.134,0.000,0.209,-0.132,3,-0.984,-0.933,0,3093,2,0,3.113,9.339
1633,0.000,-4.647,7.152,0.126,3.255,9.377,0.534,-17.172,-7.811,0.000,3.832,9.176,0.076,0.134,0.000,0.209,-0.132,3,-0.984,-0.932,2,3090,0,0,3.113,9.247
1634,0.000,-4.647,7.152,0.126,3.193,9.341,0.504,-17.172,-7.811,0.000,3.775,9.241,0.015,0.134,0.000,0.209,-0.132,3,-0.984,-0.932,0,3092,0,0,3.204,9.247
1635,0.000,-4.647,7.152,0.126,3.205,9.291,0.381,-17.194,-7.811,-0.005,3.751,9.238,0.015,0.134,0.000,0.209,-0.132,3,-0.985,-0.933,0,3094,2,0,3.204,9.339
1636,0.000,-4.647,7.152,0.115,3.284,9.267,0.443,-17.194,-7.811,0.005,3.765,9.226,0.168,0.134,0.000,0.209,-0.132,3,-0.984,-0.932,0,3089,0,0,3.113,9.339
1637,0.000,-4.647,7.152,0.126,3.300,9.281,0.504,-17.216,-7.811,0.016,3.789,9.226,0.076,0.134,0.000,0.209,-0.132,3,-0.984,-0.932,1,3089,0,0,3.204,9.247
1638,0.000,-4.647,7.152,0.115,3.255,9.303,0.290,-17.216,-7.811,0.000,3.753,9.202,0.107,0.134,0.000,0.209,-0.132,3,-0.984,-0.932,3,3093,0,0,3.204,9.247
1639,0.000,-4.647,7.152,0.104,3.243,9.327,0.229,-17.238,-7.811,0.000,3.755,9.193,0.076,0.134,0.000,0.209,-0.132,3,-0.984,-0.932,0,3086,1,1,3.296,9.247
1640,0.000,-4.647,7.152,0.126,3.284,9.339,0.290,-17.238,-7.811,0.016,3.822,9.171,0.076,0.134,0.000,0.209,-0.132,3,-0.984,-0.934,0,3089,2,1,3.204,9.247
1641,0.000,-4.625,7.152,0.126,3.257,9.286,0.443,-17.238,-7.811,0.005,3.813,9.171,0.000,0.134,0.000,0.209,-0.132,3,-0.984,-0.932,0,3095,1,1,3.204,9.247
1642,0.000,-4.625,7.152,0.126,3.288,9.296,0.290,-17.260,-7.811,-0.005,3.698,9.195,0.015,0.134,0.000,0.209,-0.132,3,-0.985,-0.931,0,3093,1,0,3.204,9.339
1643,0.000,-4.625,7.152,0.115,3.360,9.339,0.198,-17.260,-7.811,0.000,3.652,9.200,0.137,0.134,0.000,0.209,-0.132,3,-0.984,-0.931,2,3094,0,0,3.204,9.247
1644,0.000,-4.603,7.152,0.126,3.336,9.320,0.229,-17.282,-7.811,0.000,3.686,9.164,0.137,0.134,0.000,0.209,-0.132,3,-0.984,-0.931,0,3098,0,2,3.204,9.247
1645,0.000,-4.603,7.152,0.126,3.348,9.334,0.259,-17.304,-7.811,0.005,3.691,9.152,0.015,0.134,0.000,0.209,-0.132,3,-0.984,-0.932,5,3095,0,5,3.296,9.339
1646,0.000,-4.603,7.152,0.115,3.372,9.372,0.168,-17.304,-7.811,0.005,3.724,9.159,-0.046,0.134,0.000,0.209,-0.132,3,-0.983,-0.931,0,3095,0,0,3.296,9.247
1647,0.000,-4.581,7.152,0.137,3.322,9.363,0.076,-17.326,-7.811,0.005,3.700,9.188,-0.076,0.134,0.000,0.209,-0.132,3,-0.984,-0.931,0,3097,0,0,3.296,9.247
1648,0.000,-4.581,7.152,0.126,3.296,9.327,0.000,-17.348,-7.811,0.000,3.612,9.217,-0.046,0.134,0.000,0.209,-0.132,3,-0.984,-0.931,0,3094,0,0,3.296,9.339
1649,0.000,-4.581,7.152,0.115,3.293,9.310,-0.076,-17.370,-7.811,0.016,3.612,9.169,0.015,0.134,0.000,0.209,-0.132,3,-0.983,-0.931,0,3094,0,0,3.296,9.339
1650,0.000,-4.559,7.152,0.126,3.372,9.320,0.046,-17.392,-7.811,0.000,3.650,9.190,0.137,0.134,0.000,0.209,-0.132,3,-0.983,-0.930,2,3099,0,1,3.296,9.247
1651,0.000,-4.559,7.152,0.115,3.439,9.320,0.229,-17.414,-7.811,0.000,3.624,9.236,0.137,0.134,0.000,0.209,-0.132,3,-0.984,-0.931,0,3093,1,0,3.204,9.247
1652,0.000,-4.537,7.152,0.126,3.423,9.353,0.107,-17.436,-7.811,-0.005,3.652,9.248,0.000,0.134,0.000,0.209,-0.132,3,-0.985,-0.930,0,3095,2,0,3.296,9.247
1653,0.000,-4.515,7.152,0.115,3.425,9.394,0.000,-17.436,-7.811,0.000,3.655,9.238,-0.076,0.134,0.000,0.209,-0.132,3,-0.986,-0.930,0,3100,3,1,3.388,9.247
1654,0.000,-4.515,7.152,0.104,3.420,9.367,0.015,-17.458,-7.811,0.005,3.597,9.260,-0.107,0.134,0.000,0.209,-0.132,3,-0.983,-0.931,0,3097,0,0,3.388,9.339
1655,0.000,-4.493,7.152,0.126,3.401,9.329,0.076,-17.480,-7.811,0.005,3.593,9.229,-0.076,0.134,0.000,0.209,-0.132,3,-0.983,-0.930,0,3097,0,0,3.388,9.339
1656,0.000,-4.493,7.152,0.137,3.437,9.341,0.000,-17.501,-7.811,0.000,3.652,9.190,-0.015,0.134,0.000,0.209,-0.132,3,-0.987,-0.929,0,3100,0,0,3.388,9.339
1657,0.000,-4.472,7.152,0.126,3.442,9.401,-0.107,-17.523,-7.811,0.000,3.696,9.233,-0.046,0.134,0.000,0.209,-0.132,3,-0.986,-0.927,1,3099,0,0,3.388,9.247
1658,0.000,-4.450,7.152,0.126,3.427,9.442,-0.198,-17.545,-7.811,-0.005,3.662,9.265,-0.046,0.134,0.000,0.209,-0.132,3,-0.986,-0.930,0,3099,2,0,3.388,9.339
1659,0.000,-4.450,7.152,0.137,3.425,9.411,0.000,-17.545,-7.811,0.000,3.650,9.243,-0.168,0.134,0.000,0.209,-0.132,3,-0.984,-0.928,0,3101,0,0,3.388,9.339
1660,0.000,-4.428,7.152,0.126,3.435,9.344,0.046,-17.567,-7.811,0.000,3.607,9.224,-0.107,0.134,0.000,0.209,-0.132,3,-0.984,-0.930,0,3096,0,0,3.388,9.430
1661,0.000,-4.406,7.152,0.104,3.468,9.298,0.000,-17.589,-7.811,-0.005,3.583,9.243,0.000,0.134,0.000,0.209,-0.132,3,-0.985,-0.930,0,3094,0,0,3.388,9.339
1662,0.000,-4.384,7.152,0.137,3.494,9.324,0.000,-17.611,-7.811,-0.005,3.597,9.250,-0.076,0.134,0.000,0.209,-0.132,3,-0.984,-0.928,0,3101,1,0,3.388,9.339
1663,0.000,-4.384,7.152,0.115,3.490,9.379,-0.107,-17.633,-7.811,0.000,3.595,9.231,-0.198,0.134,0.000,0.209,-0.132,3,-0.984,-0.929,0,3094,3,0,3.388,9.247
1664,0.000,-4.362,7.152,0.104,3.415,9.355,-0.076,-17.655,-7.811,0.005,3.631,9.219,-0.290,0.134,0.000,0.209,-0.132,3,-0.985,-0.930,0,3096,0,0,3.479,9.247
1665,0.000,-4.340,7.152,0.115,3.432,9.332,-0.107,-17.677,-7.811,0.016,3.638,9.197,-0.259,0.134,0.000,0.209,-0.132,3,-0.984,-0.929,0,3101,0,0,3.479,9.339
1666,0.000,-4.340,7.152,0.115,3.480,9.315,-0.015,-17.677,-7.811,0.000,3.590,9.226,-0.046,0.134,0.000,0.209,-0.132,3,-0.985,-0.929,0,3095,0,0,3.388,9.339
1667,0.000,-4.318,7.152,0.137,3.427,9.312,-0.107,-17.699,-7.811,0.005,3.590,9.241,-0.107,0.134,0.000,0.209,-0.132,3,-0.984,-0.929,0,3095,0,0,3.388,9.247
1668,0.000,-4.296,7.152,0.115,3.399,9.358,-0.198,-17.721,-7.811,-0.005,3.621,9.238,-0.168,0.134,0.000,0.209,-0.132,3,-0.984,-0.928,0,3096,2,0,3.479,9.247
1669,0.000,-4.296,7.152,0.115,3.439,9.353,-0.320,-17.743,-7.811,0.000,3.609,9.245,-0.137,0.134,0.000,0.209,-0.132,3,-0.984,-0.928,0,3096,2,0,3.388,9.247
1670,0.000,-4.274,7.152,0.137,3.439,9.312,-0.290,-17.765,-7.811,0.000,3.593,9.209,-0.076,0.134,0.000,0.209,-0.132,3,-0.984,-0.928,0,3098,1,0,3.388,9.339
1671,0.000,-4.274,7.152,0.126,3.470,9.284,-0.320,-17.765,-7.811,0.000,3.631,9.193,0.000,0.134,0.000,0.209,-0.132,3,-0.984,-0.929,1,3099,1,0,3.388,9.339
1672,0.000,-4.252,7.152,0.126,3.473,9.327,-0.259,-17.787,-7.811,0.000,3.657,9.224,-0.320,0.134,0.000,0.209,-0.132,3,-0.984,-0.928,2,3094,0,1,3.388,9.247
1673,0.000,-4.230,7.152,0.104,3.437,9.300,-0.229,-17.787,-7.811,0.000,3.638,9.214,-0.381,0.134,0.000,0.209,-0.132,3,-0.984,-0.927,0,3096,0,0,3.388,9.247
1674,0.000,-4.230,7.152,0.126,3.408,9.281,-0.412,-17.809,-7.811,-0.005,3.648,9.152,-0.229,0.134,0.000,0.209,-0.132,3,-0.985,-0.929,0,3098,1,0,3.388,9.247
1675,0.000,-4.208,7.152,0.126,3.454,9.310,-0.381,-17.809,-7.811,0.000,3.626,9.154,-0.168,0.134,0.000,0.209,-0.132,3,-0.983,-0.928,0,3093,1,0,3.388,9.247
1676,0.000,-4.186,7.152,0.137,3.473,9.298,-0.412,-17.831,-7.811,-0.005,3.686,9.171,-0.046,0.134,0.000,0.209,-0.132,3,-0.984,-0.928,1,3094,0,0,3.388,9.247
1677,0.000,-4.186,7.152,0.137,3.442,9.291,-0.381,-17.831,-7.811,0.000,3.679,9.140,-0.198,0.134,0.000,0.209,-0.132,3,-0.984,-0.928,1,3099,0,0,3.388,9.247
1678,0.000,-4.164,7.152,0.137,3.406,9.320,-0.412,-17.831,-7.811,0.000,3.621,9.171,-0.137,0.134,0.000,0.209,-0.132,3,-0.984,-0.928,0,3097,0,0,3.388,9.247
1679,0.000,-4.164,7.152,0.126,3.411,9.367,-0.443,-17.853,-7.811,0.016,3.655,9.188,-0.107,0.134,0.000,0.209,-0.132,3,-0.984,-0.928,2,3096,1,0,3.388,9.247
1680,0.000,-4.142,7.152,0.115,3.456,9.365,-0.320,-17.853,-7.811,-0.005,3.652,9.159,-0.137,0.134,0.000,0.209,-0.132,3,-0.983,-0.928,0,3099,1,0,3.388,9.247
1681,0.000,-4.142,7.152,0.126,3.468,9.355,-0.504,-17.853,-7.811,-0.005,3.674,9.109,-0.168,0.134,0.000,0.209,-0.132,3,-0.984,-0.928,0,3096,1,0,3.388,9.339
1682,0.000,-4.120,7.152,0.115,3.458,9.360,-0.565,-17.853,-7.811,-0.016,3.652,9.083,-0.198,0.134,0.000,0.209,-0.132,3,-0.984,-0.928,2,3100,0,0,3.388,9.339
1683,0.000,-4.120,7.152,0.126,3.454,9.353,-0.412,-17.875,-7.811,-0.005,3.662,9.150,-0.412,0.134,0.000,0.209,-0.132,3,-0.984,-0.928,0,3102,0,0,3.388,9.339
1684,0.000,-4.120,7.152,0.137,3.403,9.363,-0.168,-17.875,-7.811,0.000,3.696,9.128,-0.565,0.134,0.000,0.209,-0.132,3,-0.985,-0.928,2,3097,0,4,3.388,9.339
1685,0.000,-4.098,7.152,0.148,3.384,9.358,-0.229,-17.875,-7.811,0.000,3.693,9.066,-0.443,0.134,0.000,0.209,-0.132,3,-0.983,-0.928,0,3095,0,2,3.388,9.339
1686,0.000,-4.098,7.152,0.137,3.399,9.353,-0.443,-17.875,-7.811,0.000,3.696,9.083,-0.198,0.134,0.000,0.209,-0.132,3,-0.984,-0.930,0,3093,0,0,3.388,9.339
1687,0.000,-4.098,7.152,0.126,3.384,9.401,-0.534,-17.875,-7.811,-0.005,3.724,9.097,-0.259,0.134,0.000,0.209,-0.132,3,-0.985,-0.928,0,3089,0,0,3.296,9.339
1688,0.000,-4.098,7.152,0.137,3.399,9.430,-0.504,-17.853,-7.811,0.016,3.791,9.085,-0.198,0.134,0.000,0.209,-0.132,3,-0.984,-0.928,0,3088,0,2,3.388,9.339
1689,0.000,-4.098,7.152,0.115,3.418,9.401,-0.412,-17.853,-7.811,-0.005,3.763,9.083,-0.168,0.134,0.000,0.209,-0.132,3,-0.983,-0.928,1,3094,0,0,3.296,9.339
1690,0.000,-4.098,7.152,0.126,3.442,9.420,-0.229,-17.853,-7.811,-0.005,3.736,9.087,-0.290,0.134,0.000,0.209,-0.132,3,-0.983,-0.928,0,3088,0,0,3.388,9.430
1691,0.000,-4.076,7.152,0.126,3.403,9.442,-0.259,-17.831,-7.811,-0.005,3.775,9.071,-0.412,0.134,0.000,0.209,-0.132,3,-0.987,-0.927,0,3089,0,0,3.388,9.339
1692,0.000,-4.076,7.152,0.137,3.396,9.434,-0.351,-17.831,-7.811,0.005,3.813,9.056,-0.290,0.134,0.000,0.209,-0.132,3,-0.986,-0.928,0,3092,2,0,3.388,9.339
1693,0.000,-4.076,7.152,0.126,3.415,9.442,-0.320,-17.809,-7.811,0.000,3.827,9.066,-0.168,0.134,0.000,0.209,-0.132,3,-0.984,-0.927,0,3085,0,0,3.388,9.430
1694,0.000,-4.076,7.152,0.115,3.367,9.442,-0.290,-17.809,-7.811,-0.005,3.815,9.059,-0.076,0.134,0.000,0.209,-0.132,3,-0.981,-0.928,0,3088,0,0,3.388,9.430
1695,0.000,-4.076,7.152,0.126,3.372,9.494,-0.229,-17.787,-7.811,0.000,3.837,9.061,0.000,0.134,0.000,0.209,-0.132,3,-0.985,-0.927,0,3086,0,0,3.388,9.430
1696,0.000,-4.076,7.152,0.126,3.413,9.521,-0.198,-17.765,-7.811,0.005,3.856,9.049,-0.046,0.134,0.000,0.209,-0.132,3,-0.984,-0.927,0,3081,1,0,3.296,9.430
1697,0.000,-4.076,7.152,0.126,3.439,9.470,-0.259,-17.765,-7.811,0.000,3.894,9.059,-0.198,0.134,0.000,0.209,-0.132,3,-0.985,-0.928,0,3083,3,0,3.296,9.430
1698,0.000,-4.076,7.152,0.115,3.420,9.442,-0.198,-17.743,-7.811,0.005,3.887,9.083,-0.229,0.134,0.000,0.209,-0.132,3,-0.984,-0.928,0,3083,0,0,3.388,9.522
1699,0.000,-4.076,7.152,0.126,3.370,9.458,-0.046,-17.721,-7.811,-0.005,3.885,9.092,-0.107,0.134,0.000,0.209,-0.132,3,-0.984,-0.927,2,3078,0,0,3.388,9.430
1700,0.000,-4.076,7.152,0.137,3.341,9.458,0.000,-17.699,-7.811,0.005,3.935,9.059,-0.015,0.134,0.000,0.209,-0.132,3,-0.985,-0.927,0,3075,0,0,3.388,9.430
1701,0.000,-4.098,7.152,0.115,3.284,9.434,0.046,-17.677,-7.811,0.000,3.925,9.054,-0.076,0.134,0.000,0.209,-0.132,3,-0.985,-0.926,0,3077,1,0,3.296,9.430
1702,0.000,-4.098,7.152,0.115,3.274,9.466,0.076,-17.655,-7.811,0.000,3.913,9.090,0.076,0.134,0.000,0.209,-0.132,3,-0.985,-0.927,0,3069,3,0,3.296,9.430
1703,0.000,-4.120,7.152,0.126,3.320,9.497,-0.046,-17.633,-7.811,0.000,3.937,9.063,0.290,0.134,0.000,0.209,-0.132,3,-0.985,-0.927,0,3071,0,0,3.204,9.430
1704,0.000,-4.120,7.152,0.126,3.344,9.485,-0.015,-17.611,-7.811,0.005,3.952,9.035,0.168,0.134,0.000,0.209,-0.132,3,-0.985,-0.927,0,3074,0,0,3.204,9.430
1705,0.000,-4.120,7.152,0.126,3.317,9.473,0.000,-17.589,-7.811,0.000,3.925,9.044,0.198,0.134,0.000,0.209,-0.132,3,-0.985,-0.928,0,3065,1,0,3.296,9.430
1706,0.000,-4.142,7.152,0.126,3.265,9.473,0.107,-17.567,-7.811,-0.005,3.930,9.039,0.046,0.134,0.000,0.209,-0.132,3,-0.985,-0.927,0,3066,0,0,3.296,9.430
1707,0.000,-4.142,7.152,0.104,3.277,9.473,0.000,-17.567,-7.811,0.005,3.949,9.030,0.107,0.134,0.000,0.209,-0.132,3,-0.984,-0.927,0,3063,2,0,3.296,9.430
1708,0.000,-4.164,7.152,0.126,3.327,9.473,0.015,-17.545,-7.811,0.000,3.913,9.030,0.320,0.134,0.000,0.209,-0.132,3,-0.984,-0.926,0,3061,2,0,3.204,9.430
1709,0.000,-4.164,7.152,0.126,3.286,9.461,0.076,-17.523,-7.811,0.000,3.959,9.030,0.198,0.134,0.000,0.209,-0.132,3,-0.983,-0.927,0,3063,1,0,3.204,9.430
1710,0.000,-4.186,7.152,0.137,3.250,9.494,0.076,-17.501,-7.811,-0.016,3.971,9.025,0.107,0.134,0.000,0.209,-0.132,3,-0.984,-0.928,0,3060,1,0,3.296,9.430
1711,0.000,-4.186,7.152,0.126,3.286,9.485,0.015,-17.480,-7.811,0.005,3.935,9.027,0.198,0.134,0.000,0.209,-0.132,3,-0.984,-0.927,2,3051,0,0,3.204,9.430
1712,0.000,-4.208,7.152,0.126,3.293,9.411,0.046,-17.458,-7.811,0.000,3.995,9.013,0.137,0.134,0.000,0.209,-0.132,3,-0.984,-0.926,0,3048,4,0,3.204,9.430
1713,0.000,-4.208,7.152,0.137,3.291,9.434,0.137,-17.436,-7.811,0.000,3.985,9.039,0.107,0.134,0.000,0.209,-0.132,3,-0.984,-0.928,0,3048,1,0,3.204,9.430
1714,0.000,-4.208,7.152,0.115,3.250,9.442,0.198,-17.414,-7.811,0.000,3.945,9.051,0.076,0.134,0.000,0.209,-0.132,3,-0.983,-0.926,0,3039,0,0,3.204,9.339
1715,0.000,-4.230,7.152,0.115,3.212,9.430,0.168,-17.392,-7.811,0.005,4.002,9.008,0.107,0.134,0.000,0.209,-0.132,3,-0.984,-0.927,1,3040,0,0,3.204,9.430
1716,0.000,-4.252,7.152,0.126,3.229,9.470,0.168,-17.348,-7.811,0.005,4.033,8.987,0.168,0.134,0.000,0.209,-0.132,3,-0.984,-0.926,1,3039,0,0,3.204,9.430
1717,0.000,-4.252,7.152,0.115,3.217,9.458,0.198,-17.326,-7.811,0.005,3.959,8.989,0.259,0.134,0.000,0.209,-0.132,3,-0.984,-0.926,0,3036,1,0,3.204,9.430
1718,0.000,-4.274,7.152,0.126,3.202,9.427,0.000,-17.304,-7.811,0.000,3.928,9.008,0.259,0.134,0.000,0.209,-0.132,3,-0.984,-0.929,0,3036,1,1,3.204,9.430
1719,0.000,-4.274,7.152,0.148,3.277,9.439,0.107,-17.304,-7.811,-0.005,3.990,8.994,0.320,0.134,0.000,0.209,-0.132,3,-0.983,-0.926,0,3037,1,0,3.204,9.430
1720,0.000,-4.296,7.152,0.104,3.305,9.437,0.320,-17.282,-7.811,0.000,4.000,9.001,0.198,0.134,0.000,0.209,-0.132,3,-0.985,-0.925,0,3032,0,2,3.113,9.339
1721,0.000,-4.296,7.152,0.126,3.243,9.418,0.290,-17.260,-7.811,0.000,3.942,9.025,0.290,0.134,0.000,0.209,-0.132,3,-0.984,-0.927,2,3029,0,0,3.204,9.430
1722,0.000,-4.318,7.152,0.126,3.202,9.442,0.168,-17.238,-7.811,-0.005,3.930,9.032,0.290,0.134,0.000,0.209,-0.132,3,-0.984,-0.926,0,3026,0,0,3.296,9.430
1723,0.000,-4.318,7.152,0.126,3.207,9.444,0.290,-17.216,-7.811,-0.005,3.935,9.056,0.229,0.134,0.000,0.209,-0.132,3,-0.984,-0.927,2,3018,0,4,3.204,9.339
1724,0.000,-4.340,7.152,0.115,3.265,9.432,0.259,-17.216,-7.811,0.000,3.916,9.047,0.351,0.134,0.000,0.209,-0.132,3,-0.983,-0.926,0,3022,0,3,3.113,9.430
1725,0.000,-4.340,7.152,0.115,3.269,9.439,0.259,-17.194,-7.811,0.000,3.935,9.049,0.168,0.134,0.000,0.209,-0.132,3,-0.984,-0.926,0,3019,0,0,3.204,9.430
1726,0.000,-4.362,7.152,0.115,3.214,9.463,0.320,-17.194,-7.811,0.000,3.956,9.056,0.168,0.134,0.000,0.209,-0.132,3,-0.985,-0.926,0,3016,0,2,3.204,9.430
1727,0.000,-4.362,7.152,0.148,3.188,9.461,0.198,-17.172,-7.811,0.000,3.973,9.066,0.229,0.134,0.000,0.209,-0.132,3,-0.984,-0.926,0,3017,0,1,3.204,9.430
1728,0.000,-4.384,7.152,0.115,3.209,9.454,0.168,-17.150,-7.811,-0.005,3.954,9.071,0.107,0.134,0.000,0.209,-0.132,3,-0.983,-0.926,2,3017,0,1,3.204,9.430
1729,0.000,-4.406,7.152,0.104,3.224,9.439,0.198,-17.150,-7.811,0.005,3.901,9.071,0.107,0.134,0.000,0.209,-0.132,3,-0.988,-0.926,0,3014,0,0,3.113,9.430
1730,0.000,-4.406,7.152,0.148,3.212,9.444,0.412,-17.128,-7.811,0.000,3.911,9.087,0.076,0.134,0.000,0.209,-0.132,3,-0.986,-0.924,0,3016,1,1,3.204,9.430
1731,0.000,-4.428,7.152,0.126,3.241,9.470,0.381,-17.128,-7.811,0.000,3.956,9.073,0.107,0.134,0.000,0.209,-0.132,3,-0.985,-0.926,0,3015,3,0,3.204,9.430
1732,0.000,-4.428,7.152,0.115,3.233,9.432,0.168,-17.106,-7.811,0.005,3.918,9.083,0.168,0.134,0.000,0.209,-0.132,3,-0.983,-0.926,0,3010,0,0,3.204,9.430
1733,0.000,-4.450,7.152,0.126,3.224,9.420,0.198,-17.106,-7.811,0.000,3.885,9.145,0.229,0.134,0.000,0.209,-0.132,3,-0.982,-0.926,0,3010,0,0,3.204,9.430
1734,0.000,-4.450,7.152,0.126,3.219,9.401,0.259,-17.106,-7.811,0.005,3.877,9.159,0.168,0.134,0.000,0.209,-0.132,3,-0.987,-0.925,0,3002,0,1,3.204,9.430
1735,0.000,-4.450,7.152,0.126,3.202,9.379,0.351,-17.106,-7.811,-0.005,3.925,9.145,0.198,0.134,0.000,0.209,-0.132,3,-0.987,-0.923,1,2993,0,1,3.204,9.339
1736,0.000,-4.472,7.152,0.104,3.174,9.379,0.198,-17.106,-7.811,0.005,3.877,9.145,0.229,0.134,0.000,0.209,-0.132,3,-0.984,-0.926,0,2995,3,0,3.204,9.339
1737,0.000,-4.493,7.152,0.115,3.190,9.406,0.290,-17.106,-7.811,0.000,3.861,9.169,0.198,0.134,0.000,0.209,-0.132,3,-0.984,-0.926,0,2989,0,0,3.113,9.339
1738,0.000,-4.493,7.152,0.137,3.257,9.418,0.320,-17.106,-7.811,0.000,3.842,9.169,0.198,0.134,0.000,0.209,-0.132,3,-0.984,-0.926,0,2984,0,0,3.113,9.339
1739,0.000,-4.493,7.152,0.104,3.238,9.355,0.259,-17.106,-7.811,-0.016,3.851,9.135,0.198,0.134,0.000,0.209,-0.132,3,-0.984,-0.926,0,2989,0,0,3.113,9.339
1740,0.000,-4.493,7.152,0.126,3.231,9.363,0.259,-17.106,-7.811,-0.005,3.861,9.140,0.107,0.134,0.000,0.209,-0.132,3,-0.984,-0.924,0,2987,1,0,3.204,9.339
1741,0.000,-4.515,7.152,0.126,3.248,9.399,0.351,-17.106,-7.811,-0.005,3.825,9.135,0.107,0.134,0.000,0.209,-0.132,3,-0.985,-0.925,0,2975,3,0,3.204,9.339
1742,0.000,-4.515,7.152,0.126,3.207,9.355,0.320,-17.106,-7.811,-0.005,3.775,9.188,0.229,0.134,0.000,0.209,-0.132,3,-0.985,-0.923,0,2979,0,0,3.204,9.339
1743,0.000,-4.515,7.152,0.137,3.238,9.324,0.107,-17.128,-7.811,0.000,3.794,9.233,0.320,0.134,0.000,0.209,-0.132,3,-0.985,-0.925,0,2975,0,0,3.204,9.339
1744,0.000,-4.515,7.152,0.126,3.320,9.358,0.076,-17.128,-7.811,0.000,3.786,9.185,0.351,0.134,0.000,0.209,-0.132,3,-0.984,-0.925,0,2966,0,0,3.204,9.339
1745,0.000,-4.515,7.152,0.126,3.267,9.344,0.076,-17.150,-7.811,0.000,3.736,9.169,0.107,0.134,0.000,0.209,-0.132,3,-0.984,-0.925,0,2965,0,0,3.204,9.247
1746,0.000,-4.515,7.152,0.126,3.233,9.315,0.107,-17.150,-7.811,-0.005,3.743,9.183,0.076,0.134,0.000,0.209,-0.132,3,-0.985,-0.925,0,2956,2,0,3.296,9.339
1747,0.000,-4.515,7.152,0.126,3.315,9.344,0.259,-17.172,-7.811,0.000,3.789,9.133,0.168,0.134,0.000,0.209,-0.132,3,-0.984,-0.924,0,2950,0,1,3.204,9.339
1748,0.000,-4.515,7.152,0.126,3.367,9.344,0.198,-17.172,-7.811,0.005,3.777,9.106,0.168,0.134,0.000,0.209,-0.132,3,-0.983,-0.925,0,2954,2,0,3.204,9.247
1749,0.000,-4.515,7.152,0.115,3.284,9.351,0.000,-17.194,-7.811,0.005,3.741,9.193,0.168,0.134,0.000,0.209,-0.132,3,-0.984,-0.924,1,2950,0,0,3.296,9.339
1750,0.000,-4.515,7.152,0.115,3.265,9.384,0.000,-17.194,-7.811,0.005,3.727,9.221,0.168,0.134,0.000,0.209,-0.132,3,-0.984,-0.925,0,2947,0,0,3.296,9.339
1751,0.000,-4.515,7.152,0.126,3.284,9.358,0.076,-17.216,-7.811,0.005,3.727,9.197,0.198,0.134,0.000,0.209,-0.132,3,-0.984,-0.924,0,2947,4,0,3.204,9.339
1752,0.000,-4.515,7.152,0.126,3.269,9.339,0.076,-17.238,-7.811,0.000,3.698,9.200,0.046,0.134,0.000,0.209,-0.132,3,-0.985,-0.925,0,2944,2,0,3.204,9.339
1753,0.000,-4.515,7.152,0.126,3.322,9.348,0.000,-17.238,-7.811,0.000,3.655,9.200,0.000,0.134,0.000,0.209,-0.132,3,-0.983,-0.924,0,2938,1,0,3.204,9.339
1754,0.000,-4.493,7.152,0.137,3.363,9.334,0.000,-17.260,-7.811,0.000,3.667,9.209,0.000,0.134,0.000,0.209,-0.132,3,-0.984,-0.925,0,2942,0,0,3.204,9.339
1755,0.000,-4.493,7.152,0.115,3.322,9.339,0.107,-17.282,-7.811,0.000,3.667,9.200,0.107,0.134,0.000,0.209,-0.132,3,-0.984,-0.924,3,2936,0,0,3.296,9.339
1756,0.000,-4.493,7.152,0.148,3.315,9.339,0.107,-17.304,-7.811,0.000,3.650,9.221,0.015,0.134,0.000,0.209,-0.132,3,-0.985,-0.924,0,2931,0,3,3.296,9.247
1757,0.000,-4.493,7.152,0.126,3.341,9.324,0.000,-17.326,-7.811,0.000,3.643,9.265,-0.015,0.134,0.000,0.209,-0.132,3,-0.984,-0.926,2,2932,1,3,3.296,9.339
1758,0.000,-4.472,7.152,0.104,3.351,9.353,0.046,-17.348,-7.811,0.005,3.631,9.276,-0.015,0.134,0.000,0.209,-0.132,3,-0.983,-0.924,0,2921,1,2,3.296,9.339
1759,0.000,-4.472,7.152,0.115,3.372,9.346,0.107,-17.370,-7.811,0.000,3.585,9.265,0.046,0.134,0.000,0.209,-0.132,3,-0.984,-0.925,0,2916,1,0,3.296,9.247
1760,0.000,-4.472,7.152,0.137,3.365,9.317,0.046,-17.414,-7.811,0.000,3.545,9.265,0.107,0.134,0.000,0.209,-0.132,3,-0.984,-0.924,2,2920,0,0,3.296,9.339
1761,0.000,-4.450,7.152,0.126,3.384,9.332,-0.107,-17.436,-7.811,0.005,3.585,9.288,0.015,0.134,0.000,0.209,-0.132,3,-0.985,-0.923,0,2912,0,5,3.296,9.339
1762,0.000,-4.450,7.152,0.115,3.329,9.339,0.000,-17.458,-7.811,0.000,3.633,9.305,-0.046,0.134,0.000,0.209,-0.132,3,-0.985,-0.925,5,2907,0,5,3.296,9.247
1763,0.000,-4.450,7.152,0.126,3.291,9.329,0.076,-17.480,-7.811,0.000,3.605,9.315,-0.076,0.134,0.000,0.209,-0.132,3,-0.984,-0.924,0,2904,0,3,3.296,9.247
1764,0.000,-4.428,7.152,0.126,3.377,9.284,0.000,-17.501,-7.811,0.005,3.578,9.279,0.000,0.134,0.000,0.209,-0.132,3,-0.984,-0.922,0,2898,0,0,3.296,9.339
1765,0.000,-4.428,7.152,0.137,3.401,9.274,-0.076,-17.523,-7.811,-0.016,3.602,9.219,0.000,0.134,0.000,0.209,-0.132,3,-0.984,-0.923,0,2894,0,2,3.204,9.247
1766,0.000,-4.406,7.152,0.148,3.370,9.293,-0.137,-17.545,-7.811,0.005,3.600,9.250,-0.137,0.134,0.000,0.209,-0.132,3,-0.984,-0.923,0,2883,0,1,3.296,9.247
1767,0.000,-4.406,7.152,0.148,3.346,9.284,0.076,-17.567,-7.811,0.000,3.583,9.296,-0.137,0.134,0.000,0.209,-0.132,3,-0.984,-0.923,2,2880,0,1,3.388,9.247
1768,0.000,-4.406,7.152,0.126,3.363,9.293,0.198,-17.611,-7.811,-0.005,3.578,9.281,0.000,0.134,0.000,0.209,-0.132,3,-0.986,-0.923,0,2867,0,0,3.296,9.247
1769,0.000,-4.384,7.152,0.126,3.379,9.308,-0.107,-17.633,-7.811,-0.005,3.602,9.288,0.000,0.134,0.000,0.209,-0.132,3,-0.984,-0.924,0,2868,1,1,3.296,9.247
1770,0.000,-4.384,7.152,0.115,3.351,9.317,-0.198,-17.655,-7.811,0.000,3.612,9.279,-0.168,0.134,0.000,0.209,-0.132,3,-0.986,-0.923,0,2855,3,1,3.296,9.247
1771,0.000,-4.362,7.152,0.115,3.348,9.298,-0.168,-17.655,-7.811,-0.005,3.607,9.255,-0.168,0.134,0.000,0.209,-0.132,3,-0.984,-0.923,1,2845,0,0,3.296,9.247
1772,0.000,-4.362,7.152,0.126,3.346,9.274,-0.107,-17.677,-7.811,0.000,3.638,9.243,-0.107,0.134,0.000,0.209,-0.132,3,-0.983,-0.923,0,2843,0,0,3.296,9.247
1773,0.000,-4.362,7.152,0.126,3.367,9.276,-0.046,-17.699,-7.811,-0.005,3.657,9.233,-0.107,0.134,0.000,0.209,-0.132,3,-0.987,-0.922,0,2833,0,1,3.296,9.247
1774,0.000,-4.340,7.152,0.115,3.394,9.293,-0.198,-17.721,-7.811,0.000,3.605,9.245,-0.076,0.134,0.000,0.209,-0.132,3,-0.987,-0.920,0,2827,0,0,3.296,9.247
1775,0.000,-4.340,7.152,0.126,3.324,9.257,-0.137,-17.743,-7.811,0.005,3.585,9.276,-0.046,0.134,0.000,0.209,-0.132,3,-0.985,-0.923,0,2821,3,0,3.296,9.247
1776,0.000,-4.340,7.152,0.115,3.339,9.241,-0.046,-17.743,-7.811,-0.005,3.621,9.255,-0.137,0.134,0.000,0.209,-0.132,3,-0.984,-0.923,0,2813,0,0,3.388,9.247
1777,0.000,-4.318,7.152,0.115,3.387,9.253,-0.137,-17.765,-7.811,-0.016,3.593,9.253,-0.259,0.134,0.000,0.209,-0.132,3,-0.985,-0.923,0,2794,0,0,3.296,9.247
1778,0.000,-4.318,7.152,0.115,3.394,9.236,-0.107,-17.787,-7.811,0.000,3.612,9.255,-0.351,0.134,0.000,0.209,-0.132,3,-0.985,-0.922,0,2769,0,0,3.296,9.155
1779,0.000,-4.296,7.152,0.104,3.367,9.253,-0.076,-17.809,-7.811,-0.016,3.583,9.200,-0.229,0.134,0.000,0.209,-0.132,3,-0.985,-0.923,5,2752,0,1,3.388,9.247
1780,0.000,-4.296,7.152,0.126,3.336,9.262,-0.015,-17.831,-7.811,0.005,3.573,9.200,-0.198,0.134,0.000,0.209,-0.132,3,-0.984,-0.923,0,2732,3,0,3.388,9.155
1781,0.000,-4.296,7.152,0.115,3.336,9.253,0.000,-17.831,-7.811,0.000,3.595,9.193,-0.290,0.134,0.000,0.209,-0.132,3,-0.985,-0.922,0,2717,0,0,3.296,9.247
1782,0.000,-4.274,7.152,0.137,3.322,9.284,-0.198,-17.853,-7.811,0.000,3.607,9.193,-0.320,0.134,0.000,0.209,-0.132,3,-0.984,-0.923,0,2705,0,0,3.296,9.247
1783,0.000,-4.274,7.152,0.137,3.353,9.298,-0.290,-17.853,-7.811,-0.005,3.640,9.200,-0.229,0.134,0.000,0.209,-0.132,3,-0.985,-0.922,0,2687,0,0,3.296,9.247
1784,0.000,-4.274,7.152,0.126,3.360,9.293,-0.137,-17.875,-7.811,0.000,3.703,9.205,-0.137,0.134,0.000,0.209,-0.132,3,-0.984,-0.922,0,2681,0,0,3.296,9.247
1785,0.000,-4.274,7.152,0.093,3.399,9.308,-0.168,-17.875,-7.811,0.000,3.679,9.193,-0.137,0.134,0.000,0.209,-0.132,3,-0.985,-0.922,0,2660,2,0,3.296,9.247
1786,0.000,-4.252,7.152,0.126,3.451,9.322,-0.168,-17.875,-7.811,0.000,3.616,9.171,-0.198,0.134,0.000,0.209,-0.132,3,-0.984,-0.922,0,2645,2,0,3.296,9.247
1787,0.000,-4.252,7.152,0.126,3.391,9.355,-0.168,-17.897,-7.811,-0.005,3.676,9.181,-0.290,0.134,0.000,0.209,-0.132,3,-0.983,-0.922,0,2633,2,0,3.388,9.247
1788,0.000,-4.230,7.152,0.126,3.332,9.339,-0.168,-17.897,-7.811,0.005,3.688,9.195,-0.168,0.134,0.000,0.209,-0.132,3,-0.984,-0.922,1,2613,1,0,3.388,9.247
1789,0.000,-4.230,7.152,0.126,3.387,9.355,-0.076,-17.897,-7.811,0.000,3.667,9.176,-0.046,0.134,0.000,0.209,-0.132,3,-0.984,-0.922,0,2594,4,0,3.388,9.339
1790,0.000,-4.230,7.152,0.126,3.396,9.401,-0.198,-17.897,-7.811,0.000,3.686,9.171,-0.137,0.134,0.000,0.209,-0.132,3,-0.983,-0.921,0,2579,4,0,3.296,9.339
1791,0.000,-4.230,7.152,0.104,3.293,9.351,-0.229,-17.897,-7.811,0.000,3.703,9.188,-0.229,0.134,0.000,0.209,-0.132,3,-0.984,-0.922,0,2560,3,0,3.388,9.339
1792,0.000,-4.230,7.152,0.115,3.315,9.327,-0.320,-17.897,-7.811,0.005,3.736,9.178,-0.229,0.134,0.000,0.209,-0.132,3,-0.984,-0.922,0,2535,0,0,3.388,9.339
1793,0.000,-4.230,7.152,0.115,3.367,9.346,-0.259,-17.897,-7.811,0.000,3.767,9.142,-0.229,0.134,0.000,0.209,-0.132,3,-0.984,-0.922,0,2525,0,0,3.204,9.339
1794,0.000,-4.230,7.152,0.126,3.367,9.394,-0.229,-17.897,-7.811,0.000,3.791,9.135,-0.320,0.134,0.000,0.209,-0.132,3,-0.984,-0.921,1,2496,0,0,3.296,9.247
1795,0.000,-4.230,7.152,0.126,3.363,9.408,-0.259,-17.897,-7.811,0.000,3.767,9.181,-0.229,0.134,0.000,0.209,-0.132,3,-0.984,-0.921,0,2478,1,0,3.296,9.339
1796,0.000,-4.230,7.152,0.126,3.348,9.377,-0.107,-17.875,-7.811,0.016,3.813,9.205,-0.198,0.134,0.000,0.209,-0.132,3,-0.984,-0.920,2,2452,1,0,3.296,9.339
1797,0.000,-4.230,7.152,0.104,3.356,9.384,-0.076,-17.875,-7.811,0.000,3.851,9.178,-0.351,0.134,0.000,0.209,-0.132,3,-0.983,-0.921,0,2434,1,1,3.296,9.339
1798,0.000,-4.230,7.152,0.126,3.327,9.377,-0.198,-17.853,-7.811,-0.005,3.825,9.142,-0.351,0.134,0.000,0.209,-0.132,3,-0.984,-0.920,1,2408,1,0,3.296,9.339
1799,0.000,-4.230,7.152,0.115,3.322,9.394,-0.046,-17.853,-7.811,0.000,3.820,9.133,-0.168,0.134,0.000,0.209,-0.132,3,-0.985,-0.921,0,2396,0,2,3.296,9.339
1800,0.000,-4.230,7.152,0.115,3.320,9.399,0.015,-17.831,-7.811,-0.005,3.844,9.150,-0.168,0.134,0.000,0.209,-0.132,3,-0.984,-0.921,0,2363,0,2,3.296,9.339
1801,0.000,-4.230,7.152,0.126,3.272,9.375,-0.015,-17.831,-7.811,-0.005,3.882,9.130,-0.351,0.134,0.000,0.209,-0.132,3,-0.984,-0.921,5,2346,0,2,3.296,9.339
1802,0.000,-4.230,7.152,0.115,3.260,9.382,-0.107,-17.809,-7.811,0.000,3.865,9.106,-0.320,0.134,0.000,0.209,-0.132,3,-0.983,-0.921,0,2324,0,0,3.296,9.339
1803,0.000,-4.252,7.152,0.115,3.293,9.379,-0.107,-17.787,-7.811,-0.005,3.882,9.121,-0.290,0.134,0.000,0.209,-0.132,3,-0.984,-0.922,0,2301,0,0,3.204,9.339
1804,0.000,-4.252,7.152,0.126,3.403,9.413,-0.015,-17.765,-7.811,0.000,3.961,9.080,-0.137,0.134,0.000,0.209,-0.132,3,-0.984,-0.920,0,2283,0,0,3.204,9.339
1805,0.000,-4.230,7.152,0.148,3.365,9.403,0.000,-17.743,-7.811,0.005,3.983,8.989,0.015,0.134,0.000,0.209,-0.132,3,-0.983,-0.921,0,2250,0,1,3.204,9.339
1806,0.000,-4.252,7.152,0.115,3.212,9.458,-0.107,-17.721,-7.811,0.005,3.846,9.004,0.015,0.134,0.000,0.209,-0.132,3,-0.985,-0.920,1,2230,0,1,3.388,9.339
1807,0.000,-4.274,7.152,0.126,2.956,9.418,-0.412,-17.721,-7.811,0.000,3.722,9.066,-0.107,0.134,0.000,0.209,-0.132,3,-0.986,-0.920,0,2212,0,0,3.296,9.339
1808,0.000,-4.318,7.152,0.126,3.075,9.485,-0.687,-17.721,-7.811,0.000,3.722,9.102,-0.107,0.134,0.000,0.209,-0.132,3,-0.986,-0.919,0,2185,0,1,3.204,9.430
1809,0.000,-4.318,7.152,0.148,3.456,9.588,-0.717,-17.721,-7.811,0.005,3.789,9.154,-0.107,0.134,0.000,0.209,-0.132,3,-0.983,-0.920,0,2155,4,0,2.930,9.339
1810,0.000,-4.296,7.152,0.126,3.686,9.648,-0.565,-17.699,-7.811,0.000,3.906,9.121,-0.351,0.134,0.000,0.209,-0.132,3,-0.983,-0.920,1,2141,0,1,3.021,9.430
1811,0.000,-4.296,7.152,0.115,3.403,9.600,-0.381,-17.699,-7.811,0.005,3.801,9.138,-0.778,0.134,0.000,0.209,-0.132,3,-0.985,-0.920,1,2123,0,0,3.388,9.522
1812,0.000,-4.318,7.152,0.126,3.059,9.614,-0.412,-17.699,-7.811,0.000,3.686,9.176,-0.931,0.134,0.000,0.209,-0.132,3,-0.987,-0.919,0,2099,0,0,3.662,9.613
1813,0.000,-4.340,7.152,0.115,3.142,9.648,-0.504,-17.699,-7.811,0.000,3.707,9.104,-0.900,0.134,0.000,0.209,-0.132,3,-0.984,-0.918,0,2055,0,0,3.388,9.522
1814,0.000,-4.362,7.152,0.126,3.288,9.645,-0.748,-17.699,-7.811,0.000,3.810,9.051,-0.931,0.134,0.000,0.209,-0.132,3,-0.984,-0.919,0,2026,2,0,3.021,9.613
1815,0.000,-4.362,7.152,0.126,3.346,9.667,-0.748,-17.677,-7.811,0.016,3.983,9.059,-0.687,0.134,0.000,0.209,-0.132,3,-0.983,-0.920,0,2004,0,0,3.113,9.613
1816,0.000,-4.362,7.152,0.126,3.351,9.664,-0.778,-17.633,-7.811,0.000,4.069,9.111,-0.626,0.134,0.000,0.209,-0.132,3,-0.984,-0.919,1,1981,0,0,3.204,9.613
1817,0.000,-4.384,7.152,0.137,3.159,9.607,-0.992,-17.611,-7.811,-0.005,4.146,9.116,-0.412,0.134,0.000,0.209,-0.132,3,-0.984,-0.919,0,1958,0,0,3.296,9.613
1818,0.000,-4.406,7.152,0.137,3.047,9.564,-1.266,-17.567,-7.811,0.000,4.174,9.056,-0.198,0.134,0.000,0.209,-0.132,3,-0.984,-0.918,0,1935,1,0,3.296,9.613
1819,0.000,-4.428,7.152,0.126,3.157,9.523,-1.358,-17.523,-7.811,0.000,4.069,8.992,-0.259,0.134,0.000,0.209,-0.132,3,-0.984,-0.919,0,1913,2,0,3.113,9.522
1820,0.000,-4.450,7.152,0.148,3.219,9.583,-1.389,-17.501,-7.811,-0.005,3.832,8.989,-0.290,0.134,0.000,0.209,-0.132,3,-0.985,-0.917,0,1884,0,0,3.021,9.522
1821,0.000,-4.472,7.152,0.104,3.142,9.600,-1.419,-17.501,-7.811,0.000,3.760,8.970,-0.259,0.134,0.000,0.209,-0.132,3,-0.984,-0.919,0,1846,0,0,3.113,9.522
1822,0.000,-4.493,7.152,0.126,3.152,9.492,-1.419,-17.480,-7.811,0.005,3.901,8.857,-0.168,0.134,0.000,0.209,-0.132,3,-0.984,-0.919,0,1804,0,0,3.204,9.522
1823,0.000,-4.493,7.152,0.126,3.288,9.576,-1.328,-17.458,-7.811,0.000,3.978,8.867,-0.046,0.134,0.000,0.209,-0.132,3,-0.985,-0.919,0,1766,0,0,3.113,9.522
1824,0.000,-4.493,7.152,0.126,3.406,9.674,-1.175,-17.414,-7.811,0.000,4.074,8.822,0.046,0.134,0.000,0.209,-0.132,3,-0.984,-0.919,0,1723,2,0,3.113,9.430
1825,0.000,-4.493,7.152,0.126,3.365,9.569,-1.022,-17.370,-7.811,0.000,3.983,8.862,0.000,0.134,0.000,0.209,-0.132,3,-0.984,-0.918,0,1708,0,0,3.204,9.522
1826,0.000,-4.515,7.152,0.126,3.245,9.494,-0.961,-17.348,-7.811,0.000,3.909,8.881,-0.076,0.134,0.000,0.209,-0.132,3,-0.983,-0.919,0,1678,0,0,3.388,9.613
1827,0.000,-4.515,7.152,0.137,3.099,9.470,-0.900,-17.326,-7.811,0.005,3.877,8.865,-0.290,0.134,0.000,0.209,-0.132,3,-0.984,-0.919,1,1643,0,0,3.296,9.522
1828,0.000,-4.537,7.152,0.148,3.078,9.408,-0.931,-17.326,-7.811,-0.016,3.837,8.913,-0.381,0.134,0.000,0.209,-0.132,3,-0.984,-0.919,3,1623,0,0,3.204,9.430
1829,0.000,-4.559,7.152,0.115,3.231,9.411,-0.809,-17.304,-7.811,0.000,3.906,8.917,-0.320,0.134,0.000,0.209,-0.132,3,-0.984,-0.918,0,1616,0,0,3.021,9.430
1830,0.000,-4.559,7.152,0.115,3.274,9.399,-0.595,-17.282,-7.811,-0.005,3.909,8.877,-0.259,0.134,0.000,0.209,-0.132,3,-0.985,-0.919,0,1602,3,0,3.021,9.339
1831,0.000,-4.559,7.152,0.137,3.272,9.348,-0.534,-17.260,-7.811,0.000,3.808,8.922,-0.412,0.134,0.000,0.209,-0.132,3,-0.983,-0.918,0,1591,1,0,3.204,9.339
1832,0.000,-4.559,7.152,0.126,3.243,9.284,-0.534,-17.260,-7.811,-0.016,3.813,8.958,-0.473,0.134,0.000,0.209,-0.132,3,-0.984,-0.919,1,1596,0,0,3.204,9.339
1833,0.000,-4.559,7.152,0.115,3.229,9.214,-0.290,-17.260,-7.811,0.000,3.834,9.025,-0.351,0.134,0.000,0.209,-0.132,3,-0.984,-0.918,2,1603,0,0,3.204,9.339
1834,0.000,-4.559,7.152,0.126,3.226,9.178,-0.107,-17.260,-7.811,0.005,3.832,9.071,-0.351,0.134,0.000,0.209,-0.132,3,-0.984,-0.918,0,1616,1,0,3.204,9.247
1835,0.000,-4.559,7.152,0.115,3.166,9.150,-0.076,-17.238,-7.811,0.000,3.842,9.080,-0.473,0.134,0.000,0.209,-0.132,3,-0.984,-0.920,1,1634,1,2,3.204,9.155
1836,0.000,-4.559,7.152,0.126,3.114,9.075,-0.076,-17.238,-7.811,0.000,3.906,9.130,-0.320,0.134,0.000,0.209,-0.132,3,-0.983,-0.917,0,1588,2,0,3.204,9.155
1837,0.000,-4.559,7.152,0.126,3.138,9.030,-0.046,-17.238,-7.811,0.005,3.959,9.083,-0.107,0.134,0.000,0.209,-0.132,3,-0.984,-0.917,0,1583,1,0,3.113,9.064
1838,0.000,-4.559,7.152,0.126,3.178,9.027,-0.076,-17.216,-7.811,0.000,4.004,9.025,0.000,0.134,0.000,0.209,-0.132,3,-0.984,-0.918,1,1593,0,0,3.113,9.064
1839,0.000,-4.559,7.152,0.126,3.224,9.047,-0.168,-17.194,-7.811,0.000,4.012,9.068,0.046,0.134,0.000,0.209,-0.132,3,-0.984,-0.917,0,1609,0,0,3.113,8.972
1840,0.000,-4.559,7.152,0.126,3.236,9.063,-0.076,-17.172,-7.811,-0.005,4.021,9.085,0.046,0.134,0.000,0.209,-0.132,3,-0.984,-0.918,3,1640,0,0,3.113,8.972
1841,0.000,-4.537,7.152,0.126,3.238,9.054,-0.046,-17.150,-7.811,0.005,4.045,9.109,0.168,0.134,0.000,0.209,-0.132,3,-0.983,-0.917,0,1649,0,0,3.204,8.972
1842,0.000,-4.537,7.152,0.137,3.298,9.068,0.015,-17.128,-7.811,0.000,3.976,9.145,0.229,0.134,0.000,0.209,-0.132,3,-0.984,-0.919,0,1648,0,0,3.204,9.064
1843,0.000,-4.515,7.152,0.126,3.322,9.109,-0.137,-17.128,-7.811,-0.005,3.940,9.147,0.168,0.134,0.000,0.209,-0.132,3,-0.985,-0.917,0,1656,0,0,3.204,8.972
1844,0.000,-4.515,7.152,0.115,3.365,9.157,-0.168,-17.128,-7.811,0.000,3.899,9.140,0.198,0.134,0.000,0.209,-0.132,3,-0.984,-0.917,0,1660,0,1,3.296,9.064
1845,0.000,-4.493,7.152,0.104,3.411,9.150,-0.168,-17.128,-7.811,-0.005,3.863,9.135,0.168,0.134,0.000,0.209,-0.132,3,-0.983,-0.917,2,1645,0,1,3.296,9.064
1846,0.000,-4.472,7.152,0.126,3.490,9.248,-0.168,-17.128,-7.811,0.000,3.834,9.133,0.259,0.134,0.000,0.209,-0.132,3,-0.987,-0.917,0,1653,0,2,3.296,9.155
1847,0.000,-4.450,7.152,0.126,3.542,9.375,-0.351,-17.128,-7.811,0.005,3.825,9.128,0.290,0.134,0.000,0.209,-0.132,3,-0.987,-0.916,0,1648,1,1,3.388,9.064
1848,0.000,-4.406,7.152,0.115,3.559,9.442,-0.259,-17.128,-7.811,0.000,3.897,9.116,0.076,0.134,0.000,0.209,-0.132,3,-0.986,-0.916,0,1649,3,0,3.479,9.247
1849,0.000,-4.384,7.152,0.115,3.612,9.506,-0.259,-17.106,-7.811,0.000,3.928,9.111,0.000,0.134,0.000,0.209,-0.132,3,-0.986,-0.916,0,1639,0,0,3.479,9.339
1850,0.000,-4.362,7.152,0.137,3.583,9.537,-0.259,-17.106,-7.811,0.005,3.873,9.138,0.000,0.134,0.000,0.209,-0.132,3,-0.985,-0.916,0,1622,0,0,3.479,9.430
1851,0.000,-4.340,7.152,0.115,3.600,9.604,-0.137,-17.106,-7.811,0.005,3.839,9.116,0.076,0.134,0.000,0.209,-0.132,3,-0.987,-0.916,0,1619,0,0,3.571,9.430
1852,0.000,-4.318,7.152,0.137,3.609,9.681,-0.015,-17.106,-7.811,0.000,3.837,9.109,0.015,0.134,0.000,0.209,-0.132,3,-0.986,-0.915,0,1610,0,0,3.571,9.522
1853,0.000,-4.318,7.152,0.126,3.652,9.729,0.107,-17.106,-7.811,0.000,3.772,9.133,0.076,0.134,0.000,0.209,-0.132,3,-0.984,-0.916,0,1609,3,0,3.571,9.522
1854,0.000,-4.296,7.152,0.115,3.743,9.810,0.168,-17.128,-7.811,0.005,3.753,9.104,0.015,0.134,0.000,0.209,-0.132,3,-0.985,-0.915,0,1600,0,0,3.571,9.613
1855,0.000,-4.252,7.152,0.126,3.763,9.858,0.046,-17.128,-7.811,0.000,3.741,9.126,0.137,0.134,0.000,0.209,-0.132,3,-0.984,-0.916,0,1594,0,0,3.571,9.705
1856,0.000,-4.230,7.152,0.126,3.710,9.818,0.137,-17.150,-7.811,0.000,3.686,9.154,0.046,0.134,0.000,0.209,-0.132,3,-0.984,-0.916,0,1567,2,0,3.662,9.796
1857,0.000,-4.230,7.152,0.126,3.672,9.820,0.290,-17.172,-7.811,0.000,3.717,9.121,0.000,0.134,0.000,0.209,-0.132,3,-0.984,-0.915,0,1565,0,0,3.754,9.796
1858,0.000,-4.208,7.152,0.126,3.743,9.894,0.504,-17.172,-7.811,-0.005,3.719,9.126,0.168,0.134,0.000,0.209,-0.132,3,-0.985,-0.916,0,1548,1,0,3.662,9.796
1859,0.000,-4.186,7.152,0.115,3.693,9.875,0.626,-17.194,-7.811,0.000,3.719,9.147,0.198,0.134,0.000,0.209,-0.132,3,-0.985,-0.915,1,1551,0,0,3.662,9.796
1860,0.000,-4.164,7.152,0.115,3.605,9.796,0.626,-17.194,-7.811,-0.005,3.748,9.159,0.137,0.134,0.000,0.209,-0.132,3,-0.984,-0.916,0,1548,0,0,3.662,9.888
1861,0.000,-4.164,7.152,0.126,3.640,9.755,0.778,-17.216,-7.811,0.005,3.765,9.138,0.198,0.134,0.000,0.209,-0.132,3,-0.984,-0.916,0,1540,0,0,3.662,9.796
1862,0.000,-4.142,7.152,0.126,3.688,9.717,0.931,-17.216,-7.811,0.000,3.825,9.114,0.259,0.134,0.000,0.209,-0.132,3,-0.985,-0.915,0,1534,0,0,3.571,9.796
1863,0.000,-4.120,7.152,0.115,3.696,9.669,0.778,-17.216,-7.811,-0.005,3.827,9.109,0.229,0.134,0.000,0.209,-0.132,3,-0.985,-0.915,0,1525,2,0,3.571,9.705
1864,0.000,-4.098,7.152,0.148,3.600,9.581,0.931,-17.216,-7.811,0.000,3.777,9.176,0.290,0.134,0.000,0.209,-0.132,3,-0.984,-0.915,0,1522,0,0,3.662,9.705
1865,0.000,-4.098,7.152,0.115,3.549,9.494,1.083,-17.216,-7.811,-0.016,3.808,9.195,0.504,0.134,0.000,0.209,-0.132,3,-0.983,-0.915,0,1504,1,0,3.662,9.613
1866,0.000,-4.076,7.152,0.126,3.473,9.370,1.114,-17.216,-7.811,0.000,3.873,9.171,0.565,0.134,0.000,0.209,-0.132,3,-0.984,-0.915,0,1489,0,0,3.571,9.522
1867,0.000,-4.076,7.152,0.137,3.377,9.303,1.083,-17.216,-7.811,-0.005,3.834,9.183,0.443,0.134,0.000,0.209,-0.132,3,-0.984,-0.915,1,1466,0,1,3.479,9.430
1868,0.000,-4.076,7.152,0.126,3.365,9.236,0.992,-17.238,-7.811,0.000,3.820,9.274,0.351,0.134,0.000,0.209,-0.132,3,-0.984,-0.915,0,1460,5,0,3.388,9.339
1869,0.000,-4.054,7.152,0.115,3.336,9.138,1.022,-17.238,-7.811,0.005,3.784,9.288,0.443,0.134,0.000,0.209,-0.132,3,-0.985,-0.913,0,1455,0,1,3.296,9.247
1870,0.000,-4.054,7.152,0.126,3.310,9.066,0.992,-17.260,-7.811,0.000,3.724,9.269,0.565,0.134,0.000,0.209,-0.132,3,-0.983,-0.915,0,1459,2,0,3.296,9.155
1871,0.000,-4.054,7.152,0.148,3.298,9.001,0.870,-17.260,-7.811,0.005,3.727,9.255,0.534,0.134,0.000,0.209,-0.132,3,-0.984,-0.915,1,1446,0,0,3.296,9.064
1872,0.000,-4.054,7.152,0.115,3.298,8.968,0.839,-17.282,-7.811,-0.005,3.789,9.255,0.290,0.134,0.000,0.209,-0.132,3,-0.984,-0.915,3,1409,0,0,3.296,9.064
1873,0.000,-4.054,7.152,0.137,3.099,8.853,0.778,-17.282,-7.811,0.005,3.813,9.296,0.229,0.134,0.000,0.209,-0.132,3,-0.984,-0.915,0,1392,2,0,3.296,8.972
1874,0.000,-4.054,7.152,0.126,3.128,8.836,0.717,-17.304,-7.811,0.005,3.822,9.320,0.229,0.134,0.000,0.209,-0.132,3,-0.984,-0.916,2,1372,1,3,3.296,8.881
1875,0.000,-4.054,7.152,0.126,3.159,8.814,0.626,-17.304,-7.811,0.016,3.839,9.293,0.290,0.134,0.000,0.209,-0.132,3,-0.984,-0.915,0,1368,0,3,3.021,8.789
1876,0.000,-4.054,7.152,0.137,3.157,8.831,0.565,-17.304,-7.811,0.000,3.851,9.272,0.320,0.134,0.000,0.209,-0.132,3,-0.984,-0.916,0,1356,0,0,3.113,8.789
1877,0.000,-4.076,7.152,0.126,3.157,8.846,0.473,-17.304,-7.811,-0.005,3.885,9.243,0.290,0.134,0.000,0.209,-0.132,3,-0.984,-0.914,1,1335,0,0,3.113,8.789
1878,0.000,-4.076,7.152,0.115,3.140,8.824,0.290,-17.304,-7.811,0.005,3.858,9.205,0.229,0.134,0.000,0.209,-0.132,3,-0.985,-0.914,0,1318,0,2,3.113,8.789
1879,0.000,-4.076,7.152,0.115,3.171,8.857,0.259,-17.304,-7.811,0.005,3.796,9.188,0.137,0.134,0.000,0.209,-0.132,3,-0.984,-0.914,0,1307,0,0,3.113,8.789
1880,0.000,-4.076,7.152,0.137,3.195,8.920,0.290,-17.326,-7.811,0.005,3.765,9.193,0.198,0.134,0.000,0.209,-0.132,3,-0.983,-0.914,0,1296,0,0,3.113,8.789
1881,0.000,-4.076,7.152,0.115,3.178,8.984,0.351,-17.326,-7.811,0.000,3.755,9.207,0.290,0.134,0.000,0.209,-0.132,3,-0.984,-0.916,0,1278,0,0,3.113,8.789
1882,0.000,-4.076,7.152,0.115,3.135,9.032,0.290,-17.326,-7.811,0.005,3.731,9.188,0.229,0.134,0.000,0.209,-0.132,3,-0.984,-0.914,0,1251,0,2,3.113,8.881
1883,0.000,-4.098,7.152,0.115,3.140,9.090,0.198,-17.348,-7.811,-0.016,3.734,9.164,0.198,0.134,0.000,0.209,-0.132,3,-0.984,-0.914,0,1240,0,1,3.113,8.972
1884,0.000,-4.120,7.152,0.137,3.174,9.176,0.229,-17.348,-7.811,-0.005,3.734,9.147,0.229,0.134,0.000,0.209,-0.132,3,-0.983,-0.914,1,1223,0,0,3.113,8.972
1885,0.000,-4.120,7.152,0.137,3.169,9.253,0.381,-17.370,-7.811,0.005,3.722,9.130,0.229,0.134,0.000,0.209,-0.132,3,-0.985,-0.914,0,1199,0,0,3.113,9.064
1886,0.000,-4.142,7.152,0.126,3.221,9.293,0.259,-17.370,-7.811,0.005,3.731,9.116,0.107,0.134,0.000,0.209,-0.132,3,-0.986,-0.913,0,1178,1,1,3.113,9.155
1887,0.000,-4.142,7.152,0.126,3.298,9.365,0.198,-17.370,-7.811,0.000,3.696,9.126,0.076,0.134,0.000,0.209,-0.132,3,-0.984,-0.914,0,1139,2,0,3.113,9.247
1888,0.000,-4.164,7.152,0.126,3.300,9.456,0.168,-17.392,-7.811,-0.005,3.700,9.166,0.107,0.134,0.000,0.209,-0.132,3,-0.984,-0.914,0,1131,0,0,3.204,9.247
1889,0.000,-4.164,7.152,0.126,3.327,9.521,0.046,-17.414,-7.811,-0.005,3.674,9.190,0.000,0.134,0.000,0.209,-0.132,3,-0.986,-0.914,5,1100,0,0,3.296,9.339
1890,0.000,-4.164,7.152,0.126,3.382,9.573,0.076,-17.414,-7.811,0.000,3.676,9.181,0.015,0.134,0.000,0.209,-0.132,3,-0.987,-0.913,0,1101,0,1,3.296,9.430
1891,0.000,-4.164,7.152,0.137,3.358,9.583,0.000,-17.436,-7.811,0.000,3.681,9.166,0.015,0.134,0.000,0.209,-0.132,3,-0.985,-0.913,0,1079,0,0,3.296,9.522
1892,0.000,-4.186,7.152,0.115,3.322,9.619,0.000,-17.458,-7.811,0.005,3.672,9.195,0.137,0.134,0.000,0.209,-0.132,3,-0.984,-0.913,0,1043,4,0,3.296,9.522
1893,0.000,-4.186,7.152,0.148,3.315,9.679,-0.015,-17.458,-7.811,0.000,3.700,9.231,0.229,0.134,0.000,0.209,-0.132,3,-0.985,-0.912,0,971,0,0,3.296,9.522
1894,0.000,-4.208,7.152,0.126,3.296,9.719,-0.137,-17.480,-7.811,-0.005,3.681,9.236,0.198,0.134,0.000,0.209,-0.132,3,-0.985,-0.913,0,932,0,0,3.296,9.613
1895,0.000,-4.230,7.152,0.104,3.245,9.669,-0.168,-17.480,-7.811,-0.005,3.662,9.236,0.000,0.134,0.000,0.209,-0.132,3,-0.985,-0.913,0,909,1,0,3.296,9.613
1896,0.000,-4.252,7.152,0.137,3.305,9.681,0.000,-17.501,-7.811,0.005,3.703,9.245,-0.046,0.134,0.000,0.209,-0.132,3,-0.984,-0.912,0,849,0,0,3.296,9.705
1897,0.000,-4.252,7.152,0.126,3.408,9.719,0.000,-17.523,-7.811,0.005,3.734,9.274,0.000,0.134,0.000,0.209,-0.132,3,-0.985,-0.913,0,756,2,0,3.204,9.613
1898,0.000,-4.252,7.152,0.115,3.379,9.693,0.015,-17.523,-7.811,0.000,3.729,9.279,0.168,0.134,0.000,0.209,-0.132,3,-0.985,-0.911,0,712,0,0,3.296,9.613
1899,0.000,-4.274,7.152,0.115,3.344,9.660,0.015,-17.545,-7.811,0.000,3.724,9.269,0.198,0.134,0.000,0.209,-0.132,3,-0.984,-0.913,0,715,0,0,3.388,9.705
1900,0.000,-4.274,7.152,0.126,3.320,9.588,0.076,-17.545,-7.811,0.000,3.712,9.288,0.000,0.134,0.000,0.209,-0.132,3,-0.984,-0.913,0,700,0,0,3.296,9.613
1901,0.000,-4.296,7.152,0.137,3.226,9.537,0.046,-17.567,-7.811,-0.005,3.672,9.317,-0.137,0.134,0.000,0.209,-0.132,3,-0.985,-0.912,0,663,0,0,3.296,9.613
1902,0.000,-4.296,7.152,0.115,3.214,9.535,0.000,-17.589,-7.811,0.000,3.664,9.327,-0.137,0.134,0.000,0.209,-0.132,3,-0.984,-0.912,0,645,1,0,3.296,9.522
1903,0.000,-4.318,7.152,0.115,3.277,9.518,0.137,-17.589,-7.811,0.005,3.770,9.303,0.046,0.134,0.000,0.209,-0.132,3,-0.985,-0.911,0,613,0,0,3.204,9.522
1904,0.000,-4.318,7.152,0.126,3.250,9.475,0.198,-17.611,-7.811,0.005,3.772,9.336,0.107,0.134,0.000,0.209,-0.132,3,-0.983,-0.912,0,585,1,0,3.204,9.522
1905,0.000,-4.340,7.152,0.115,3.152,9.466,0.015,-17.611,-7.811,-0.005,3.715,9.363,0.015,0.134,0.000,0.209,-0.132,3,-0.984,-0.913,0,564,0,0,3.204,9.430
1906,0.000,-4.362,7.152,0.115,3.102,9.444,-0.076,-17.633,-7.811,-0.005,3.715,9.329,-0.015,0.134,0.000,0.209,-0.132,3,-0.984,-0.912,0,564,3,0,3.204,9.430
1907,0.000,-4.384,7.152,0.115,3.166,9.372,-0.107,-17.633,-7.811,0.000,3.669,9.281,0.000,0.134,0.000,0.209,-0.132,3,-0.984,-0.911,0,539,3,0,3.113,9.430
1908,0.000,-4.406,7.152,0.115,3.219,9.339,-0.198,-17.655,-7.811,0.000,3.700,9.229,0.015,0.134,0.000,0.209,-0.132,3,-0.984,-0.912,0,528,3,0,3.021,9.430
1909,0.000,-4.406,7.152,0.137,3.142,9.346,-0.137,-17.655,-7.811,0.000,3.684,9.224,0.015,0.134,0.000,0.209,-0.132,3,-0.983,-0.912,0,522,0,0,3.113,9.339
1910,0.000,-4.428,7.152,0.115,3.080,9.332,-0.198,-17.677,-7.811,0.000,3.667,9.217,-0.076,0.134,0.000,0.209,-0.132,3,-0.984,-0.911,1,507,0,0,3.204,9.339
1911,0.000,-4.450,7.152,0.104,3.073,9.293,-0.259,-17.677,-7.811,0.000,3.636,9.190,-0.107,0.134,0.000,0.209,-0.132,3,-0.984,-0.911,0,500,2,0,3.113,9.339
1912,0.000,-4.472,7.152,0.126,3.083,9.253,-0.290,-17.699,-7.811,0.000,3.614,9.162,-0.076,0.134,0.000,0.209,-0.132,3,-0.984,-0.912,0,485,1,3,3.021,9.247
1913,0.000,-4.493,7.152,0.115,3.085,9.260,-0.504,-17.721,-7.811,0.005,3.585,9.142,-0.076,0.134,0.000,0.209,-0.132,3,-0.985,-0.912,3,481,0,3,3.021,9.247
1914,0.000,-4.493,7.152,0.104,3.087,9.286,-0.534,-17.721,-7.811,-0.005,3.576,9.102,-0.046,0.134,0.000,0.209,-0.132,3,-0.983,-0.911,0,467,2,1,3.021,9.247
1915,0.000,-4.515,7.152,0.137,3.090,9.262,-0.443,-17.743,-7.811,-0.005,3.643,9.111,-0.168,0.134,0.000,0.209,-0.132,3,-0.984,-0.912,0,390,1,0,3.021,9.247
1916,0.000,-4.537,7.152,0.126,3.061,9.253,-0.351,-17.743,-7.811,0.000,3.707,9.138,-0.290,0.134,0.000,0.209,-0.132,3,-0.985,-0.911,0,379,0,0,3.021,9.247
1917,0.000,-4.559,7.152,0.104,3.061,9.257,-0.351,-17.743,-7.811,-0.005,3.669,9.147,-0.320,0.134,0.000,0.209,-0.132,3,-0.984,-0.911,0,394,0,5,3.021,9.247
1918,0.000,-4.581,7.152,0.126,3.037,9.267,-0.412,-17.765,-7.811,-0.016,3.595,9.133,-0.412,0.134,0.000,0.209,-0.132,3,-0.984,-0.912,5,360,0,3,3.021,9.247
1919,0.000,-4.603,7.152,0.115,3.016,9.315,-0.626,-17.765,-7.811,0.000,3.590,9.106,-0.259,0.134,0.000,0.209,-0.132,3,-0.983,-0.911,0,368,0,2,3.021,9.247
1920,0.000,-4.625,7.152,0.137,3.013,9.329,-0.565,-17.787,-7.811,0.000,3.621,9.095,-0.381,0.134,0.000,0.209,-0.132,3,-0.984,-0.912,0,355,0,0,3.021,9.247
1921,0.000,-4.647,7.152,0.115,3.061,9.360,-0.473,-17.787,-7.811,0.005,3.660,9.071,-0.473,0.134,0.000,0.209,-0.132,3,-0.985,-0.911,0,310,0,0,2.930,9.247
1922,0.000,-4.647,7.152,0.126,3.085,9.367,-0.504,-17.787,-7.811,-0.016,3.688,9.075,-0.351,0.134,0.000,0.209,-0.132,3,-0.984,-0.911,0,253,0,1,2.930,9.247
1923,0.000,-4.669,7.152,0.126,3.071,9.365,-0.504,-17.787,-7.811,-0.005,3.676,9.078,-0.412,0.134,0.000,0.209,-0.132,3,-0.983,-0.911,1,258,0,0,3.021,9.339
1924,0.000,-4.691,7.152,0.104,3.075,9.418,-0.595,-17.809,-7.811,0.000,3.679,9.037,-0.443,0.134,0.000,0.209,-0.132,3,-0.986,-0.911,0,249,0,0,3.021,9.339
1925,0.000,-4.713,7.152,0.126,3.102,9.470,-0.534,-17.787,-7.811,0.000,3.700,9.063,-0.504,0.134,0.000,0.209,-0.132,3,-0.986,-0.910,0,235,1,1,3.021,9.339
1926,0.000,-4.735,7.152,0.126,3.121,9.475,-0.351,-17.809,-7.811,-0.005,3.681,9.083,-0.443,0.134,0.000,0.209,-0.132,3,-0.984,-0.911,0,225,3,0,3.021,9.339
1927,0.000,-4.735,7.152,0.115,3.166,9.528,-0.229,-17.809,-7.811,0.000,3.688,9.066,-0.320,0.134,0.000,0.209,-0.132,3,-0.983,-0.911,1,220,0,0,3.021,9.430
1928,0.000,-4.757,7.152,0.126,3.224,9.552,-0.015,-17.809,-7.811,0.000,3.731,9.090,-0.412,0.134,0.000,0.209,-0.132,3,-0.982,-0.911,0,190,0,0,3.113,9.430
1929,0.000,-4.757,7.152,0.104,3.186,9.514,-0.107,-17.787,-7.811,0.000,3.727,9.126,-0.412,0.134,0.000,0.209,-0.132,3,-0.984,-0.910,0,189,0,0,3.113,9.522
1930,0.000,-4.779,7.152,0.137,3.152,9.511,-0.290,-17.787,-7.811,0.000,3.715,9.111,-0.320,0.134,0.000,0.209,-0.132,3,-0.984,-0.910,0,172,0,0,3.204,9.522
1931,0.000,-4.779,7.152,0.115,3.171,9.540,-0.351,-17.787,-7.811,0.005,3.765,9.078,-0.534,0.134,0.000,0.209,-0.132,3,-0.984,-0.910,0,183,3,0,3.113,9.430
1932,0.000,-4.801,7.152,0.115,3.159,9.578,-0.381,-17.787,-7.811,0.000,3.827,9.097,-0.565,0.134,0.000,0.209,-0.132,3,-0.984,-0.910,0,157,0,0,3.113,9.430
1933,0.000,-4.823,7.152,0.104,3.133,9.545,-0.381,-17.765,-7.811,0.000,3.813,9.128,-0.473,0.134,0.000,0.209,-0.132,3,-0.985,-0.910,0,145,0,0,3.113,9.522
1934,0.000,-4.823,7.152,0.126,3.154,9.528,-0.320,-17.765,-7.811,0.005,3.789,9.138,-0.443,0.134,0.000,0.209,-0.132,3,-0.985,-0.910,0,142,1,0,3.113,9.522
1935,0.000,-4.845,7.152,0.126,3.154,9.530,-0.229,-17.765,-7.811,-0.005,3.782,9.140,-0.381,0.134,0.000,0.209,-0.132,3,-0.985,-0.909,0,114,2,0,3.113,9.522
1936,0.000,-4.845,7.152,0.137,3.181,9.530,-0.259,-17.765,-7.811,0.000,3.820,9.140,-0.412,0.134,0.000,0.209,-0.132,3,-0.985,-0.910,0,95,1,0,3.113,9.522
1937,0.000,-4.867,7.152,0.115,3.253,9.542,-0.229,-17.743,-7.811,0.000,3.846,9.118,-0.290,0.134,0.000,0.209,-0.132,3,-0.985,-0.908,0,94,0,0,3.113,9.522
1938,0.000,-4.867,7.152,0.115,3.272,9.511,-0.259,-17.743,-7.811,-0.005,3.803,9.085,-0.320,0.134,0.000,0.209,-0.132,3,-0.985,-0.910,0,79,0,0,3.113,9.522
1939,0.000,-4.867,7.152,0.126,3.205,9.458,-0.168,-17.721,-7.811,0.005,3.798,9.126,-0.290,0.134,0.000,0.209,-0.132,3,-0.985,-0.909,0,75,0,0,3.204,9.522
1940,0.000,-4.867,7.152,0.148,3.233,9.387,-0.290,-17.721,-7.811,-0.005,3.808,9.147,-0.320,0.134,0.000,0.209,-0.132,3,-0.984,-0.909,0,69,0,0,3.204,9.430
1941,0.000,-4.867,7.152,0.115,3.279,9.439,-0.290,-17.721,-7.811,0.000,3.798,9.118,-0.351,0.134,0.000,0.209,-0.132,3,-0.984,-0.909,0,64,1,0,3.204,9.430
1942,0.000,-4.867,7.152,0.126,3.324,9.466,-0.290,-17.699,-7.811,0.000,3.820,9.097,-0.290,0.134,0.000,0.209,-0.132,3,-0.984,-0.908,0,52,0,0,3.204,9.339
1943,0.000,-4.845,7.152,0.115,3.320,9.423,-0.229,-17.699,-7.811,-0.005,3.877,9.116,-0.259,0.134,0.000,0.209,-0.132,3,-0.983,-0.909,0,36,1,0,3.204,9.430
1944,0.000,-4.845,7.152,0.126,3.291,9.408,-0.107,-17.677,-7.811,0.005,3.913,9.123,-0.381,0.134,0.000,0.209,-0.132,3,-0.984,-0.910,0,33,0,0,3.296,9.430
1945,0.000,-4.845,7.152,0.126,3.320,9.406,-0.229,-17.655,-7.811,0.000,3.887,9.092,-0.473,0.134,0.000,0.209,-0.132,3,-0.984,-0.909,0,32,0,0,3.296,9.339
1946,0.000,-4.823,7.152,0.137,3.332,9.394,-0.320,-17.655,-7.811,0.000,3.798,9.080,-0.320,0.134,0.000,0.209,-0.132,3,-0.984,-0.908,0,27,5,0,3.204,9.339
1947,0.000,-4.823,7.152,0.126,3.346,9.423,-0.107,-17.633,-7.811,0.000,3.803,9.080,-0.290,0.134,0.000,0.209,-0.132,3,-0.985,-0.910,0,26,3,0,3.296,9.339
1948,0.000,-4.801,7.152,0.137,3.367,9.449,-0.320,-17.633,-7.811,0.000,3.851,9.073,-0.198,0.134,0.000,0.209,-0.132,3,-0.984,-0.909,0,24,0,0,3.296,9.339
1949,0.000,-4.779,7.152,0.126,3.408,9.415,-0.473,-17.611,-7.811,0.016,3.887,9.085,-0.351,0.134,0.000,0.209,-0.132,3,-0.984,-0.909,1,22,1,0,3.296,9.339
1950,0.000,-4.779,7.152,0.148,3.413,9.396,-0.534,-17.611,-7.811,0.000,3.892,9.075,-0.320,0.134,0.000,0.209,-0.132,3,-0.984,-0.908,3,13,0,0,3.296,9.430
1951,0.000,-4.757,7.152,0.126,3.444,9.415,-0.412,-17.589,-7.811,0.005,3.870,8.989,-0.259,0.134,0.000,0.209,-0.132,3,-0.984,-0.909,0,6,2,1,3.388,9.339
1952,0.000,-4.735,7.152,0.115,3.478,9.439,-0.290,-17.567,-7.811,0.016,3.899,8.992,-0.259,0.134,0.000,0.209,-0.132,3,-0.985,-0.909,3,11,1,2,3.388,9.339
1953,0.000,-4.713,7.152,0.126,3.432,9.463,-0.320,-17.545,-7.811,-0.005,3.844,9.008,-0.290,0.134,0.000,0.209,-0.132,3,-0.984,-0.908,0,10,0,2,3.388,9.339
1954,0.000,-4.691,7.152,0.115,3.430,9.466,-0.381,-17.545,-7.811,0.005,3.806,8.989,-0.290,0.134,0.000,0.209,-0.132,3,-0.984,-0.908,0,6,0,0,3.388,9.430
1955,0.000,-4.691,7.152,0.126,3.480,9.475,-0.381,-17.523,-7.811,0.000,3.830,8.960,-0.229,0.134,0.000,0.209,-0.132,3,-0.984,-0.908,0,5,0,0,3.388,9.430
1956,0.000,-4.669,7.152,0.126,3.492,9.511,-0.473,-17.523,-7.811,0.000,3.842,8.965,-0.107,0.134,0.000,0.209,-0.132,3,-0.984,-0.908,0,0,0,1,3.388,9.430
1957,0.000,-4.647,7.152,0.148,3.497,9.530,-0.381,-17.501,-7.811,0.000,3.861,8.965,-0.259,0.134,0.000,0.209,-0.132,3,-0.984,-0.908,5,0,0,3,3.479,9.430
1958,0.000,-4.625,7.152,0.115,3.530,9.535,-0.351,-17.480,-7.811,0.016,3.904,8.953,-0.259,0.134,0.000,0.209,-0.132,3,-0.983,-0.908,0,0,0,0,3.479,9.430
1959,0.000,-4.603,7.152,0.126,3.533,9.516,-0.259,-17.458,-7.811,0.000,3.885,8.972,-0.351,0.134,0.000,0.209,-0.132,3,-0.984,-0.907,0,0,0,1,3.479,9.522
1960,0.000,-4.581,7.152,0.126,3.542,9.470,-0.168,-17.458,-7.811,0.005,3.873,8.980,-0.259,0.134,0.000,0.209,-0.132,3,-0.984,-0.907,0,0,0,1,3.479,9.522
1961,0.000,-4.559,7.152,0.137,3.540,9.444,-0.137,-17.436,-7.811,0.000,3.904,8.970,-0.229,0.134,0.000,0.209,-0.132,3,-0.984,-0.908,0,0,0,1,3.479,9.430
1962,0.000,-4.537,7.152,0.137,3.585,9.475,-0.320,-17.414,-7.811,0.005,3.899,8.970,-0.229,0.134,0.000,0.209,-0.132,3,-0.983,-0.908,1,0,0,0,3.479,9.430
1963,0.000,-4.493,7.152,0.137,3.614,9.470,-0.290,-17.392,-7.811,0.005,3.861,8.999,-0.290,0.134,0.000,0.209,-0.132,3,-0.985,-0.907,0,1,1,0,3.479,9.430
1964,0.000,-4.472,7.152,0.115,3.569,9.463,-0.320,-17.392,-7.811,0.000,3.798,9.035,-0.198,0.134,0.000,0.209,-0.132,3,-0.986,-0.907,0,0,1,1,3.571,9.430
1965,0.000,-4.450,7.152,0.126,3.549,9.461,-0.107,-17.392,-7.811,-0.005,3.820,9.044,-0.137,0.134,0.000,0.209,-0.132,3,-0.984,-0.907,0,0,3,0,3.571,9.430
1966,0.000,-4.428,7.152,0.126,3.557,9.420,-0.076,-17.370,-7.811,0.005,3.873,9.039,-0.259,0.134,0.000,0.209,-0.132,3,-0.983,-0.908,0,0,1,0,3.479,9.430
1967,0.000,-4.406,7.152,0.115,3.554,9.418,-0.046,-17.370,-7.811,0.000,3.904,9.073,-0.168,0.134,0.000,0.209,-0.132,3,-0.987,-0.907,4,0,0,0,3.479,9.430
1968,0.000,-4.384,7.152,0.115,3.552,9.394,0.000,-17.348,-7.811,0.000,3.909,9.061,-0.137,0.134,0.000,0.209,-0.132,3,-0.987,-0.907,0,5,0,0,3.479,9.339
1969,0.000,-4.362,7.152,0.137,3.566,9.363,-0.015,-17.348,-7.811,-0.005,3.913,9.078,-0.198,0.134,0.000,0.209,-0.132,3,-0.984,-0.908,2,0,0,0,3.479,9.339
1970,0.000,-4.340,7.152,0.115,3.573,9.377,0.000,-17.326,-7.811,0.000,3.945,9.090,-0.107,0.134,0.000,0.209,-0.132,3,-0.984,-0.907,0,0,3,0,3.479,9.339
1971,0.000,-4.296,7.152,0.115,3.585,9.370,0.000,-17.304,-7.811,0.000,3.933,9.073,-0.168,0.134,0.000,0.209,-0.132,3,-0.984,-0.907,0,0,1,0,3.479,9.339
1972,0.000,-4.274,7.152,0.137,3.590,9.348,0.046,-17.304,-7.811,0.000,3.933,9.111,0.000,0.134,0.000,0.209,-0.132,3,-0.985,-0.907,0,0,0,0,3.571,9.339
1973,0.000,-4.252,7.152,0.137,3.537,9.329,0.137,-17.282,-7.811,0.005,3.937,9.150,0.076,0.134,0.000,0.209,-0.132,3,-0.984,-0.906,0,2,1,0,3.571,9.339
1974,0.000,-4.230,7.152,0.126,3.559,9.312,0.046,-17.282,-7.811,0.000,3.942,9.164,0.000,0.134,0.000,0.209,-0.132,3,-0.984,-0.906,0,0,2,0,3.571,9.339
1975,0.000,-4.208,7.152,0.126,3.597,9.300,0.076,-17.260,-7.811,0.000,3.930,9.106,0.076,0.134,0.000,0.209,-0.132,3,-0.985,-0.906,0,2,1,0,3.479,9.247
1976,0.000,-4.164,7.152,0.104,3.583,9.300,0.168,-17.260,-7.811,0.005,3.921,9.092,0.046,0.134,0.000,0.209,-0.132,3,-0.985,-0.907,0,0,0,0,3.479,9.247
1977,0.000,-4.142,7.152,0.126,3.566,9.272,0.229,-17.238,-7.811,0.005,3.909,9.140,0.076,0.134,0.000,0.209,-0.132,3,-0.984,-0.906,0,0,0,0,3.571,9.247
1978,0.000,-4.120,7.152,0.126,3.537,9.236,0.137,-17.238,-7.811,0.000,3.925,9.171,0.076,0.134,0.000,0.209,-0.132,3,-0.985,-0.906,0,0,0,0,3.571,9.247
1979,0.000,-4.098,7.152,0.148,3.571,9.226,0.137,-17.238,-7.811,0.000,3.983,9.193,0.107,0.134,0.000,0.209,-0.132,3,-0.984,-0.906,1,0,3,0,3.479,9.247
1980,0.000,-4.076,7.152,0.126,3.578,9.231,0.137,-17.216,-7.811,-0.005,3.937,9.152,0.198,0.134,0.000,0.209,-0.132,3,-0.984,-0.906,0,2,3,0,3.479,9.155
1981,0.000,-4.054,7.152,0.137,3.557,9.265,0.168,-17.216,-7.811,0.005,3.844,9.121,0.198,0.134,0.000,0.209,-0.132,3,-0.984,-0.905,0,0,2,0,3.571,9.155
1982,0.000,-4.032,7.152,0.126,3.559,9.262,0.229,-17.216,-7.811,0.000,3.885,9.128,0.076,0.134,0.000,0.209,-0.132,3,-0.983,-0.906,0,0,0,0,3.571,9.155
1983,0.000,-4.010,7.152,0.126,3.566,9.284,0.259,-17.194,-7.811,0.000,3.909,9.106,0.168,0.134,0.000,0.209,-0.132,3,-0.984,-0.906,1,0,0,0,3.479,9.247
1984,0.000,-3.988,7.152,0.126,3.576,9.274,0.290,-17.194,-7.811,0.000,3.865,9.126,0.259,0.134,0.000,0.209,-0.132,3,-0.984,-0.905,0,1,0,0,3.479,9.247
1985,0.000,-3.966,7.152,0.115,3.569,9.229,0.107,-17.194,-7.811,-0.005,3.854,9.128,0.320,0.134,0.000,0.209,-0.132,3,-0.984,-0.905,0,0,5,0,3.479,9.247
1986,0.000,-3.944,7.152,0.115,3.518,9.267,0.290,-17.194,-7.811,-0.005,3.839,9.095,0.229,0.134,0.000,0.209,-0.132,3,-0.985,-0.904,0,0,0,0,3.571,9.247
1987,0.000,-3.922,7.152,0.126,3.506,9.296,0.443,-17.194,-7.811,0.005,3.877,9.095,0.076,0.134,0.000,0.209,-0.132,3,-0.983,-0.905,0,0,0,0,3.479,9.155
1988,0.000,-3.900,7.152,0.126,3.530,9.324,0.290,-17.194,-7.811,-0.005,3.909,9.111,0.107,0.134,0.000,0.209,-0.132,3,-0.984,-0.905,1,0,0,0,3.479,9.247
1989,0.000,-3.900,7.152,0.137,3.564,9.327,0.259,-17.172,-7.811,0.000,3.892,9.095,0.046,0.134,0.000,0.209,-0.132,3,-0.984,-0.905,0,0,1,1,3.479,9.247
1990,0.000,-3.878,7.152,0.115,3.561,9.296,0.137,-17.172,-7.811,0.000,3.832,9.104,0.076,0.134,0.000,0.209,-0.132,3,-0.984,-0.905,0,0,1,1,3.479,9.247
1991,0.000,-3.856,7.152,0.137,3.542,9.322,0.320,-17.172,-7.811,0.000,3.803,9.123,0.107,0.134,0.000,0.209,-0.132,3,-0.984,-0.905,3,0,1,2,3.479,9.247
1992,0.000,-3.834,7.152,0.126,3.571,9.379,0.320,-17.172,-7.811,-0.005,3.832,9.078,0.351,0.134,0.000,0.209,-0.132,3,-0.983,-0.905,0,0,1,0,3.479,9.247
1993,0.000,-3.834,7.152,0.126,3.554,9.399,0.320,-17.172,-7.811,0.000,3.880,9.051,0.534,0.134,0.000,0.209,-0.132,3,-0.984,-0.906,0,0,1,0,3.479,9.247
1994,0.000,-3.812,7.152,0.126,3.502,9.379,0.381,-17.172,-7.811,0.000,3.861,9.087,0.473,0.134,0.000,0.209,-0.132,3,-0.984,-0.905,0,0,0,0,3.571,9.339
1995,0.000,-3.812,7.152,0.115,3.451,9.339,0.351,-17.172,-7.811,0.000,3.815,9.090,0.229,0.134,0.000,0.209,-0.132,3,-0.984,-0.904,0,0,0,5,3.479,9.339
1996,0.000,-3.812,7.152,0.115,3.485,9.358,0.320,-17.172,-7.811,0.000,3.837,9.111,0.290,0.134,0.000,0.209,-0.132,3,-0.984,-0.905,0,0,0,0,3.479,9.339
1997,0.000,-3.790,7.152,0.126,3.499,9.396,0.320,-17.172,-7.811,0.000,3.870,9.133,0.443,0.134,0.000,0.209,-0.132,3,-0.983,-0.904,0,0,0,0,3.388,9.339
1998,0.000,-3.790,7.152,0.115,3.485,9.363,0.290,-17.172,-7.811,0.000,3.854,9.193,0.473,0.134,0.000,0.209,-0.132,3,-0.984,-0.906,0,0,0,0,3.479,9.339
1999,0.000,-3.790,7.152,0.137,3.482,9.341,0.320,-17.172,-7.811,-0.016,3.870,9.209,0.473,0.134,0.000,0.209,-0.132,3,-0.984,-0.904,0,0,0,1,3.479,9.339
2000,0.000,-3.768,7.152,0.126,3.458,9.372,0.473,-17.172,-7.811,0.005,3.882,9.193,0.443,0.134,0.000,0.209,-0.132,3,-0.983,-0.904,0,0,0,1,3.479,9.339
2001,0.000,-3.768,7.152,0.115,3.454,9.351,0.443,-17.172,-7.811,0.000,3.842,9.195,0.351,0.134,0.000,0.209,-0.132,3,-0.986,-0.904,1,0,0,1,3.479,9.339
2002,0.000,-3.768,7.152,0.137,3.430,9.312,0.534,-17.172,-7.811,-0.005,3.842,9.181,0.351,0.134,0.000,0.209,-0.132,3,-0.988,-0.904,0,1,0,0,3.388,9.339
2003,0.000,-3.768,7.152,0.137,3.367,9.324,0.534,-17.172,-7.811,0.000,3.887,9.229,0.320,0.134,0.000,0.209,-0.132,3,-0.986,-0.903,0,0,1,1,3.388,9.339
2004,0.000,-3.768,7.152,0.104,3.356,9.336,0.504,-17.172,-7.811,-0.005,3.882,9.260,0.412,0.134,0.000,0.209,-0.132,3,-0.984,-0.904,0,0,3,0,3.388,9.247
2005,0.000,-3.790,7.152,0.115,3.365,9.320,0.412,-17.172,-7.811,0.000,3.873,9.253,0.412,0.134,0.000,0.209,-0.132,3,-0.983,-0.904,1,0,0,0,3.296,9.247
2006,0.000,-3.790,7.152,0.137,3.339,9.291,0.412,-17.172,-7.811,0.005,3.880,9.272,0.320,0.134,0.000,0.209,-0.132,3,-0.984,-0.904,0,0,0,0,3.296,9.247
2007,0.000,-3.790,7.152,0.126,3.303,9.284,0.320,-17.194,-7.811,0.000,3.861,9.243,0.290,0.134,0.000,0.209,-0.132,3,-0.986,-0.903,0,3,1,1,3.296,9.247
2008,0.000,-3.790,7.152,0.093,3.320,9.288,0.290,-17.194,-7.811,0.000,3.873,9.243,0.473,0.134,0.000,0.209,-0.132,3,-0.984,-0.903,0,0,0,0,3.296,9.247
2009,0.000,-3.812,7.152,0.115,3.296,9.286,0.381,-17.194,-7.811,0.005,3.904,9.250,0.687,0.134,0.000,0.209,-0.132,3,-0.984,-0.904,0,2,1,0,3.296,9.247
2010,0.000,-3.812,7.152,0.126,3.300,9.262,0.351,-17.194,-7.811,0.000,3.837,9.245,0.626,0.134,0.000,0.209,-0.132,3,-0.984,-0.903,0,0,0,0,3.296,9.247
2011,0.000,-3.834,7.152,0.115,3.308,9.207,0.443,-17.194,-7.811,0.000,3.813,9.269,0.504,0.134,0.000,0.209,-0.132,3,-0.984,-0.903,1,0,0,0,3.296,9.247
2012,0.000,-3.834,7.152,0.137,3.279,9.207,0.443,-17.194,-7.811,0.000,3.844,9.262,0.504,0.134,0.000,0.209,-0.132,3,-0.984,-0.903,0,2,1,0,3.296,9.247
2013,0.000,-3.834,7.152,0.137,3.250,9.209,0.443,-17.216,-7.811,0.000,3.832,9.284,0.595,0.134,0.000,0.209,-0.132,3,-0.984,-0.902,0,0,1,0,3.296,9.155
2014,0.000,-3.856,7.152,0.115,3.219,9.250,0.290,-17.216,-7.811,0.005,3.786,9.296,0.534,0.134,0.000,0.209,-0.132,3,-0.985,-0.903,0,2,1,0,3.204,9.155
2015,0.000,-3.878,7.152,0.148,3.209,9.286,0.351,-17.238,-7.811,-0.005,3.777,9.281,0.412,0.134,0.000,0.209,-0.132,3,-0.985,-0.901,0,0,0,0,3.204,9.155
2016,0.000,-3.878,7.152,0.126,3.243,9.243,0.320,-17.238,-7.811,-0.005,3.825,9.243,0.412,0.134,0.000,0.209,-0.132,3,-0.985,-0.903,0,0,0,0,3.204,9.247
2017,0.000,-3.900,7.152,0.115,3.233,9.229,0.198,-17.238,-7.811,0.000,3.808,9.231,0.534,0.134,0.000,0.209,-0.132,3,-0.984,-0.903,0,0,0,0,3.204,9.247
2018,0.000,-3.900,7.152,0.126,3.193,9.255,0.168,-17.260,-7.811,-0.016,3.789,9.233,0.687,0.134,0.000,0.209,-0.132,3,-0.985,-0.903,0,0,0,0,3.204,9.155
2019,0.000,-3.922,7.152,0.137,3.209,9.257,0.076,-17.260,-7.811,0.005,3.832,9.241,0.687,0.134,0.000,0.209,-0.132,3,-0.984,-0.903,0,1,2,0,3.204,9.155
2020,0.000,-3.944,7.152,0.104,3.212,9.248,0.107,-17.260,-7.811,0.000,3.837,9.250,0.565,0.134,0.000,0.209,-0.132,3,-0.984,-0.902,0,0,1,0,3.113,9.247
2021,0.000,-3.966,7.152,0.126,3.195,9.298,0.229,-17.282,-7.811,0.000,3.782,9.195,0.443,0.134,0.000,0.209,-0.132,3,-0.983,-0.903,0,0,0,0,3.204,9.247
2022,0.000,-3.966,7.152,0.115,3.190,9.315,0.290,-17.282,-7.811,-0.005,3.784,9.188,0.443,0.134,0.000,0.209,-0.132,3,-0.984,-0.903,1,0,0,0,3.204,9.247
2023,0.000,-3.988,7.152,0.104,3.205,9.305,0.229,-17.282,-7.811,0.000,3.775,9.193,0.351,0.134,0.000,0.209,-0.132,3,-0.984,-0.902,1,1,0,0,3.113,9.247
2024,0.000,-4.010,7.152,0.115,3.195,9.293,0.076,-17.304,-7.811,0.005,3.777,9.157,0.290,0.134,0.000,0.209,-0.132,3,-0.984,-0.902,0,0,4,0,3.113,9.247
2025,0.000,-4.032,7.152,0.115,3.217,9.317,0.000,-17.304,-7.811,0.016,3.767,9.138,0.351,0.134,0.000,0.209,-0.132,3,-0.985,-0.902,0,0,2,0,3.204,9.247
2026,0.000,-4.032,7.152,0.137,3.214,9.399,0.000,-17.304,-7.811,0.000,3.741,9.145,0.412,0.134,0.000,0.209,-0.132,3,-0.984,-0.902,0,0,0,0,3.113,9.247
2027,0.000,-4.054,7.152,0.137,3.121,9.411,0.107,-17.326,-7.811,0.000,3.758,9.200,0.381,0.134,0.000,0.209,-0.132,3,-0.984,-0.902,1,0,0,0,3.204,9.247
2028,0.000,-4.098,7.152,0.115,3.140,9.413,0.290,-17.326,-7.811,0.000,3.739,9.217,0.412,0.134,0.000,0.209,-0.132,3,-0.984,-0.902,0,0,2,0,3.204,9.339
2029,0.000,-4.120,7.152,0.115,3.183,9.408,0.229,-17.348,-7.811,0.005,3.700,9.193,0.351,0.134,0.000,0.209,-0.132,3,-0.984,-0.902,0,2,0,0,3.113,9.339
2030,0.000,-4.142,7.152,0.126,3.121,9.387,0.229,-17.348,-7.811,-0.005,3.693,9.178,0.229,0.134,0.000,0.209,-0.132,3,-0.984,-0.902,3,0,0,1,3.113,9.339
2031,0.000,-4.164,7.152,0.126,3.116,9.430,0.015,-17.370,-7.811,0.016,3.760,9.138,0.290,0.134,0.000,0.209,-0.132,3,-0.983,-0.902,0,0,1,0,3.113,9.339
2032,0.000,-4.186,7.152,0.137,3.209,9.466,0.107,-17.370,-7.811,0.000,3.722,9.150,0.229,0.134,0.000,0.209,-0.132,3,-0.984,-0.902,0,0,0,0,3.113,9.339
2033,0.000,-4.186,7.152,0.126,3.200,9.427,0.107,-17.392,-7.811,0.000,3.657,9.197,0.351,0.134,0.000,0.209,-0.132,3,-0.984,-0.902,0,0,0,0,3.113,9.430
2034,0.000,-4.208,7.152,0.126,3.090,9.399,0.015,-17.392,-7.811,0.000,3.679,9.193,0.259,0.134,0.000,0.209,-0.132,3,-0.984,-0.901,0,0,0,3,3.204,9.430
2035,0.000,-4.252,7.152,0.115,3.157,9.401,0.000,-17.414,-7.811,-0.005,3.688,9.183,0.198,0.134,0.000,0.209,-0.132,3,-0.984,-0.902,0,0,0,0,3.113,9.339
2036,0.000,-4.252,7.152,0.126,3.229,9.406,0.107,-17.436,-7.811,0.000,3.686,9.217,0.320,0.134,0.000,0.209,-0.132,3,-0.984,-0.902,0,0,0,0,3.021,9.339
2037,0.000,-4.274,7.152,0.115,3.157,9.442,0.137,-17.436,-7.811,0.000,3.684,9.245,0.259,0.134,0.000,0.209,-0.132,3,-0.984,-0.902,0,0,0,0,3.113,9.339
2038,0.000,-4.296,7.152,0.137,3.066,9.466,0.000,-17.458,-7.811,0.000,3.691,9.214,0.168,0.134,0.000,0.209,-0.132,3,-0.984,-0.902,0,0,0,2,3.204,9.339
2039,0.000,-4.318,7.152,0.126,3.073,9.423,0.000,-17.480,-7.811,0.005,3.631,9.221,0.076,0.134,0.000,0.209,-0.132,3,-0.985,-0.902,0,0,0,1,3.113,9.430
2040,0.000,-4.340,7.152,0.126,3.114,9.365,0.107,-17.501,-7.811,0.000,3.640,9.178,0.137,0.134,0.000,0.209,-0.132,3,-0.985,-0.902,1,0,0,0,3.021,9.430
2041,0.000,-4.362,7.152,0.126,3.142,9.394,0.229,-17.501,-7.811,0.000,3.655,9.188,0.168,0.134,0.000,0.209,-0.132,3,-0.988,-0.901,0,2,0,0,3.021,9.339
2042,0.000,-4.384,7.152,0.126,3.162,9.420,0.198,-17.523,-7.811,0.005,3.638,9.276,0.107,0.134,0.000,0.209,-0.132,3,-0.986,-0.901,0,0,1,1,3.113,9.339
2043,0.000,-4.406,7.152,0.126,3.118,9.432,0.168,-17.545,-7.811,0.000,3.669,9.248,0.107,0.134,0.000,0.209,-0.132,3,-0.983,-0.901,0,0,3,0,3.113,9.339
2044,0.000,-4.428,7.152,0.115,3.102,9.427,0.137,-17.567,-7.811,0.000,3.676,9.233,0.076,0.134,0.000,0.209,-0.132,3,-0.983,-0.902,0,0,0,0,3.113,9.339
2045,0.000,-4.450,7.152,0.126,3.140,9.403,0.107,-17.567,-7.811,0.005,3.662,9.243,-0.015,0.134,0.000,0.209,-0.132,3,-0.986,-0.901,3,0,0,0,3.113,9.430
2046,0.000,-4.472,7.152,0.126,3.145,9.411,0.168,-17.589,-7.811,0.005,3.664,9.193,-0.015,0.134,0.000,0.209,-0.132,3,-0.984,-0.901,0,0,0,0,3.021,9.339
2047,0.000,-4.493,7.152,0.126,3.068,9.389,0.137,-17.589,-7.811,0.005,3.688,9.195,-0.015,0.134,0.000,0.209,-0.132,3,-0.984,-0.902,0,0,0,0,3.113,9.339
2048,0.000,-4.515,7.152,0.104,3.075,9.401,0.046,-17.611,-7.811,0.005,3.712,9.190,0.046,0.134,0.000,0.209,-0.132,3,-0.984,-0.901,0,0,3,0,3.113,9.339
2049,0.000,-4.537,7.152,0.126,3.138,9.437,0.000,-17.611,-7.811,0.000,3.691,9.176,0.168,0.134,0.000,0.209,-0.132,3,-0.984,-0.901,0,0,0,0,3.021,9.339
2050,0.000,-4.537,7.152,0.137,3.145,9.437,0.000,-17.633,-7.811,-0.005,3.686,9.178,0.046,0.134,0.000,0.209,-0.132,3,-0.984,-0.901,2,0,0,0,3.021,9.339
2051,0.000,-4.559,7.152,0.137,3.130,9.432,0.000,-17.633,-7.811,-0.005,3.674,9.162,-0.046,0.134,0.000,0.209,-0.132,3,-0.984,-0.901,0,1,0,0,3.113,9.430
2052,0.000,-4.581,7.152,0.126,3.159,9.442,-0.046,-17.633,-7.811,0.000,3.648,9.159,0.046,0.134,0.000,0.209,-0.132,3,-0.985,-0.900,0,0,1,0,3.113,9.430
2053,0.000,-4.581,7.152,0.126,3.181,9.463,0.046,-17.655,-7.811,-0.005,3.621,9.147,-0.015,0.134,0.000,0.209,-0.132,3,-0.985,-0.901,0,2,1,0,3.113,9.430
2054,0.000,-4.603,7.152,0.126,3.169,9.473,0.107,-17.677,-7.811,0.000,3.626,9.090,-0.046,0.134,0.000,0.209,-0.132,3,-0.985,-0.899,0,0,0,0,3.113,9.430
2055,0.000,-4.625,7.152,0.115,3.193,9.463,0.000,-17.677,-7.811,-0.005,3.621,9.073,-0.107,0.134,0.000,0.209,-0.132,3,-0.984,-0.901,0,0,0,0,3.113,9.430
2056,0.000,-4.625,7.152,0.115,3.209,9.490,-0.046,-17.699,-7.811,0.000,3.633,9.121,-0.137,0.134,0.000,0.209,-0.132,3,-0.985,-0.901,0,0,0,0,3.113,9.430
2057,0.000,-4.647,7.152,0.137,3.159,9.521,-0.076,-17.699,-7.811,-0.005,3.672,9.133,0.000,0.134,0.000,0.209,-0.132,3,-0.985,-0.901,2,0,0,0,3.113,9.430
2058,0.000,-4.647,7.152,0.148,3.152,9.518,-0.076,-17.699,-7.811,0.000,3.686,9.104,0.000,0.134,0.000,0.209,-0.132,3,-0.984,-0.901,0,2,1,0,3.204,9.430
2059,0.000,-4.669,7.152,0.126,3.193,9.518,0.046,-17.699,-7.811,0.000,3.703,9.090,-0.046,0.134,0.000,0.209,-0.132,3,-0.985,-0.900,0,0,0,1,3.113,9.522
2060,0.000,-4.669,7.152,0.137,3.224,9.497,0.046,-17.721,-7.811,0.005,3.669,9.075,-0.107,0.134,0.000,0.209,-0.132,3,-0.983,-0.901,0,0,0,0,3.113,9.430
2061,0.000,-4.691,7.152,0.137,3.241,9.470,0.000,-17.721,-7.811,0.000,3.640,9.083,-0.107,0.134,0.000,0.209,-0.132,3,-0.984,-0.901,0,0,0,0,3.113,9.430
2062,0.000,-4.691,7.152,0.137,3.233,9.473,-0.137,-17.721,-7.811,0.000,3.590,9.102,-0.259,0.134,0.000,0.209,-0.132,3,-0.984,-0.900,0,1,2,0,3.204,9.430
2063,0.000,-4.691,7.152,0.115,3.190,9.473,-0.259,-17.743,-7.811,0.005,3.638,9.063,-0.290,0.134,0.000,0.209,-0.132,3,-0.984,-0.900,0,0,5,0,3.204,9.430
2064,0.000,-4.713,7.152,0.126,3.152,9.468,-0.137,-17.743,-7.811,0.005,3.681,9.023,-0.137,0.134,0.000,0.209,-0.132,3,-0.985,-0.901,0,0,3,0,3.204,9.430
2065,0.000,-4.713,7.152,0.126,3.178,9.466,-0.107,-17.743,-7.811,0.005,3.674,9.018,-0.168,0.134,0.000,0.209,-0.132,3,-0.983,-0.901,0,0,0,0,3.113,9.430
2066,0.000,-4.735,7.152,0.115,3.205,9.480,0.000,-17.743,-7.811,0.005,3.712,9.056,-0.229,0.134,0.000,0.209,-0.132,3,-0.984,-0.901,1,0,1,0,3.113,9.430
2067,0.000,-4.735,7.152,0.126,3.274,9.537,0.046,-17.743,-7.811,0.005,3.734,9.071,-0.320,0.134,0.000,0.209,-0.132,3,-0.984,-0.901,0,0,1,0,3.113,9.430
2068,0.000,-4.735,7.152,0.126,3.245,9.542,0.107,-17.743,-7.811,0.005,3.676,9.083,-0.259,0.134,0.000,0.209,-0.132,3,-0.985,-0.900,0,0,1,3,3.204,9.430
2069,0.000,-4.757,7.152,0.126,3.178,9.504,0.107,-17.743,-7.811,0.000,3.655,9.063,-0.168,0.134,0.000,0.209,-0.132,3,-0.984,-0.899,0,0,0,0,3.204,9.522
2070,0.000,-4.757,7.152,0.137,3.233,9.482,-0.046,-17.743,-7.811,0.000,3.736,9.032,-0.198,0.134,0.000,0.209,-0.132,3,-0.983,-0.900,0,0,1,0,3.204,9.522
2071,0.000,-4.757,7.152,0.115,3.257,9.439,-0.107,-17.743,-7.811,0.000,3.758,9.073,-0.229,0.134,0.000,0.209,-0.132,3,-0.984,-0.901,0,0,0,0,3.113,9.430
2072,0.000,-4.757,7.152,0.126,3.236,9.461,-0.015,-17.743,-7.811,-0.005,3.719,9.078,-0.168,0.134,0.000,0.209,-0.132,3,-0.984,-0.900,0,0,1,0,3.204,9.430
2073,0.000,-4.779,7.152,0.115,3.171,9.494,0.046,-17.743,-7.811,0.000,3.722,9.075,-0.137,0.134,0.000,0.209,-0.132,3,-0.984,-0.900,0,0,0,4,3.204,9.430
2074,0.000,-4.779,7.152,0.137,3.241,9.468,-0.046,-17.743,-7.811,0.000,3.782,9.092,-0.168,0.134,0.000,0.209,-0.132,3,-0.984,-0.901,1,0,0,0,3.204,9.430
2075,0.000,-4.779,7.152,0.104,3.329,9.451,-0.107,-17.721,-7.811,0.005,3.784,9.087,-0.229,0.134,0.000,0.209,-0.132,3,-0.983,-0.900,0,0,0,0,3.113,9.430
2076,0.000,-4.779,7.152,0.126,3.310,9.480,-0.229,-17.721,-7.811,0.000,3.767,9.085,-0.168,0.134,0.000,0.209,-0.132,3,-0.984,-0.900,0,0,0,2,3.204,9.430
2077,0.000,-4.779,7.152,0.137,3.238,9.473,-0.107,-17.721,-7.811,-0.005,3.772,9.090,-0.168,0.134,0.000,0.209,-0.132,3,-0.984,-0.900,0,0,0,1,3.296,9.430
2078,0.000,-4.779,7.152,0.126,3.245,9.487,-0.076,-17.721,-7.811,-0.005,3.779,9.075,-0.168,0.134,0.000,0.209,-0.132,3,-0.984,-0.900,0,0,0,1,3.296,9.430
2079,0.000,-4.779,7.152,0.126,3.255,9.451,-0.229,-17.699,-7.811,0.016,3.784,9.063,-0.290,0.134,0.000,0.209,-0.132,3,-0.987,-0.901,2,0,0,1,3.204,9.430
2080,0.000,-4.779,7.152,0.126,3.243,9.432,-0.259,-17.699,-7.811,0.000,3.775,9.063,-0.351,0.134,0.000,0.209,-0.132,3,-0.987,-0.900,0,1,1,0,3.204,9.430
2081,0.000,-4.779,7.152,0.115,3.298,9.434,-0.076,-17.699,-7.811,0.000,3.722,9.087,-0.443,0.134,0.000,0.209,-0.132,3,-0.986,-0.899,0,0,1,1,3.204,9.430
2082,0.000,-4.779,7.152,0.126,3.288,9.463,-0.137,-17.699,-7.811,0.005,3.763,9.111,-0.381,0.134,0.000,0.209,-0.132,3,-0.984,-0.900,0,0,3,0,3.204,9.430
2083,0.000,-4.779,7.152,0.126,3.233,9.470,-0.198,-17.699,-7.811,-0.005,3.806,9.135,-0.259,0.134,0.000,0.209,-0.132,3,-0.983,-0.901,1,0,1,0,3.296,9.430
2084,0.000,-4.779,7.152,0.126,3.236,9.439,-0.320,-17.677,-7.811,-0.016,3.806,9.126,-0.137,0.134,0.000,0.209,-0.132,3,-0.987,-0.900,3,0,0,0,3.204,9.430
2085,0.000,-4.779,7.152,0.115,3.324,9.475,-0.259,-17.677,-7.811,0.000,3.803,9.109,-0.229,0.134,0.000,0.209,-0.132,3,-0.986,-0.899,0,5,0,1,3.204,9.430
2086,0.000,-4.779,7.152,0.115,3.303,9.466,-0.107,-17.677,-7.811,-0.005,3.782,9.121,-0.351,0.134,0.000,0.209,-0.132,3,-0.984,-0.902,0,0,1,0,3.204,9.430
2087,0.000,-4.757,7.152,0.115,3.269,9.468,-0.076,-17.677,-7.811,-0.005,3.770,9.095,-0.412,0.134,0.000,0.209,-0.132,3,-0.984,-0.900,0,0,2,0,3.296,9.430
2088,0.000,-4.757,7.152,0.115,3.288,9.466,-0.137,-17.655,-7.811,0.016,3.784,9.066,-0.504,0.134,0.000,0.209,-0.132,3,-0.984,-0.899,0,0,0,0,3.296,9.430
2089,0.000,-4.757,7.152,0.137,3.291,9.444,-0.259,-17.655,-7.811,-0.005,3.796,9.073,-0.595,0.134,0.000,0.209,-0.132,3,-0.985,-0.900,1,0,1,0,3.204,9.430
2090,0.000,-4.757,7.152,0.137,3.341,9.470,-0.290,-17.655,-7.811,0.000,3.818,9.061,-0.320,0.134,0.000,0.209,-0.132,3,-0.985,-0.900,0,2,0,0,3.204,9.430
2091,0.000,-4.757,7.152,0.126,3.336,9.470,-0.290,-17.633,-7.811,-0.005,3.834,9.063,-0.198,0.134,0.000,0.209,-0.132,3,-0.984,-0.899,0,0,0,0,3.204,9.430
2092,0.000,-4.757,7.152,0.137,3.288,9.466,-0.290,-17.633,-7.811,0.000,3.758,9.078,-0.320,0.134,0.000,0.209,-0.132,3,-0.985,-0.900,0,0,1,0,3.296,9.430
2093,0.000,-4.735,7.152,0.137,3.327,9.434,-0.443,-17.633,-7.811,0.005,3.777,9.030,-0.504,0.134,0.000,0.209,-0.132,3,-0.985,-0.899,0,0,0,0,3.296,9.430
2094,0.000,-4.735,7.152,0.126,3.415,9.423,-0.504,-17.611,-7.811,0.000,3.827,8.984,-0.473,0.134,0.000,0.209,-0.132,3,-0.985,-0.900,0,0,1,0,3.204,9.430
2095,0.000,-4.713,7.152,0.126,3.394,9.425,-0.534,-17.611,-7.811,0.000,3.801,9.025,-0.412,0.134,0.000,0.209,-0.132,3,-0.985,-0.900,0,0,0,0,3.296,9.430
2096,0.000,-4.713,7.152,0.126,3.353,9.411,-0.565,-17.589,-7.811,-0.005,3.791,9.051,-0.290,0.134,0.000,0.209,-0.132,3,-0.985,-0.900,1,0,0,1,3.388,9.339
2097,0.000,-4.691,7.152,0.126,3.351,9.420,-0.443,-17.589,-7.811,-0.005,3.791,9.039,-0.259,0.134,0.000,0.209,-0.132,3,-0.984,-0.900,0,2,2,0,3.388,9.339
2098,0.000,-4.691,7.152,0.126,3.327,9.423,-0.320,-17.589,-7.811,0.000,3.806,9.013,-0.290,0.134,0.000,0.209,-0.132,3,-0.985,-0.899,0,0,1,0,3.296,9.339
2099,0.000,-4.691,7.152,0.126,3.329,9.425,-0.504,-17.567,-7.811,0.000,3.763,8.992,-0.290,0.134,0.000,0.209,-0.132,3,-0.984,-0.900,0,0,0,1,3.296,9.339
2100,0.000,-4.669,7.152,0.115,3.375,9.449,-0.473,-17.567,-7.811,0.005,3.724,9.047,-0.137,0.134,0.000,0.209,-0.132,3,-0.984,-0.901,0,0,0,0,3.296,9.339
2101,0.000,-4.669,7.152,0.126,3.420,9.439,-0.443,-17.567,-7.811,0.000,3.775,9.066,-0.412,0.134,0.000,0.209,-0.132,3,-0.984,-0.900,0,1,3,0,3.296,9.339
2102,0.000,-4.647,7.152,0.115,3.411,9.391,-0.504,-17.567,-7.811,0.000,3.815,9.042,-0.443,0.134,0.000,0.209,-0.132,3,-0.984,-0.900,0,0,4,0,3.296,9.430
2103,0.000,-4.625,7.152,0.137,3.370,9.375,-0.412,-17.567,-7.811,0.016,3.818,9.063,-0.320,0.134,0.000,0.209,-0.132,3,-0.984,-0.900,0,0,3,0,3.388,9.430
2104,0.000,-4.625,7.152,0.137,3.396,9.442,-0.351,-17.545,-7.811,0.005,3.885,9.083,-0.351,0.134,0.000,0.209,-0.132,3,-0.983,-0.900,0,0,0,1,3.388,9.339
2105,0.000,-4.603,7.152,0.115,3.387,9.475,-0.534,-17.545,-7.811,0.005,3.865,9.106,-0.351,0.134,0.000,0.209,-0.132,3,-0.984,-0.900,0,0,0,0,3.296,9.339
2106,0.000,-4.603,7.152,0.126,3.348,9.454,-0.687,-17.523,-7.811,-0.005,3.803,9.142,-0.351,0.134,0.000,0.209,-0.132,3,-0.984,-0.900,0,0,1,0,3.388,9.430
2107,0.000,-4.603,7.152,0.115,3.360,9.427,-0.412,-17.523,-7.811,-0.005,3.822,9.116,-0.259,0.134,0.000,0.209,-0.132,3,-0.984,-0.900,0,0,1,1,3.388,9.430
2108,0.000,-4.581,7.152,0.115,3.375,9.382,-0.381,-17.523,-7.811,0.000,3.832,9.114,-0.290,0.134,0.000,0.209,-0.132,3,-0.984,-0.899,3,0,0,1,3.296,9.430
2109,0.000,-4.581,7.152,0.115,3.427,9.415,-0.565,-17.523,-7.811,0.000,3.825,9.130,-0.412,0.134,0.000,0.209,-0.132,3,-0.984,-0.900,0,1,0,1,3.296,9.339
2110,0.000,-4.559,7.152,0.126,3.468,9.451,-0.504,-17.501,-7.811,0.000,3.863,9.121,-0.443,0.134,0.000,0.209,-0.132,3,-0.984,-0.901,0,0,0,0,3.296,9.339
2111,0.000,-4.537,7.152,0.104,3.427,9.401,-0.412,-17.501,-7.811,0.005,3.904,9.142,-0.351,0.134,0.000,0.209,-0.132,3,-0.984,-0.900,0,0,1,1,3.388,9.339
2112,0.000,-4.537,7.152,0.115,3.367,9.332,-0.534,-17.480,-7.811,0.000,3.880,9.176,-0.290,0.134,0.000,0.209,-0.132,3,-0.984,-0.900,0,0,0,4,3.388,9.430
2113,0.000,-4.515,7.152,0.126,3.367,9.274,-0.870,-17.480,-7.811,0.000,3.873,9.190,-0.259,0.134,0.000,0.209,-0.132,3,-0.984,-0.900,3,0,0,0,3.388,9.339
2114,0.000,-4.493,7.152,0.137,3.430,9.288,-0.870,-17.480,-7.811,0.000,3.820,9.197,-0.137,0.134,0.000,0.209,-0.132,3,-0.983,-0.900,0,0,0,0,3.296,9.247
2115,0.000,-4.493,7.152,0.126,3.444,9.320,-0.565,-17.480,-7.811,-0.005,3.810,9.205,-0.198,0.134,0.000,0.209,-0.132,3,-0.984,-0.899,0,0,0,2,3.296,9.247
2116,0.000,-4.472,7.152,0.126,3.447,9.296,-0.565,-17.480,-7.811,0.000,3.851,9.200,-0.320,0.134,0.000,0.209,-0.132,3,-0.984,-0.900,0,0,0,0,3.388,9.247
2117,0.000,-4.450,7.152,0.104,3.478,9.298,-0.626,-17.458,-7.811,-0.005,3.861,9.214,-0.259,0.134,0.000,0.209,-0.132,3,-0.983,-0.900,0,0,0,1,3.388,9.247
2118,0.000,-4.428,7.152,0.115,3.399,9.310,-0.687,-17.458,-7.811,0.000,3.897,9.207,-0.198,0.134,0.000,0.209,-0.132,3,-0.983,-0.900,1,0,0,1,3.388,9.247
2119,0.000,-4.428,7.152,0.104,3.382,9.298,-0.748,-17.458,-7.811,0.005,3.875,9.195,-0.137,0.134,0.000,0.209,-0.132,3,-0.983,-0.900,0,0,0,0,3.388,9.247
2120,0.000,-4.406,7.152,0.126,3.451,9.274,-0.565,-17.458,-7.811,0.000,3.863,9.190,-0.229,0.134,0.000,0.209,-0.132,3,-0.986,-0.899,0,0,1,0,3.388,9.247
2121,0.000,-4.384,7.152,0.115,3.451,9.291,-0.412,-17.436,-7.811,0.005,3.856,9.164,-0.229,0.134,0.000,0.209,-0.132,3,-0.983,-0.900,0,0,3,0,3.296,9.247
2122,0.000,-4.362,7.152,0.148,3.442,9.317,-0.565,-17.436,-7.811,0.000,3.846,9.157,-0.229,0.134,0.000,0.209,-0.132,3,-0.983,-0.900,0,0,0,0,3.388,9.247
2123,0.000,-4.340,7.152,0.137,3.449,9.260,-0.656,-17.436,-7.811,0.005,3.815,9.121,-0.198,0.134,0.000,0.209,-0.132,3,-0.985,-0.900,2,0,0,0,3.388,9.247
2124,0.000,-4.340,7.152,0.115,3.487,9.272,-0.656,-17.436,-7.811,-0.005,3.806,9.106,-0.137,0.134,0.000,0.209,-0.132,3,-0.987,-0.899,0,4,0,0,3.388,9.247
2125,0.000,-4.318,7.152,0.126,3.466,9.286,-0.595,-17.436,-7.811,0.000,3.813,9.142,-0.168,0.134,0.000,0.209,-0.132,3,-0.984,-0.899,0,0,0,0,3.388,9.247
2126,0.000,-4.296,7.152,0.115,3.492,9.281,-0.595,-17.436,-7.811,0.000,3.837,9.150,-0.107,0.134,0.000,0.209,-0.132,3,-0.984,-0.899,0,0,2,0,3.479,9.247
2127,0.000,-4.274,7.152,0.104,3.480,9.272,-0.595,-17.414,-7.811,-0.005,3.851,9.123,-0.198,0.134,0.000,0.209,-0.132,3,-0.985,-0.898,0,0,0,0,3.388,9.247
2128,0.000,-4.252,7.152,0.115,3.480,9.265,-0.473,-17.414,-7.811,0.000,3.877,9.118,-0.137,0.134,0.000,0.209,-0.132,3,-0.985,-0.899,0,0,0,0,3.479,9.247
2129,0.000,-4.230,7.152,0.126,3.561,9.303,-0.473,-17.414,-7.811,0.005,3.904,9.128,-0.015,0.134,0.000,0.209,-0.132,3,-0.985,-0.899,0,0,0,0,3.479,9.247
2130,0.000,-4.208,7.152,0.115,3.547,9.334,-0.473,-17.392,-7.811,-0.005,3.897,9.121,-0.076,0.134,0.000,0.209,-0.132,3,-0.985,-0.900,0,0,0,1,3.479,9.247
2131,0.000,-4.186,7.152,0.126,3.480,9.291,-0.259,-17.392,-7.811,-0.027,3.918,9.123,-0.076,0.134,0.000,0.209,-0.132,3,-0.985,-0.900,0,3,1,0,3.479,9.247
2132,0.000,-4.164,7.152,0.126,3.492,9.253,-0.259,-17.370,-7.811,0.000,3.935,9.130,0.000,0.134,0.000,0.209,-0.132,3,-0.985,-0.898,0,0,0,0,3.479,9.247
2133,0.000,-4.142,7.152,0.126,3.533,9.265,-0.198,-17.370,-7.811,0.000,3.880,9.130,0.000,0.134,0.000,0.209,-0.132,3,-0.985,-0.900,0,0,1,0,3.479,9.247
2134,0.000,-4.120,7.152,0.126,3.535,9.262,-0.198,-17.348,-7.811,0.005,3.870,9.114,-0.168,0.134,0.000,0.209,-0.132,3,-0.985,-0.900,0,0,0,0,3.479,9.247
2135,0.000,-4.098,7.152,0.115,3.545,9.291,-0.198,-17.348,-7.811,0.005,3.880,9.128,-0.076,0.134,0.000,0.209,-0.132,3,-0.985,-0.900,1,0,0,0,3.479,9.247
2136,0.000,-4.076,7.152,0.126,3.552,9.279,-0.137,-17.348,-7.811,-0.005,3.856,9.154,-0.076,0.134,0.000,0.209,-0.132,3,-0.985,-0.900,0,2,3,0,3.479,9.247
2137,0.000,-4.054,7.152,0.104,3.552,9.229,-0.198,-17.348,-7.811,0.005,3.870,9.154,0.000,0.134,0.000,0.209,-0.132,3,-0.984,-0.899,0,0,1,0,3.479,9.247
2138,0.000,-4.032,7.152,0.126,3.588,9.207,-0.198,-17.326,-7.811,0.005,3.916,9.159,0.076,0.134,0.000,0.209,-0.132,3,-0.984,-0.900,0,0,0,0,3.479,9.247
2139,0.000,-3.988,7.152,0.126,3.605,9.224,0.015,-17.326,-7.811,-0.005,3.933,9.164,0.015,0.134,0.000,0.209,-0.132,3,-0.984,-0.900,0,0,3,0,3.479,9.155
2140,0.000,-3.966,7.152,0.115,3.595,9.245,0.137,-17.304,-7.811,0.005,3.940,9.157,0.076,0.134,0.000,0.209,-0.132,3,-0.984,-0.900,0,1,3,0,3.571,9.155
2141,0.000,-3.944,7.152,0.126,3.497,9.157,0.168,-17.304,-7.811,0.005,3.947,9.135,0.137,0.134,0.000,0.209,-0.132,3,-0.984,-0.899,0,0,5,0,3.571,9.155
2142,0.000,-3.922,7.152,0.137,3.571,9.152,0.168,-17.282,-7.811,0.000,3.954,9.150,0.259,0.134,0.000,0.209,-0.132,3,-0.985,-0.899,0,0,1,0,3.571,9.155
2143,0.000,-3.900,7.152,0.115,3.573,9.188,0.320,-17.282,-7.811,0.000,3.968,9.174,0.351,0.134,0.000,0.209,-0.132,3,-0.984,-0.900,0,0,0,0,3.479,9.155
2144,0.000,-3.878,7.152,0.115,3.602,9.276,0.259,-17.260,-7.811,0.000,3.928,9.193,0.290,0.134,0.000,0.209,-0.132,3,-0.984,-0.900,0,0,1,0,3.571,9.064
2145,0.000,-3.856,7.152,0.126,3.621,9.241,0.290,-17.260,-7.811,0.000,3.930,9.212,0.412,0.134,0.000,0.209,-0.132,3,-0.984,-0.900,0,0,3,0,3.571,9.155
2146,0.000,-3.834,7.152,0.104,3.588,9.174,0.443,-17.238,-7.811,0.000,3.956,9.169,0.412,0.134,0.000,0.209,-0.132,3,-0.984,-0.900,0,0,0,1,3.571,9.247
2147,0.000,-3.812,7.152,0.115,3.552,9.157,0.473,-17.238,-7.811,0.005,3.956,9.157,0.381,0.134,0.000,0.209,-0.132,3,-0.984,-0.899,2,0,0,0,3.571,9.155
2148,0.000,-3.768,7.152,0.126,3.633,9.176,0.351,-17.216,-7.811,-0.016,3.992,9.212,0.443,0.134,0.000,0.209,-0.132,3,-0.983,-0.900,0,0,2,0,3.571,9.155
2149,0.000,-3.746,7.152,0.115,3.605,9.209,0.504,-17.216,-7.811,0.000,3.997,9.224,0.412,0.134,0.000,0.209,-0.132,3,-0.984,-0.899,0,0,0,2,3.479,9.155
2150,0.000,-3.724,7.152,0.126,3.552,9.224,0.595,-17.194,-7.811,0.000,3.964,9.214,0.565,0.134,0.000,0.209,-0.132,3,-0.984,-0.900,0,0,0,1,3.571,9.155
2151,0.000,-3.702,7.152,0.126,3.590,9.202,0.656,-17.194,-7.811,-0.016,3.964,9.231,0.565,0.134,0.000,0.209,-0.132,3,-0.984,-0.900,0,0,0,3,3.571,9.155
2152,0.000,-3.680,7.152,0.126,3.607,9.200,0.778,-17.194,-7.811,0.000,3.952,9.245,0.473,0.134,0.000,0.209,-0.132,3,-0.984,-0.900,1,0,0,0,3.479,9.155
2153,0.000,-3.659,7.152,0.137,3.657,9.233,0.717,-17.194,-7.811,0.000,3.923,9.219,0.381,0.134,0.000,0.209,-0.132,3,-0.983,-0.900,0,0,0,0,3.571,9.155
2154,0.000,-3.637,7.152,0.137,3.660,9.238,0.626,-17.172,-7.811,0.005,3.945,9.195,0.320,0.134,0.000,0.209,-0.132,3,-0.984,-0.901,0,0,0,0,3.571,9.155
2155,0.000,-3.615,7.152,0.126,3.621,9.250,0.778,-17.172,-7.811,-0.005,3.995,9.188,0.565,0.134,0.000,0.209,-0.132,3,-0.984,-0.900,0,0,0,1,3.571,9.155
2156,0.000,-3.593,7.152,0.137,3.545,9.267,0.900,-17.150,-7.811,0.005,3.980,9.162,0.595,0.134,0.000,0.209,-0.132,3,-0.985,-0.901,0,0,0,0,3.571,9.155
2157,0.000,-3.593,7.152,0.126,3.516,9.303,0.870,-17.150,-7.811,-0.005,3.947,9.138,0.626,0.134,0.000,0.209,-0.132,3,-0.987,-0.900,1,0,0,1,3.571,9.247
2158,0.000,-3.571,7.152,0.115,3.564,9.269,0.900,-17.150,-7.811,0.016,3.921,9.174,0.687,0.134,0.000,0.209,-0.132,3,-0.987,-0.900,0,2,0,0,3.479,9.247
2159,0.000,-3.571,7.152,0.115,3.605,9.269,1.053,-17.128,-7.811,0.005,3.964,9.200,0.748,0.134,0.000,0.209,-0.132,3,-0.983,-0.901,0,0,1,0,3.479,9.247
2160,0.000,-3.549,7.152,0.126,3.602,9.303,1.175,-17.128,-7.811,0.000,3.978,9.197,0.717,0.134,0.000,0.209,-0.132,3,-0.983,-0.900,0,0,3,0,3.479,9.247
2161,0.000,-3.527,7.152,0.115,3.530,9.339,1.175,-17.106,-7.811,0.016,3.966,9.202,0.839,0.134,0.000,0.209,-0.132,3,-0.985,-0.901,0,0,0,0,3.571,9.247
2162,0.000,-3.527,7.152,0.115,3.528,9.379,1.144,-17.106,-7.811,0.000,4.009,9.154,0.870,0.134,0.000,0.209,-0.132,3,-0.987,-0.900,5,0,0,0,3.571,9.247
2163,0.000,-3.527,7.152,0.126,3.463,9.344,1.236,-17.084,-7.811,0.005,4.026,9.080,0.687,0.134,0.000,0.209,-0.132,3,-0.986,-0.900,0,3,0,0,3.479,9.339
2164,0.000,-3.527,7.152,0.126,3.356,9.363,1.083,-17.084,-7.811,0.005,3.954,9.080,0.687,0.134,0.000,0.209,-0.132,3,-0.984,-0.901,0,0,0,0,3.479,9.339
2165,0.000,-3.549,7.152,0.115,3.411,9.396,1.022,-17.062,-7.811,0.005,3.906,9.102,0.687,0.134,0.000,0.209,-0.132,3,-0.984,-0.900,0,0,3,0,3.388,9.339
2166,0.000,-3.549,7.152,0.137,3.411,9.425,0.778,-17.062,-7.811,0.005,3.918,9.138,0.748,0.134,0.000,0.209,-0.132,3,-0.984,-0.899,0,0,0,0,3.296,9.339
2167,0.000,-3.549,7.152,0.137,3.437,9.482,0.809,-17.062,-7.811,-0.005,3.842,9.138,0.870,0.134,0.000,0.209,-0.132,3,-0.984,-0.900,1,0,0,0,3.388,9.339
2168,0.000,-3.571,7.152,0.115,3.487,9.494,1.114,-17.062,-7.811,0.000,3.782,9.078,0.778,0.134,0.000,0.209,-0.132,3,-0.984,-0.900,0,3,1,0,3.388,9.339
2169,0.000,-3.571,7.152,0.137,3.442,9.540,1.358,-17.084,-7.811,0.005,3.755,9.142,0.717,0.134,0.000,0.209,-0.132,3,-0.985,-0.901,5,0,0,1,3.388,9.430
2170,0.000,-3.593,7.152,0.115,3.281,9.521,1.419,-17.084,-7.811,-0.016,3.712,9.207,0.626,0.134,0.000,0.209,-0.132,3,-0.985,-0.900,0,2,1,0,3.479,9.430
2171,0.000,-3.615,7.152,0.115,3.061,9.458,1.511,-17.106,-7.811,0.000,3.686,9.152,0.687,0.134,0.000,0.209,-0.132,3,-0.985,-0.899,0,0,0,0,3.388,9.522
2172,0.000,-3.659,7.152,0.137,2.999,9.430,1.358,-17.128,-7.811,0.000,3.731,9.111,0.626,0.134,0.000,0.209,-0.132,3,-0.985,-0.900,0,0,1,0,3.204,9.522
2173,0.000,-3.724,7.152,0.137,3.037,9.442,1.358,-17.128,-7.811,0.005,3.755,9.114,0.717,0.134,0.000,0.209,-0.132,3,-0.985,-0.900,0,0,0,0,3.021,9.430
2174,0.000,-3.768,7.152,0.126,2.963,9.499,1.236,-17.150,-7.811,0.005,3.777,9.162,0.748,0.134,0.000,0.209,-0.132,3,-0.985,-0.900,2,0,0,0,2.930,9.430
2175,0.000,-3.812,7.152,0.126,2.872,9.525,0.961,-17.150,-7.811,-0.005,3.873,9.219,0.809,0.134,0.000,0.209,-0.132,3,-0.984,-0.900,0,1,3,0,3.021,9.430
2176,0.000,-3.878,7.152,0.104,2.834,9.523,0.900,-17.150,-7.811,0.005,3.885,9.221,0.809,0.134,0.000,0.209,-0.132,3,-0.984,-0.900,0,0,1,0,2.930,9.430
2177,0.000,-3.944,7.152,0.126,2.735,9.518,0.839,-17.150,-7.811,0.005,3.765,9.221,0.870,0.134,0.000,0.209,-0.132,3,-0.983,-0.900,0,0,0,0,2.838,9.522
2178,0.000,-4.032,7.152,0.104,2.632,9.485,0.778,-17.172,-7.811,0.000,3.684,9.202,0.992,0.134,0.000,0.209,-0.132,3,-0.984,-0.900,0,0,0,0,2.747,9.522
2179,0.000,-4.120,7.152,0.104,2.558,9.509,0.565,-17.194,-7.811,0.005,3.624,9.183,0.656,0.134,0.000,0.209,-0.132,3,-0.984,-0.900,2,1,0,0,2.655,9.430
2180,0.000,-4.208,7.152,0.126,2.417,9.578,0.412,-17.238,-7.811,-0.005,3.528,9.207,0.595,0.134,0.000,0.209,-0.132,3,-0.984,-0.900,0,0,5,0,2.564,9.430
2181,0.000,-4.318,7.152,0.126,2.343,9.602,0.229,-17.260,-7.811,-0.016,3.442,9.224,0.504,0.134,0.000,0.209,-0.132,3,-0.985,-0.898,0,0,0,1,2.472,9.430
2182,0.000,-4.428,7.152,0.115,2.455,9.600,0.137,-17.304,-7.811,0.005,3.406,9.226,0.381,0.134,0.000,0.209,-0.132,3,-0.984,-0.900,0,0,0,0,2.380,9.522
2183,0.000,-4.515,7.152,0.126,2.436,9.604,0.015,-17.348,-7.811,0.005,3.391,9.236,0.320,0.134,0.000,0.209,-0.132,3,-0.984,-0.900,1,0,1,0,2.289,9.522
2184,0.000,-4.625,7.152,0.126,2.326,9.693,-0.137,-17.414,-7.811,0.016,3.360,9.243,0.198,0.134,0.000,0.209,-0.132,3,-0.984,-0.900,0,0,1,0,2.380,9.522
2185,0.000,-4.735,7.152,0.137,2.273,9.731,-0.504,-17.458,-7.811,0.000,3.372,9.224,0.076,0.134,0.000,0.209,-0.132,3,-0.985,-0.900,0,0,1,3,2.380,9.522
2186,0.000,-4.845,7.152,0.126,2.304,9.736,-0.687,-17.501,-7.811,0.005,3.360,9.197,0.000,0.134,0.000,0.209,-0.132,3,-0.984,-0.899,0,0,1,0,2.289,9.613
2187,0.000,-4.933,7.152,0.115,2.371,9.763,-0.748,-17.545,-7.811,-0.005,3.375,9.176,-0.259,0.134,0.000,0.209,-0.132,3,-0.983,-0.900,0,0,1,0,2.197,9.705
2188,0.000,-5.043,7.152,0.137,2.312,9.767,-0.839,-17.589,-7.811,-0.005,3.394,9.183,-0.565,0.134,0.000,0.209,-0.132,3,-0.984,-0.901,0,0,0,0,2.289,9.705
2189,0.000,-5.153,7.152,0.115,2.209,9.729,-0.931,-17.633,-7.811,0.016,3.334,9.221,-0.748,0.134,0.000,0.209,-0.132,3,-0.984,-0.900,0,0,0,0,2.289,9.705
2190,0.000,-5.263,7.152,0.137,2.108,9.791,-1.053,-17.677,-7.811,0.000,3.315,9.207,-0.839,0.134,0.000,0.209,-0.132,3,-0.984,-0.899,0,0,0,5,2.289,9.705
2191,0.000,-5.372,7.152,0.115,2.103,9.916,-1.419,-17.721,-7.811,0.000,3.286,9.147,-1.053,0.134,0.000,0.209,-0.132,3,-0.984,-0.900,0,0,0,0,2.197,9.705
2192,0.000,-5.482,7.152,0.137,2.249,9.892,-1.633,-17.765,-7.811,0.000,3.198,9.169,-1.114,0.134,0.000,0.209,-0.132,3,-0.983,-0.901,0,0,1,0,2.106,9.705
2193,0.000,-5.592,7.152,0.126,2.388,9.877,-1.785,-17.831,-7.811,0.000,3.226,9.245,-1.266,0.134,0.000,0.209,-0.132,3,-0.985,-0.900,0,0,0,1,2.014,9.888
2194,0.000,-5.680,7.152,0.126,2.350,9.882,-1.907,-17.875,-7.811,0.005,3.305,9.202,-1.419,0.134,0.000,0.209,-0.132,3,-0.984,-0.901,0,0,0,2,2.197,9.888
2195,0.000,-5.768,7.152,0.126,2.352,9.834,-2.121,-17.919,-7.811,0.000,3.274,9.142,-1.511,0.134,0.000,0.209,-0.132,3,-0.984,-0.901,0,0,0,0,2.380,9.796
2196,0.000,-5.834,7.152,0.137,2.410,9.784,-2.335,-17.963,-7.811,0.005,3.248,9.142,-1.541,0.134,0.000,0.209,-0.132,3,-0.987,-0.900,1,0,0,2,2.289,9.796
2197,0.000,-5.922,7.152,0.115,2.424,9.786,-2.548,-18.007,-7.811,0.000,3.243,9.114,-1.602,0.134,0.000,0.209,-0.132,3,-0.987,-0.901,0,1,0,0,2.289,9.796
2198,0.000,-5.988,7.152,0.148,2.453,9.820,-2.701,-18.051,-7.811,0.005,3.095,9.085,-1.724,0.134,0.000,0.209,-0.132,3,-0.984,-0.900,0,0,0,1,2.380,9.705
2199,0.000,-6.054,7.152,0.126,2.446,9.834,-2.762,-18.117,-7.811,0.000,3.018,9.049,-1.877,0.134,0.000,0.209,-0.132,3,-0.986,-0.901,0,0,3,0,2.380,9.705
2200,0.000,-6.119,7.152,0.137,2.374,9.825,-2.823,-18.183,-7.811,-0.005,3.044,9.054,-2.029,0.134,0.000,0.209,-0.132,3,-0.983,-0.901,0,0,0,0,2.380,9.796
2201,0.000,-6.207,7.152,0.126,2.371,9.791,-2.823,-18.227,-7.811,-0.016,3.037,9.118,-2.090,0.134,0.000,0.209,-0.132,3,-0.987,-0.901,5,0,0,0,2.380,9.796
2202,0.000,-6.251,7.152,0.137,2.518,9.767,-2.762,-18.293,-7.811,0.005,3.104,9.092,-2.060,0.134,0.000,0.209,-0.132,3,-0.986,-0.900,0,3,0,0,2.289,9.796
2203,0.000,-6.317,7.152,0.126,2.637,9.748,-2.640,-18.336,-7.811,0.000,3.152,9.037,-2.182,0.134,0.000,0.209,-0.132,3,-0.984,-0.902,0,0,1,0,2.289,9.705
2204,0.000,-6.361,7.152,0.115,2.685,9.763,-2.548,-18.380,-7.811,0.000,3.128,9.068,-2.182,0.134,0.000,0.209,-0.132,3,-0.984,-0.901,0,0,3,0,2.472,9.705
2205,0.000,-6.383,7.152,0.137,2.668,9.760,-2.701,-18.424,-7.811,0.005,3.063,9.085,-2.243,0.134,0.000,0.209,-0.132,3,-0.984,-0.900,0,0,0,0,2.564,9.705
2206,0.000,-6.427,7.152,0.126,2.707,9.657,-2.762,-18.490,-7.811,0.000,3.030,9.071,-2.182,0.134,0.000,0.209,-0.132,3,-0.984,-0.901,2,0,0,0,2.655,9.705
2207,0.000,-6.449,7.152,0.148,2.814,9.547,-2.731,-18.534,-7.811,0.000,3.087,9.066,-2.182,0.134,0.000,0.209,-0.132,3,-0.984,-0.901,0,3,2,0,2.655,9.705
2208,0.000,-6.449,7.152,0.126,3.023,9.523,-2.640,-18.578,-7.811,0.005,3.164,9.071,-2.213,0.134,0.000,0.209,-0.132,3,-0.984,-0.900,0,0,1,0,2.655,9.613
2209,0.000,-6.449,7.152,0.126,3.035,9.463,-2.640,-18.622,-7.811,-0.005,3.233,9.080,-2.182,0.134,0.000,0.209,-0.132,3,-0.984,-0.901,0,0,4,0,2.747,9.522
2210,0.000,-6.427,7.152,0.126,3.102,9.358,-2.548,-18.644,-7.811,-0.016,3.351,9.106,-2.274,0.134,0.000,0.209,-0.132,3,-0.985,-0.899,0,0,0,0,3.021,9.522
2211,0.000,-6.405,7.152,0.126,3.205,9.233,-2.518,-18.666,-7.811,0.000,3.351,9.154,-2.365,0.134,0.000,0.209,-0.132,3,-0.984,-0.901,0,0,1,0,3.021,9.430
2212,0.000,-6.361,7.152,0.115,3.248,9.183,-2.579,-18.688,-7.811,0.005,3.346,9.164,-2.213,0.134,0.000,0.209,-0.132,3,-0.985,-0.901,0,0,0,0,3.021,9.339
2213,0.000,-6.317,7.152,0.115,3.312,9.195,-2.396,-18.710,-7.811,0.005,3.344,9.166,-2.121,0.134,0.000,0.209,-0.132,3,-0.985,-0.901,2,0,0,0,3.204,9.155
2214,0.000,-6.273,7.152,0.115,3.363,9.185,-2.396,-18.732,-7.811,0.005,3.382,9.183,-2.121,0.134,0.000,0.209,-0.132,3,-0.984,-0.901,0,2,2,0,3.204,9.155
2215,0.000,-6.207,7.152,0.137,3.485,9.145,-2.396,-18.732,-7.811,0.000,3.415,9.217,-2.365,0.134,0.000,0.209,-0.132,3,-0.984,-0.901,0,0,1,0,3.296,9.155
2216,0.000,-6.141,7.152,0.126,3.590,9.109,-2.426,-18.754,-7.811,0.000,3.425,9.219,-2.518,0.134,0.000,0.209,-0.132,3,-0.983,-0.901,0,0,0,0,3.296,9.155
2217,0.000,-6.076,7.152,0.115,3.614,9.075,-2.457,-18.776,-7.811,0.000,3.468,9.205,-2.335,0.134,0.000,0.209,-0.132,3,-0.984,-0.902,0,0,0,0,3.479,9.064
2218,0.000,-5.988,7.152,0.115,3.633,9.078,-2.487,-18.776,-7.811,0.000,3.537,9.233,-2.304,0.134,0.000,0.209,-0.132,3,-0.984,-0.901,0,1,0,0,3.571,9.064
2219,0.000,-5.922,7.152,0.137,3.684,9.152,-2.365,-18.776,-7.811,0.000,3.569,9.245,-2.426,0.134,0.000,0.209,-0.132,3,-0.984,-0.901,0,3,0,0,3.571,9.064
2220,0.000,-5.834,7.152,0.126,3.770,9.185,-2.274,-18.776,-7.811,-0.005,3.588,9.212,-2.396,0.134,0.000,0.209,-0.132,3,-0.985,-0.899,0,0,0,1,3.571,9.064
2221,0.000,-5.746,7.152,0.126,3.772,9.150,-2.213,-18.776,-7.811,-0.016,3.621,9.178,-2.243,0.134,0.000,0.209,-0.132,3,-0.984,-0.901,0,0,0,0,3.662,9.064
2222,0.000,-5.658,7.152,0.126,3.854,9.135,-2.243,-18.754,-7.811,0.005,3.676,9.109,-2.152,0.134,0.000,0.209,-0.132,3,-0.984,-0.901,1,0,1,0,3.754,9.155
2223,0.000,-5.570,7.152,0.137,3.973,9.138,-2.335,-18.732,-7.811,-0.005,3.736,9.056,-2.090,0.134,0.000,0.209,-0.132,3,-0.984,-0.901,0,0,2,0,3.754,9.064
2224,0.000,-5.460,7.152,0.126,4.009,9.200,-2.274,-18.710,-7.811,-0.005,3.751,9.071,-1.938,0.134,0.000,0.209,-0.132,3,-0.985,-0.902,0,0,1,3,3.845,9.064
2225,0.000,-5.372,7.152,0.126,4.103,9.233,-2.090,-18.688,-7.811,-0.005,3.796,9.090,-1.846,0.134,0.000,0.209,-0.132,3,-0.984,-0.902,2,0,0,1,3.937,9.064
2226,0.000,-5.263,7.152,0.126,4.203,9.248,-1.968,-18.666,-7.811,-0.005,3.832,9.106,-1.785,0.134,0.000,0.209,-0.132,3,-0.983,-0.901,0,0,1,0,3.937,9.155
2227,0.000,-5.131,7.152,0.126,4.308,9.272,-1.663,-18.622,-7.811,0.000,3.834,9.135,-1.755,0.134,0.000,0.209,-0.132,3,-0.984,-0.903,0,0,1,0,4.028,9.155
2228,0.000,-5.021,7.152,0.115,4.354,9.253,-1.602,-18.600,-7.811,-0.016,3.865,9.145,-1.846,0.134,0.000,0.209,-0.132,3,-0.985,-0.902,0,0,0,1,4.120,9.247
2229,0.000,-4.889,7.152,0.126,4.361,9.300,-1.389,-18.556,-7.811,0.005,3.921,9.106,-1.816,0.134,0.000,0.209,-0.132,3,-0.984,-0.901,0,0,0,0,4.303,9.247
2230,0.000,-4.779,7.152,0.126,4.433,9.358,-1.114,-18.534,-7.811,-0.005,3.973,9.090,-1.602,0.134,0.000,0.209,-0.132,3,-0.984,-0.902,3,0,0,1,4.303,9.247
2231,0.000,-4.669,7.152,0.115,4.466,9.384,-1.083,-18.490,-7.811,0.005,4.026,9.085,-1.358,0.134,0.000,0.209,-0.132,3,-0.983,-0.902,0,0,0,0,4.303,9.247
2232,0.000,-4.537,7.152,0.126,4.452,9.358,-0.961,-18.424,-7.811,0.005,4.064,9.083,-1.297,0.134,0.000,0.209,-0.132,3,-0.985,-0.902,0,0,0,0,4.395,9.339
2233,0.000,-4.428,7.152,0.093,4.474,9.320,-0.870,-18.380,-7.811,0.000,4.117,9.078,-1.328,0.134,0.000,0.209,-0.132,3,-0.984,-0.902,0,0,0,1,4.395,9.339
2234,0.000,-4.296,7.152,0.104,4.550,9.322,-0.839,-18.314,-7.811,0.005,4.186,9.059,-1.450,0.134,0.000,0.209,-0.132,3,-0.984,-0.902,0,0,0,1,4.395,9.339
2235,0.000,-4.186,7.152,0.137,4.612,9.329,-0.687,-18.271,-7.811,0.000,4.203,9.073,-1.297,0.134,0.000,0.209,-0.132,3,-0.985,-0.902,0,0,0,0,4.395,9.247
2236,0.000,-4.054,7.152,0.115,4.617,9.339,-0.626,-18.205,-7.811,-0.005,4.232,9.085,-0.931,0.134,0.000,0.209,-0.132,3,-0.986,-0.902,0,1,0,0,4.486,9.247
2237,0.000,-3.944,7.152,0.115,4.608,9.382,-0.443,-18.139,-7.811,0.000,4.292,9.083,-0.870,0.134,0.000,0.209,-0.132,3,-0.986,-0.901,0,0,1,0,4.578,9.247
2238,0.000,-3.812,7.152,0.126,4.577,9.365,-0.351,-18.073,-7.811,-0.016,4.347,9.083,-0.992,0.134,0.000,0.209,-0.132,3,-0.983,-0.902,0,0,4,0,4.578,9.339
2239,0.000,-3.702,7.152,0.126,4.519,9.248,-0.381,-18.007,-7.811,-0.005,4.354,9.075,-0.931,0.134,0.000,0.209,-0.132,3,-0.986,-0.902,1,0,0,0,4.578,9.339
2240,0.000,-3.593,7.152,0.126,4.514,9.226,-0.320,-17.941,-7.811,-0.005,4.354,9.080,-0.809,0.134,0.000,0.209,-0.132,3,-0.987,-0.902,5,0,0,0,4.578,9.339
2241,0.000,-3.483,7.152,0.126,4.524,9.214,-0.259,-17.875,-7.811,-0.005,4.402,9.075,-0.687,0.134,0.000,0.209,-0.132,3,-0.986,-0.901,0,3,0,1,4.486,9.247
2242,0.000,-3.373,7.152,0.126,4.517,9.183,-0.229,-17.787,-7.811,0.005,4.426,9.059,-0.595,0.134,0.000,0.209,-0.132,3,-0.984,-0.901,0,0,0,0,4.486,9.155
2243,0.000,-3.263,7.152,0.115,4.510,9.159,-0.076,-17.721,-7.811,-0.005,4.498,9.071,-0.534,0.134,0.000,0.209,-0.132,3,-0.984,-0.902,0,0,2,0,4.486,9.155
2244,0.000,-3.153,7.152,0.104,4.522,9.142,0.000,-17.633,-7.811,0.000,4.603,9.085,-0.320,0.134,0.000,0.209,-0.132,3,-0.984,-0.901,0,0,0,0,4.486,9.155
2245,0.000,-3.065,7.152,0.126,4.498,9.090,0.015,-17.545,-7.811,0.000,4.644,9.116,-0.290,0.134,0.000,0.209,-0.132,3,-0.984,-0.902,2,0,0,0,4.486,9.155
2246,0.000,-2.955,7.152,0.148,4.483,9.016,0.046,-17.458,-7.811,0.000,4.648,9.085,-0.198,0.134,0.000,0.209,-0.132,3,-0.985,-0.903,0,1,0,0,4.486,9.064
2247,0.000,-2.846,7.152,0.115,4.471,8.980,0.107,-17.370,-7.811,0.000,4.670,9.039,-0.015,0.134,0.000,0.209,-0.132,3,-0.984,-0.903,4,0,0,1,4.486,9.064
2248,0.000,-2.736,7.152,0.115,4.457,8.951,0.168,-17.282,-7.811,-0.005,4.749,9.066,0.137,0.134,0.000,0.209,-0.132,3,-0.985,-0.903,0,5,2,0,4.395,8.972
2249,0.000,-2.648,7.152,0.126,4.447,8.956,0.137,-17.194,-7.811,-0.005,4.811,9.066,0.320,0.134,0.000,0.209,-0.132,3,-0.985,-0.904,0,0,0,0,4.395,8.972
2250,0.000,-2.560,7.152,0.126,4.363,8.915,0.076,-17.106,-7.811,0.005,4.835,9.049,0.412,0.134,0.000,0.209,-0.132,3,-0.984,-0.903,0,0,1,0,4.395,8.881
2251,0.000,-2.472,7.152,0.137,4.318,8.886,0.015,-16.996,-7.811,0.000,4.802,9.013,0.412,0.134,0.000,0.209,-0.132,3,-0.985,-0.903,0,0,0,0,4.395,8.881
2252,0.000,-2.384,7.152,0.126,4.296,8.877,0.015,-16.908,-7.811,-0.005,4.811,8.965,0.565,0.134,0.000,0.209,-0.132,3,-0.985,-0.903,1,0,0,0,4.303,8.881
2253,0.000,-2.296,7.152,0.137,4.284,8.857,0.046,-16.820,-7.811,-0.005,4.840,9.020,0.778,0.134,0.000,0.209,-0.132,3,-0.984,-0.903,0,1,3,0,4.303,8.881
2254,0.000,-2.208,7.152,0.137,4.287,8.829,0.107,-16.710,-7.811,0.000,4.821,9.035,0.931,0.134,0.000,0.209,-0.132,3,-0.984,-0.902,0,0,0,0,4.211,8.789
2255,0.000,-2.142,7.152,0.115,4.253,8.834,0.168,-16.623,-7.811,0.005,4.811,9.054,0.961,0.134,0.000,0.209,-0.132,3,-0.983,-0.903,0,0,0,0,4.211,8.789
2256,0.000,-2.076,7.152,0.115,4.215,8.867,0.168,-16.557,-7.811,-0.005,4.785,9.051,1.053,0.134,0.000,0.209,-0.132,3,-0.984,-0.903,1,0,2,0,4.211,8.789
2257,0.000,-2.011,7.152,0.137,4.194,8.831,0.381,-16.469,-7.811,-0.005,4.759,9.004,1.175,0.134,0.000,0.209,-0.132,3,-0.984,-0.903,0,1,2,0,4.211,8.789
2258,0.000,-1.945,7.152,0.126,4.148,8.786,0.595,-16.381,-7.811,0.016,4.759,8.992,1.205,0.134,0.000,0.209,-0.132,3,-0.984,-0.903,0,0,5,0,4.211,8.789
2259,0.000,-1.879,7.152,0.126,4.114,8.831,0.626,-16.293,-7.811,0.000,4.828,8.958,1.328,0.134,0.000,0.209,-0.132,3,-0.984,-0.903,0,0,0,0,4.120,8.789
2260,0.000,-1.813,7.152,0.126,4.079,8.860,0.504,-16.227,-7.811,-0.005,4.833,8.939,1.480,0.134,0.000,0.209,-0.132,3,-0.984,-0.903,0,0,0,0,4.120,8.698
2261,0.000,-1.769,7.152,0.126,4.016,8.884,0.504,-16.139,-7.811,0.005,4.802,8.968,1.602,0.134,0.000,0.209,-0.132,3,-0.984,-0.904,1,0,2,0,4.028,8.789
2262,0.000,-1.747,7.152,0.126,4.002,8.925,0.473,-16.051,-7.811,0.000,4.792,9.001,1.755,0.134,0.000,0.209,-0.132,3,-0.984,-0.904,0,0,2,0,4.028,8.789
2263,0.000,-1.703,7.152,0.126,3.968,8.929,0.473,-15.985,-7.811,0.000,4.708,9.030,1.785,0.134,0.000,0.209,-0.132,3,-0.984,-0.904,0,0,2,3,3.937,8.881
2264,0.000,-1.659,7.152,0.115,3.949,8.910,0.626,-15.919,-7.811,-0.016,4.668,9.018,1.663,0.134,0.000,0.209,-0.132,3,-0.984,-0.903,2,0,0,1,3.937,8.881
2265,0.000,-1.637,7.152,0.126,3.961,8.939,0.778,-15.854,-7.811,0.000,4.751,8.982,1.694,0.134,0.000,0.209,-0.132,3,-0.983,-0.903,0,0,0,0,3.937,8.881
2266,0.000,-1.615,7.152,0.137,3.956,8.977,0.900,-15.788,-7.811,0.005,4.725,8.963,1.877,0.134,0.000,0.209,-0.132,3,-0.984,-0.904,0,0,1,0,3.937,8.881
2267,0.000,-1.571,7.152,0.126,3.894,8.982,1.053,-15.744,-7.811,0.000,4.665,8.996,2.029,0.134,0.000,0.209,-0.132,3,-0.984,-0.904,0,1,0,3,3.937,8.881
2268,0.000,-1.571,7.152,0.137,3.830,9.071,1.083,-15.678,-7.811,-0.005,4.706,9.013,2.090,0.134,0.000,0.209,-0.132,3,-0.984,-0.903,0,0,0,6,3.937,8.972
2269,0.000,-1.549,7.152,0.093,3.786,9.111,1.053,-15.612,-7.811,0.000,4.684,8.994,2.182,0.134,0.000,0.209,-0.132,3,-0.985,-0.904,0,0,0,1,3.845,8.972
2270,0.000,-1.549,7.152,0.115,3.739,9.075,1.022,-15.568,-7.811,-0.005,4.615,9.049,2.274,0.134,0.000,0.209,-0.132,3,-0.983,-0.904,0,0,0,0,3.754,9.064
2271,0.000,-1.549,7.152,0.137,3.698,9.080,1.083,-15.524,-7.811,0.005,4.598,9.104,2.304,0.134,0.000,0.209,-0.132,3,-0.984,-0.903,0,0,0,2,3.754,9.064
2272,0.000,-1.571,7.152,0.115,3.686,9.142,1.328,-15.480,-7.811,0.000,4.533,9.068,2.304,0.134,0.000,0.209,-0.132,3,-0.984,-0.904,0,0,0,1,3.662,9.064
2273,0.000,-1.571,7.152,0.115,3.696,9.145,1.389,-15.458,-7.811,0.000,4.493,9.080,2.426,0.134,0.000,0.209,-0.132,3,-0.983,-0.904,0,0,0,1,3.662,9.064
2274,0.000,-1.571,7.152,0.137,3.674,9.164,1.480,-15.414,-7.811,0.000,4.481,9.121,2.548,0.134,0.000,0.209,-0.132,3,-0.986,-0.904,1,0,0,1,3.662,9.064
2275,0.000,-1.593,7.152,0.115,3.655,9.250,1.694,-15.392,-7.811,0.005,4.404,9.138,2.579,0.134,0.000,0.209,-0.132,3,-0.986,-0.904,0,1,0,0,3.662,9.064
2276,0.000,-1.615,7.152,0.126,3.463,9.217,1.663,-15.392,-7.811,0.000,4.342,9.135,2.609,0.134,0.000,0.209,-0.132,3,-0.984,-0.905,0,0,2,0,3.662,9.155
2277,0.000,-1.637,7.152,0.148,3.473,9.286,1.724,-15.370,-7.811,0.000,4.344,9.140,2.640,0.134,0.000,0.209,-0.132,3,-0.983,-0.904,0,0,3,0,3.571,9.247
2278,0.000,-1.681,7.152,0.126,3.375,9.293,1.877,-15.348,-7.811,0.000,4.385,9.159,2.487,0.134,0.000,0.209,-0.132,3,-0.983,-0.905,0,0,0,0,3.388,9.155
2279,0.000,-1.725,7.152,0.115,3.272,9.269,1.938,-15.348,-7.811,-0.005,4.294,9.195,2.518,0.134,0.000,0.209,-0.132,3,-0.984,-0.905,0,0,0,0,3.388,9.247
2280,0.000,-1.791,7.152,0.137,3.288,9.303,2.090,-15.348,-7.811,-0.005,4.251,9.209,2.609,0.134,0.000,0.209,-0.132,3,-0.984,-0.904,0,1,0,1,3.296,9.247
2281,0.000,-1.835,7.152,0.115,3.274,9.303,2.182,-15.348,-7.811,0.000,4.268,9.202,2.731,0.134,0.000,0.209,-0.132,3,-0.984,-0.906,0,0,0,0,3.204,9.247
2282,0.000,-1.879,7.152,0.126,3.193,9.300,2.152,-15.348,-7.811,0.005,4.167,9.241,2.792,0.134,0.000,0.209,-0.132,3,-0.984,-0.905,0,0,2,0,3.204,9.247
2283,0.000,-1.945,7.152,0.126,3.142,9.360,2.243,-15.370,-7.811,0.000,4.095,9.265,2.792,0.134,0.000,0.209,-0.132,3,-0.984,-0.904,0,0,0,0,3.204,9.247
2284,0.000,-2.011,7.152,0.126,3.118,9.403,2.243,-15.370,-7.811,0.000,4.071,9.255,2.853,0.134,0.000,0.209,-0.132,3,-0.984,-0.905,2,0,1,0,3.113,9.247
2285,0.000,-2.076,7.152,0.137,3.104,9.399,2.182,-15.392,-7.811,0.005,4.004,9.209,2.884,0.134,0.000,0.209,-0.132,3,-0.984,-0.905,0,2,1,0,3.113,9.339
2286,0.000,-2.164,7.152,0.137,3.044,9.389,2.213,-15.436,-7.811,-0.005,3.940,9.229,2.976,0.134,0.000,0.209,-0.132,3,-0.984,-0.906,6,0,1,0,3.113,9.339
2287,0.000,-2.230,7.152,0.137,2.975,9.401,2.335,-15.458,-7.811,0.016,3.913,9.253,2.976,0.134,0.000,0.209,-0.132,3,-0.985,-0.905,0,3,1,0,3.021,9.339
2288,0.000,-2.318,7.152,0.104,2.937,9.434,2.579,-15.502,-7.811,0.005,3.858,9.236,2.976,0.134,0.000,0.209,-0.132,3,-0.985,-0.903,0,0,0,1,3.021,9.339
2289,0.000,-2.406,7.152,0.137,2.858,9.444,2.640,-15.524,-7.811,-0.005,3.830,9.276,2.853,0.134,0.000,0.209,-0.132,3,-0.985,-0.905,0,0,0,0,2.930,9.339
2290,0.000,-2.494,7.152,0.137,2.786,9.456,2.670,-15.568,-7.811,0.005,3.777,9.310,2.853,0.134,0.000,0.209,-0.132,3,-0.984,-0.906,0,0,0,0,2.930,9.430
2291,0.000,-2.582,7.152,0.104,2.795,9.482,2.670,-15.634,-7.811,0.000,3.667,9.303,2.823,0.134,0.000,0.209,-0.132,3,-0.985,-0.906,1,0,0,0,2.838,9.430
2292,0.000,-2.670,7.152,0.115,2.814,9.463,2.701,-15.678,-7.811,0.000,3.626,9.296,2.762,0.134,0.000,0.209,-0.132,3,-0.984,-0.906,0,1,2,0,2.747,9.430
2293,0.000,-2.758,7.152,0.104,2.822,9.473,2.701,-15.744,-7.811,0.000,3.573,9.276,2.640,0.134,0.000,0.209,-0.132,3,-0.984,-0.905,0,0,1,0,2.747,9.430
2294,0.000,-2.846,7.152,0.126,2.891,9.497,2.792,-15.810,-7.811,0.000,3.463,9.296,2.457,0.134,0.000,0.209,-0.132,3,-0.983,-0.906,0,0,0,0,2.747,9.430
2295,0.000,-2.933,7.152,0.115,2.788,9.470,2.792,-15.897,-7.811,0.000,3.377,9.344,2.457,0.134,0.000,0.209,-0.132,3,-0.984,-0.906,1,0,0,0,2.747,9.430
2296,0.000,-3.021,7.152,0.126,2.570,9.514,2.884,-15.963,-7.811,-0.016,3.482,9.281,2.518,0.134,0.000,0.209,-0.132,3,-0.983,-0.906,0,1,4,0,2.838,9.430
2297,0.000,-3.131,7.152,0.126,2.544,9.564,2.945,-16.051,-7.811,0.000,3.379,9.298,2.487,0.134,0.000,0.209,-0.132,3,-0.984,-0.906,0,0,5,0,2.747,9.430
2298,0.000,-3.241,7.152,0.115,2.613,9.540,2.823,-16.117,-7.811,0.016,3.324,9.308,2.335,0.134,0.000,0.209,-0.132,3,-0.985,-0.906,0,0,2,0,2.564,9.430
2299,0.000,-3.351,7.152,0.126,2.620,9.573,2.762,-16.205,-7.811,0.000,3.341,9.300,2.335,0.134,0.000,0.209,-0.132,3,-0.983,-0.906,0,0,1,0,2.472,9.522
2300,0.000,-3.439,7.152,0.115,2.597,9.628,2.670,-16.271,-7.811,0.016,3.329,9.255,2.426,0.134,0.000,0.209,-0.132,3,-0.984,-0.906,1,0,0,0,2.564,9.522
2301,0.000,-3.549,7.152,0.126,2.616,9.631,2.670,-16.359,-7.811,0.005,3.322,9.217,2.304,0.134,0.000,0.209,-0.132,3,-0.984,-0.906,0,0,0,2,2.564,9.522
2302,0.000,-3.637,7.152,0.126,2.587,9.597,2.670,-16.425,-7.811,0.000,3.272,9.224,2.213,0.134,0.000,0.209,-0.132,3,-0.985,-0.907,0,0,1,3,2.564,9.613
2303,0.000,-3.746,7.152,0.093,2.527,9.571,2.701,-16.513,-7.811,0.000,3.138,9.241,2.152,0.134,0.000,0.209,-0.132,3,-0.984,-0.906,1,0,0,0,2.564,9.613
2304,0.000,-3.856,7.152,0.126,2.501,9.578,2.701,-16.601,-7.811,0.000,3.066,9.164,2.060,0.134,0.000,0.209,-0.132,3,-0.983,-0.907,0,0,0,0,2.564,9.522
2305,0.000,-3.944,7.152,0.126,2.453,9.588,2.579,-16.710,-7.811,0.005,3.044,9.152,2.060,0.134,0.000,0.209,-0.132,3,-0.984,-0.907,0,0,1,0,2.472,9.522
2306,0.000,-4.054,7.152,0.115,2.417,9.576,2.518,-16.798,-7.811,0.016,2.956,9.248,1.907,0.134,0.000,0.209,-0.132,3,-0.984,-0.907,0,1,0,3,2.472,9.522
2307,0.000,-4.164,7.152,0.126,2.395,9.557,2.579,-16.908,-7.811,0.000,2.932,9.241,1.663,0.134,0.000,0.209,-0.132,3,-0.984,-0.907,0,0,0,0,2.380,9.522
2308,0.000,-4.274,7.152,0.126,2.410,9.545,2.579,-16.996,-7.811,0.005,2.994,9.200,1.602,0.134,0.000,0.209,-0.132,3,-0.984,-0.907,0,0,0,0,2.380,9.522
2309,0.000,-4.384,7.152,0.115,2.508,9.583,2.487,-17.106,-7.811,0.005,2.989,9.224,1.633,0.134,0.000,0.209,-0.132,3,-0.983,-0.907,0,2,0,1,2.380,9.522
2310,0.000,-4.472,7.152,0.115,2.486,9.612,2.518,-17.194,-7.811,0.000,2.932,9.250,1.419,0.134,0.000,0.209,-0.132,3,-0.984,-0.907,0,0,0,2,2.380,9.522
2311,0.000,-4.559,7.152,0.115,2.352,9.602,2.518,-17.304,-7.811,0.005,2.898,9.298,1.328,0.134,0.000,0.209,-0.132,3,-0.984,-0.907,0,0,0,1,2.472,9.522
2312,0.000,-4.669,7.152,0.126,2.288,9.616,2.426,-17.392,-7.811,0.000,2.858,9.315,1.205,0.134,0.000,0.209,-0.132,3,-0.984,-0.908,0,0,0,1,2.472,9.522
2313,0.000,-4.779,7.152,0.115,2.307,9.624,2.426,-17.501,-7.811,0.016,2.877,9.293,1.114,0.134,0.000,0.209,-0.132,3,-0.986,-0.908,1,0,0,1,2.289,9.522
2314,0.000,-4.889,7.152,0.126,2.316,9.645,2.152,-17.611,-7.811,0.000,2.922,9.293,0.961,0.134,0.000,0.209,-0.132,3,-0.987,-0.908,0,2,0,0,2.289,9.613
2315,0.000,-4.999,7.152,0.126,2.249,9.686,1.999,-17.699,-7.811,-0.005,2.860,9.288,0.626,0.134,0.000,0.209,-0.132,3,-0.984,-0.908,0,0,1,0,2.289,9.613
2316,0.000,-5.109,7.152,0.115,2.252,9.731,2.121,-17.787,-7.811,-0.005,2.807,9.312,0.473,0.134,0.000,0.209,-0.132,3,-0.986,-0.908,0,0,3,0,2.289,9.613
2317,0.000,-5.219,7.152,0.115,2.307,9.719,2.029,-17.897,-7.811,0.000,2.819,9.327,0.473,0.134,0.000,0.209,-0.132,3,-0.985,-0.909,0,0,0,0,2.197,9.613
2318,0.000,-5.306,7.152,0.126,2.343,9.650,1.846,-18.007,-7.811,-0.005,2.817,9.327,0.534,0.134,0.000,0.209,-0.132,3,-0.988,-0.908,5,0,0,0,2.197,9.705
2319,0.000,-5.394,7.152,0.115,2.374,9.636,1.694,-18.095,-7.811,-0.016,2.769,9.329,0.320,0.134,0.000,0.209,-0.132,3,-0.984,-0.908,0,0,0,1,2.289,9.705
2320,0.000,-5.482,7.152,0.115,2.398,9.679,1.633,-18.205,-7.811,0.005,2.755,9.329,0.198,0.134,0.000,0.209,-0.132,3,-0.984,-0.910,0,0,1,0,2.289,9.613
2321,0.000,-5.570,7.152,0.115,2.357,9.686,1.480,-18.293,-7.811,0.005,2.838,9.312,0.259,0.134,0.000,0.209,-0.132,3,-0.984,-0.908,0,2,2,0,2.289,9.613
2322,0.000,-5.658,7.152,0.115,2.333,9.652,1.236,-18.380,-7.811,0.000,2.901,9.312,0.137,0.134,0.000,0.209,-0.132,3,-0.984,-0.908,0,0,0,0,2.380,9.613
2323,0.000,-5.746,7.152,0.115,2.376,9.636,1.053,-18.468,-7.811,-0.005,2.898,9.332,0.015,0.134,0.000,0.209,-0.132,3,-0.985,-0.908,3,0,0,0,2.289,9.613
2324,0.000,-5.834,7.152,0.137,2.400,9.648,0.900,-18.534,-7.811,0.016,2.891,9.276,-0.015,0.134,0.000,0.209,-0.132,3,-0.985,-0.909,0,1,0,0,2.289,9.613
2325,0.000,-5.900,7.152,0.126,2.443,9.681,0.778,-18.622,-7.811,0.000,2.893,9.265,-0.168,0.134,0.000,0.209,-0.132,3,-0.984,-0.909,6,0,0,0,2.289,9.613
2326,0.000,-5.966,7.152,0.137,2.455,9.686,0.626,-18.688,-7.811,0.000,2.874,9.293,-0.290,0.134,0.000,0.209,-0.132,3,-0.985,-0.908,0,2,3,0,2.380,9.613
2327,0.000,-6.032,7.152,0.137,2.479,9.710,0.412,-18.776,-7.811,0.000,2.903,9.286,-0.290,0.134,0.000,0.209,-0.132,3,-0.985,-0.910,0,0,1,0,2.380,9.613
2328,0.000,-6.098,7.152,0.126,2.544,9.717,0.443,-18.842,-7.811,0.000,2.908,9.284,-0.381,0.134,0.000,0.209,-0.132,3,-0.985,-0.908,0,0,0,0,2.380,9.613
2329,0.000,-6.163,7.152,0.126,2.609,9.724,0.168,-18.908,-7.811,-0.005,2.927,9.265,-0.412,0.134,0.000,0.209,-0.132,3,-0.984,-0.909,0,0,1,0,2.472,9.705
2330,0.000,-6.207,7.152,0.115,2.609,9.770,-0.107,-18.974,-7.811,0.000,2.970,9.217,-0.534,0.134,0.000,0.209,-0.132,3,-0.985,-0.908,2,0,2,0,2.472,9.705
2331,0.000,-6.251,7.152,0.126,2.620,9.803,-0.290,-19.040,-7.811,-0.005,2.920,9.190,-0.717,0.134,0.000,0.209,-0.132,3,-0.984,-0.908,0,1,2,0,2.564,9.705
2332,0.000,-6.295,7.152,0.126,2.690,9.834,-0.534,-19.084,-7.811,-0.005,2.920,9.176,-0.870,0.134,0.000,0.209,-0.132,3,-0.984,-0.908,0,0,2,0,2.564,9.705
2333,0.000,-6.339,7.152,0.115,2.707,9.839,-0.748,-19.149,-7.811,0.000,2.960,9.166,-0.961,0.134,0.000,0.209,-0.132,3,-0.983,-0.908,0,0,0,0,2.564,9.796
2334,0.000,-6.383,7.152,0.115,2.743,9.827,-0.778,-19.193,-7.811,-0.005,2.994,9.162,-1.144,0.134,0.000,0.209,-0.132,3,-0.984,-0.908,0,0,0,0,2.655,9.796
2335,0.000,-6.405,7.152,0.126,2.769,9.853,-0.931,-19.237,-7.811,0.000,3.016,9.133,-1.205,0.134,0.000,0.209,-0.132,3,-0.983,-0.908,0,1,1,0,2.655,9.796
2336,0.000,-6.427,7.152,0.115,2.786,9.892,-1.205,-19.281,-7.811,-0.005,3.037,9.128,-1.266,0.134,0.000,0.209,-0.132,3,-0.984,-0.908,0,2,0,0,2.655,9.796
2337,0.000,-6.471,7.152,0.137,2.819,9.887,-1.266,-19.325,-7.811,0.000,3.075,9.123,-1.480,0.134,0.000,0.209,-0.132,3,-0.984,-0.908,0,0,1,1,2.747,9.796
2338,0.000,-6.493,7.152,0.126,2.807,9.875,-1.205,-19.369,-7.811,0.005,3.075,9.121,-1.572,0.134,0.000,0.209,-0.132,3,-0.984,-0.908,0,0,0,0,2.747,9.888
2339,0.000,-6.515,7.152,0.126,2.788,9.897,-1.297,-19.413,-7.811,-0.005,2.999,9.109,-1.633,0.134,0.000,0.209,-0.132,3,-0.984,-0.909,0,0,1,0,2.747,9.888
2340,0.000,-6.559,7.152,0.115,2.762,9.944,-1.572,-19.435,-7.811,-0.005,3.130,9.128,-1.785,0.134,0.000,0.209,-0.132,3,-0.984,-0.909,0,0,2,0,2.747,9.796
2341,0.000,-6.581,7.152,0.115,2.829,9.985,-1.541,-19.479,-7.811,0.005,3.059,9.145,-1.968,0.134,0.000,0.209,-0.132,3,-0.984,-0.908,0,0,1,2,2.747,9.888
2342,0.000,-6.603,7.152,0.126,2.819,9.978,-1.663,-19.501,-7.811,0.005,3.061,9.154,-2.060,0.134,0.000,0.209,-0.132,3,-0.984,-0.908,1,0,0,0,2.747,9.888
2343,0.000,-6.647,7.152,0.126,2.611,9.954,-1.755,-19.545,-7.811,0.005,3.123,9.157,-2.152,0.134,0.000,0.209,-0.132,3,-0.983,-0.909,0,0,1,0,2.747,9.979
2344,0.000,-6.691,7.152,0.126,2.644,9.959,-1.663,-19.567,-7.811,0.000,3.193,9.106,-2.274,0.134,0.000,0.209,-0.132,3,-0.984,-0.910,0,0,0,0,2.747,9.888
2345,0.000,-6.713,7.152,0.126,2.661,9.921,-1.602,-19.589,-7.811,0.000,3.238,9.095,-2.182,0.134,0.000,0.209,-0.132,3,-0.985,-0.909,0,0,1,3,2.564,9.888
2346,0.000,-6.757,7.152,0.126,2.666,9.889,-1.450,-19.589,-7.811,0.000,3.274,9.150,-2.274,0.134,0.000,0.209,-0.132,3,-0.984,-0.909,0,0,0,0,2.564,9.888
2347,0.000,-6.801,7.152,0.126,2.649,9.801,-1.450,-19.611,-7.811,0.000,3.336,9.166,-2.396,0.134,0.000,0.209,-0.132,3,-0.984,-0.909,1,0,0,0,2.655,9.888
2348,0.000,-6.823,7.152,0.126,2.563,9.676,-1.602,-19.611,-7.811,0.000,3.406,9.157,-2.396,0.134,0.000,0.209,-0.132,3,-0.984,-0.909,0,0,0,0,2.655,9.888
2349,0.000,-6.867,7.152,0.126,2.508,9.602,-1.663,-19.589,-7.811,0.005,3.468,9.133,-2.274,0.134,0.000,0.209,-0.132,3,-0.983,-0.908,0,0,1,1,2.564,9.796
2350,0.000,-6.911,7.152,0.115,2.549,9.569,-1.602,-19.589,-7.811,0.000,3.502,9.142,-2.213,0.134,0.000,0.209,-0.132,3,-0.984,-0.909,0,0,0,2,2.564,9.613
2351,0.000,-6.954,7.152,0.126,2.556,9.497,-1.694,-19.567,-7.811,0.005,3.480,9.185,-2.274,0.134,0.000,0.209,-0.132,3,-0.983,-0.910,0,0,0,0,2.472,9.522
2352,0.000,-6.976,7.152,0.137,2.319,9.394,-1.999,-19.567,-7.811,0.000,3.444,9.188,-2.426,0.134,0.000,0.209,-0.132,3,-0.986,-0.909,1,0,0,1,2.472,9.522
2353,0.000,-7.042,7.152,0.115,2.259,9.408,-2.426,-19.567,-7.811,0.000,3.473,9.150,-2.335,0.134,0.000,0.209,-0.132,3,-0.988,-0.909,0,3,0,0,2.472,9.430
2354,0.000,-7.108,7.152,0.115,2.288,9.389,-2.640,-19.545,-7.811,-0.016,3.509,9.128,-2.274,0.134,0.000,0.209,-0.132,3,-0.983,-0.910,0,0,2,1,2.289,9.339
2355,0.000,-7.152,7.152,0.115,2.283,9.415,-2.731,-19.545,-7.811,0.005,3.430,9.130,-2.243,0.134,0.000,0.209,-0.132,3,-0.983,-0.909,0,0,2,0,2.197,9.339
2356,0.000,-7.196,7.152,0.126,2.395,9.454,-2.853,-19.545,-7.811,-0.005,3.375,9.159,-2.365,0.134,0.000,0.209,-0.132,3,-0.987,-0.909,0,0,0,0,2.289,9.339
2357,0.000,-7.240,7.152,0.115,2.482,9.399,-3.006,-19.545,-7.811,-0.005,3.365,9.193,-2.518,0.134,0.000,0.209,-0.132,3,-0.986,-0.910,3,0,0,0,2.197,9.339
2358,0.000,-7.262,7.152,0.137,2.486,9.367,-2.976,-19.545,-7.811,0.000,3.344,9.159,-2.670,0.134,0.000,0.209,-0.132,3,-0.986,-0.909,0,2,0,0,2.380,9.430
2359,0.000,-7.306,7.152,0.104,2.486,9.387,-3.067,-19.545,-7.811,0.000,3.327,9.106,-2.823,0.134,0.000,0.209,-0.132,3,-0.984,-0.910,3,0,0,1,2.472,9.339
2360,0.000,-7.328,7.152,0.126,2.632,9.425,-3.037,-19.545,-7.811,0.000,3.332,9.063,-3.159,0.134,0.000,0.209,-0.132,3,-0.984,-0.909,0,0,3,0,2.472,9.339
2361,0.000,-7.328,7.152,0.137,2.843,9.406,-3.189,-19.545,-7.811,0.016,3.332,9.035,-3.403,0.134,0.000,0.209,-0.132,3,-0.985,-0.908,0,0,0,0,2.472,9.339
2362,0.000,-7.306,7.152,0.126,2.963,9.382,-3.372,-19.545,-7.811,0.005,3.384,9.001,-3.342,0.134,0.000,0.209,-0.132,3,-0.984,-0.910,1,0,0,0,2.564,9.339
2363,0.000,-7.284,7.152,0.126,2.975,9.413,-3.433,-19.545,-7.811,0.005,3.480,8.934,-3.464,0.134,0.000,0.209,-0.132,3,-0.984,-0.910,0,1,1,0,2.838,9.339
2364,0.000,-7.262,7.152,0.126,3.039,9.494,-3.677,-19.523,-7.811,0.005,3.561,8.877,-3.647,0.134,0.000,0.209,-0.132,3,-0.984,-0.910,1,0,0,1,2.930,9.339
2365,0.000,-7.240,7.152,0.115,3.102,9.537,-3.983,-19.479,-7.811,-0.016,3.609,8.872,-3.708,0.134,0.000,0.209,-0.132,3,-0.985,-0.910,0,4,2,0,2.930,9.339
2366,0.000,-7.196,7.152,0.126,3.145,9.588,-4.135,-19.435,-7.811,0.000,3.667,8.855,-3.586,0.134,0.000,0.209,-0.132,3,-0.985,-0.911,0,0,1,0,3.021,9.430
2367,0.000,-7.174,7.152,0.126,3.224,9.700,-4.471,-19.413,-7.811,0.000,3.691,8.848,-3.494,0.134,0.000,0.209,-0.132,3,-0.984,-0.910,0,0,1,0,3.021,9.522
2368,0.000,-7.130,7.152,0.137,3.245,9.803,-4.715,-19.369,-7.811,0.005,3.605,8.886,-3.586,0.134,0.000,0.209,-0.132,3,-0.985,-0.910,0,0,0,0,3.113,9.522
2369,0.000,-7.086,7.152,0.126,3.241,9.832,-4.746,-19.347,-7.811,0.000,3.545,8.884,-3.616,0.134,0.000,0.209,-0.132,3,-0.984,-0.910,1,0,2,0,3.204,9.613
2370,0.000,-7.064,7.152,0.126,3.324,9.839,-4.593,-19.325,-7.811,0.005,3.554,8.853,-3.677,0.134,0.000,0.209,-0.132,3,-0.984,-0.910,0,1,2,0,3.204,9.796
2371,0.000,-7.020,7.152,0.126,3.492,9.899,-4.440,-19.281,-7.811,-0.005,3.593,8.860,-3.769,0.134,0.000,0.209,-0.132,3,-0.984,-0.909,0,0,2,0,3.204,9.796
2372,0.000,-6.954,7.152,0.126,3.628,10.007,-4.318,-19.259,-7.811,0.000,3.564,8.877,-3.861,0.134,0.000,0.209,-0.132,3,-0.983,-0.910,0,0,0,0,3.296,9.796
2373,0.000,-6.889,7.152,0.126,3.676,10.050,-4.135,-19.237,-7.811,0.016,3.540,8.898,-3.708,0.134,0.000,0.209,-0.132,3,-0.984,-0.910,0,0,0,0,3.479,9.888
2374,0.000,-6.823,7.152,0.126,3.717,10.031,-4.013,-19.215,-7.811,-0.005,3.557,8.920,-3.708,0.134,0.000,0.209,-0.132,3,-0.984,-0.910,0,1,1,0,3.571,9.979
2375,0.000,-6.757,7.152,0.137,3.741,9.997,-3.891,-19.193,-7.811,0.000,3.619,8.944,-3.677,0.134,0.000,0.209,-0.132,3,-0.983,-0.910,0,0,5,0,3.662,9.979
2376,0.000,-6.691,7.152,0.148,3.779,9.992,-3.738,-19.149,-7.811,0.000,3.727,8.984,-3.738,0.134,0.000,0.209,-0.132,3,-0.985,-0.908,0,0,0,1,3.662,9.979
2377,0.000,-6.625,7.152,0.126,3.794,9.988,-3.525,-19.127,-7.811,-0.005,3.830,9.004,-3.677,0.134,0.000,0.209,-0.132,3,-0.984,-0.910,0,0,0,0,3.662,9.979
2378,0.000,-6.559,7.152,0.126,3.767,9.954,-3.403,-19.062,-7.811,0.005,3.906,8.984,-3.586,0.134,0.000,0.209,-0.132,3,-0.984,-0.911,1,0,0,0,3.754,9.979
2379,0.000,-6.471,7.152,0.115,3.763,9.839,-3.433,-19.018,-7.811,0.000,4.004,8.999,-3.189,0.134,0.000,0.209,-0.132,3,-0.984,-0.911,0,0,1,2,3.754,9.979
2380,0.000,-6.405,7.152,0.126,3.827,9.746,-3.403,-18.952,-7.811,-0.005,4.103,9.068,-3.128,0.134,0.000,0.209,-0.132,3,-0.984,-0.911,0,0,1,2,3.754,9.888
2381,0.000,-6.317,7.152,0.104,3.901,9.679,-3.372,-18.886,-7.811,0.005,4.134,9.106,-3.250,0.134,0.000,0.209,-0.132,3,-0.984,-0.910,0,0,0,0,3.754,9.796
2382,0.000,-6.229,7.152,0.126,3.904,9.566,-3.464,-18.820,-7.811,-0.005,4.165,9.135,-3.128,0.134,0.000,0.209,-0.132,3,-0.983,-0.911,0,0,0,0,3.754,9.705
2383,0.000,-6.141,7.152,0.115,3.923,9.458,-3.464,-18.754,-7.811,0.005,4.265,9.188,-2.945,0.134,0.000,0.209,-0.132,3,-0.984,-0.912,0,0,0,0,3.845,9.613
2384,0.000,-6.054,7.152,0.126,3.909,9.341,-3.220,-18.688,-7.811,0.000,4.273,9.162,-2.823,0.134,0.000,0.209,-0.132,3,-0.985,-0.911,0,1,0,4,3.845,9.522
2385,0.000,-5.944,7.152,0.126,3.928,9.238,-3.159,-18.600,-7.811,0.000,4.261,9.145,-2.762,0.134,0.000,0.209,-0.132,3,-0.984,-0.911,0,0,0,0,3.845,9.430
2386,0.000,-5.856,7.152,0.137,3.913,9.154,-3.281,-18.534,-7.811,0.005,4.270,9.166,-2.792,0.134,0.000,0.209,-0.132,3,-0.984,-0.911,0,0,0,0,3.845,9.339
2387,0.000,-5.746,7.152,0.126,3.930,9.095,-3.525,-18.468,-7.811,0.000,4.332,9.174,-2.731,0.134,0.000,0.209,-0.132,3,-0.983,-0.912,0,0,0,0,3.845,9.155
2388,0.000,-5.636,7.152,0.126,3.985,9.020,-3.647,-18.402,-7.811,0.005,4.404,9.145,-2.548,0.134,0.000,0.209,-0.132,3,-0.985,-0.911,0,0,1,2,3.845,9.155
2389,0.000,-5.526,7.152,0.115,3.911,8.901,-3.586,-18.314,-7.811,0.005,4.447,9.116,-2.426,0.134,0.000,0.209,-0.132,3,-0.985,-0.911,0,0,0,1,3.845,9.064
2390,0.000,-5.438,7.152,0.126,3.911,8.843,-3.525,-18.227,-7.811,0.000,4.476,9.106,-2.335,0.134,0.000,0.209,-0.132,3,-0.984,-0.912,0,0,0,1,3.937,8.972
2391,0.000,-5.328,7.152,0.126,3.968,8.829,-3.647,-18.139,-7.811,-0.005,4.502,9.092,-2.182,0.134,0.000,0.209,-0.132,3,-0.987,-0.912,1,0,0,2,3.845,8.881
2392,0.000,-5.219,7.152,0.126,3.947,8.812,-3.769,-18.051,-7.811,0.016,4.428,9.102,-2.213,0.134,0.000,0.209,-0.132,3,-0.986,-0.911,0,1,0,0,3.845,8.789
2393,0.000,-5.109,7.152,0.126,3.940,8.798,-3.799,-17.985,-7.811,-0.005,4.399,9.083,-2.274,0.134,0.000,0.209,-0.132,3,-0.984,-0.913,0,0,1,1,3.937,8.789
2394,0.000,-4.999,7.152,0.137,3.983,8.769,-3.769,-17.897,-7.811,0.005,4.481,9.066,-2.335,0.134,0.000,0.209,-0.132,3,-0.983,-0.912,0,0,4,0,3.937,8.789
2395,0.000,-4.889,7.152,0.115,3.992,8.755,-3.769,-17.831,-7.811,0.000,4.486,9.056,-2.213,0.134,0.000,0.209,-0.132,3,-0.985,-0.913,0,0,0,0,3.937,8.789
2396,0.000,-4.779,7.152,0.126,4.019,8.699,-3.769,-17.743,-7.811,0.005,4.512,8.944,-1.907,0.134,0.000,0.209,-0.132,3,-0.987,-0.912,5,0,0,0,3.937,8.698
2397,0.000,-4.669,7.152,0.126,4.079,8.637,-3.799,-17.655,-7.811,-0.005,4.639,8.836,-1.877,0.134,0.000,0.209,-0.132,3,-0.986,-0.912,0,1,0,0,3.937,8.698
2398,0.000,-4.559,7.152,0.148,4.088,8.640,-3.647,-17.545,-7.811,0.005,4.636,8.910,-1.877,0.134,0.000,0.209,-0.132,3,-0.984,-0.914,0,0,0,0,3.937,8.698
2399,0.000,-4.428,7.152,0.137,4.024,8.680,-3.769,-17.458,-7.811,0.000,4.486,9.068,-1.724,0.134,0.000,0.209,-0.132,3,-0.984,-0.912,0,3,2,0,4.028,8.606
2400,0.000,-4.340,7.152,0.115,4.059,8.680,-3.769,-17.392,-7.811,-0.005,4.481,9.073,-1.785,0.134,0.000,0.209,-0.132,3,-0.984,-0.911,0,0,0,1,4.028,8.606
2401,0.000,-4.230,7.152,0.126,4.138,8.640,-3.586,-17.326,-7.811,0.000,4.483,8.970,-1.816,0.134,0.000,0.209,-0.132,3,-0.984,-0.912,2,0,0,0,3.937,8.606
2402,0.000,-4.098,7.152,0.126,4.215,8.671,-3.403,-17.260,-7.811,0.000,4.411,8.977,-1.785,0.134,0.000,0.209,-0.132,3,-0.984,-0.913,0,2,1,0,4.028,8.606
2403,0.000,-3.988,7.152,0.115,4.356,8.817,-3.342,-17.194,-7.811,-0.016,4.443,9.011,-1.694,0.134,0.000,0.209,-0.132,3,-0.985,-0.913,2,0,0,1,4.120,8.606
2404,0.000,-3.856,7.152,0.126,4.447,8.884,-3.220,-17.106,-7.811,-0.005,4.517,9.001,-1.663,0.134,0.000,0.209,-0.132,3,-0.984,-0.913,0,4,2,0,4.211,8.606
2405,0.000,-3.724,7.152,0.115,4.522,8.831,-2.945,-17.040,-7.811,0.000,4.541,9.030,-1.541,0.134,0.000,0.209,-0.132,3,-0.985,-0.913,0,0,0,0,4.303,8.789
2406,0.000,-3.593,7.152,0.115,4.421,8.819,-2.701,-16.974,-7.811,0.000,4.603,9.044,-1.236,0.134,0.000,0.209,-0.132,3,-0.985,-0.912,0,0,0,0,4.395,8.881
2407,0.000,-3.483,7.152,0.115,4.258,8.860,-2.640,-16.886,-7.811,0.000,4.703,9.051,-0.992,0.134,0.000,0.209,-0.132,3,-0.985,-0.913,0,0,0,0,4.486,8.789
2408,0.000,-3.395,7.152,0.115,4.237,8.862,-2.609,-16.798,-7.811,0.005,4.730,9.039,-1.053,0.134,0.000,0.209,-0.132,3,-0.985,-0.913,2,0,0,0,4.395,8.789
2409,0.000,-3.285,7.152,0.126,4.273,8.846,-2.609,-16.732,-7.811,0.000,4.744,9.051,-0.992,0.134,0.000,0.209,-0.132,3,-0.985,-0.913,0,1,0,1,4.211,8.789
2410,0.000,-3.175,7.152,0.115,4.608,8.874,-2.396,-16.645,-7.811,0.000,4.756,9.087,-0.778,0.134,0.000,0.209,-0.132,3,-0.984,-0.912,0,0,1,0,4.211,8.789
2411,0.000,-3.043,7.152,0.115,4.617,8.857,-2.243,-16.557,-7.811,0.000,4.756,9.085,-0.656,0.134,0.000,0.209,-0.132,3,-0.983,-0.913,0,0,0,0,4.211,8.789
2412,0.000,-2.911,7.152,0.126,4.584,8.824,-2.121,-16.491,-7.811,-0.005,4.775,9.114,-0.595,0.134,0.000,0.209,-0.132,3,-0.984,-0.913,0,0,0,0,4.578,8.789
2413,0.000,-2.780,7.152,0.137,4.608,8.795,-1.999,-16.403,-7.811,-0.005,4.751,9.133,-0.534,0.134,0.000,0.209,-0.132,3,-0.983,-0.913,0,1,4,0,4.578,8.789
2414,0.000,-2.670,7.152,0.126,4.672,8.788,-1.816,-16.337,-7.811,0.000,4.703,9.114,-0.259,0.134,0.000,0.209,-0.132,3,-0.984,-0.913,0,1,1,0,4.578,8.789
2415,0.000,-2.538,7.152,0.126,4.622,8.788,-1.602,-16.271,-7.811,0.000,4.694,9.121,0.000,0.134,0.000,0.209,-0.132,3,-0.985,-0.911,0,0,0,2,4.578,8.789
2416,0.000,-2.428,7.152,0.126,4.565,8.834,-1.389,-16.205,-7.811,0.000,4.696,9.171,0.015,0.134,0.000,0.209,-0.132,3,-0.983,-0.913,0,0,0,0,4.669,8.698
2417,0.000,-2.318,7.152,0.115,4.591,8.850,-0.992,-16.139,-7.811,0.000,4.682,9.231,0.168,0.134,0.000,0.209,-0.132,3,-0.984,-0.914,1,0,1,0,4.578,8.698
2418,0.000,-2.208,7.152,0.115,4.605,8.879,-0.778,-16.095,-7.811,0.000,4.672,9.298,0.229,0.134,0.000,0.209,-0.132,3,-0.984,-0.913,0,0,1,0,4.486,8.789
2419,0.000,-2.098,7.152,0.115,4.620,8.901,-0.473,-16.051,-7.811,0.000,4.620,9.370,0.168,0.134,0.000,0.209,-0.132,3,-0.984,-0.914,0,1,0,0,4.578,8.789
2420,0.000,-1.989,7.152,0.115,4.668,8.889,-0.290,-16.007,-7.811,-0.005,4.629,9.434,0.259,0.134,0.000,0.209,-0.132,3,-0.984,-0.912,0,0,0,0,4.578,8.789
2421,0.000,-1.879,7.152,0.115,4.754,8.846,0.000,-15.963,-7.811,0.000,4.632,9.420,0.473,0.134,0.000,0.209,-0.132,3,-0.983,-0.914,0,0,0,0,4.578,8.881
2422,0.000,-1.747,7.152,0.137,4.713,8.790,0.198,-15.919,-7.811,0.000,4.591,9.375,0.595,0.134,0.000,0.209,-0.132,3,-0.984,-0.914,0,0,0,0,4.578,8.881
2423,0.000,-1.637,7.152,0.148,4.620,8.776,0.107,-15.875,-7.811,0.005,4.646,9.341,0.748,0.134,0.000,0.209,-0.132,3,-0.984,-0.914,0,1,1,3,4.669,8.789
2424,0.000,-1.549,7.152,0.137,4.593,8.762,0.198,-15.832,-7.811,0.000,4.687,9.372,0.931,0.134,0.000,0.209,-0.132,3,-0.984,-0.914,0,0,0,0,4.669,8.789
2425,0.000,-1.439,7.152,0.104,4.538,8.750,0.473,-15.788,-7.811,-0.005,4.656,9.403,1.144,0.134,0.000,0.209,-0.132,3,-0.984,-0.914,0,0,0,0,4.578,8.698
2426,0.000,-1.351,7.152,0.126,4.483,8.740,0.595,-15.766,-7.811,0.000,4.653,9.303,1.144,0.134,0.000,0.209,-0.132,3,-0.984,-0.914,0,1,0,2,4.578,8.698
2427,0.000,-1.263,7.152,0.115,4.538,8.762,0.748,-15.722,-7.811,0.005,4.610,9.255,1.328,0.134,0.000,0.209,-0.132,3,-0.984,-0.913,0,0,1,1,4.486,8.698
2428,0.000,-1.176,7.152,0.126,4.579,8.795,1.053,-15.678,-7.811,-0.005,4.632,9.243,1.511,0.134,0.000,0.209,-0.132,3,-0.984,-0.915,0,0,0,1,4.395,8.698
2429,0.000,-1.088,7.152,0.115,4.545,8.824,1.419,-15.634,-7.811,-0.005,4.648,9.300,1.663,0.134,0.000,0.209,-0.132,3,-0.986,-0.915,0,0,0,1,4.486,8.698
2430,0.000,-1.000,7.152,0.115,4.469,8.790,1.694,-15.612,-7.811,0.005,4.562,9.332,1.846,0.134,0.000,0.209,-0.132,3,-0.987,-0.915,2,0,0,1,4.578,8.789
2431,0.000,-0.934,7.152,0.126,4.402,8.774,1.877,-15.568,-7.811,0.016,4.462,9.303,1.907,0.134,0.000,0.209,-0.132,3,-0.984,-0.915,0,0,1,0,4.486,8.789
2432,0.000,-0.868,7.152,0.126,4.383,8.826,2.090,-15.546,-7.811,0.005,4.452,9.253,1.938,0.134,0.000,0.209,-0.132,3,-0.982,-0.916,0,0,1,1,4.395,8.789
2433,0.000,-0.802,7.152,0.148,4.378,8.846,2.213,-15.546,-7.811,0.000,4.440,9.255,2.152,0.134,0.000,0.209,-0.132,3,-0.983,-0.915,0,0,3,0,4.395,8.698
2434,0.000,-0.758,7.152,0.137,4.416,8.841,2.304,-15.524,-7.811,0.000,4.378,9.269,2.335,0.134,0.000,0.209,-0.132,3,-0.986,-0.915,0,0,0,0,4.303,8.789
2435,0.000,-0.692,7.152,0.115,4.373,8.841,2.548,-15.502,-7.811,0.016,4.409,9.209,2.365,0.134,0.000,0.209,-0.132,3,-0.987,-0.915,3,0,0,0,4.303,8.789
2436,0.000,-0.626,7.152,0.093,4.325,8.867,2.884,-15.480,-7.811,0.000,4.435,9.174,2.457,0.134,0.000,0.209,-0.132,3,-0.984,-0.915,0,0,0,0,4.395,8.789
2437,0.000,-0.582,7.152,0.115,4.347,8.881,3.037,-15.458,-7.811,0.005,4.397,9.154,2.579,0.134,0.000,0.209,-0.132,3,-0.984,-0.917,3,0,0,0,4.303,8.789
2438,0.000,-0.538,7.152,0.137,4.284,8.867,3.403,-15.436,-7.811,0.000,4.414,9.140,2.823,0.134,0.000,0.209,-0.132,3,-0.984,-0.915,0,2,2,0,4.303,8.789
2439,0.000,-0.494,7.152,0.126,4.189,8.862,3.403,-15.414,-7.811,-0.005,4.426,9.140,2.884,0.134,0.000,0.209,-0.132,3,-0.985,-0.917,0,0,2,0,4.303,8.881
2440,0.000,-0.472,7.152,0.126,4.189,8.913,3.525,-15.414,-7.811,-0.016,4.402,9.116,2.945,0.134,0.000,0.209,-0.132,3,-0.984,-0.915,2,0,0,0,4.211,8.789
2441,0.000,-0.450,7.152,0.126,4.227,8.970,3.830,-15.392,-7.811,0.000,4.378,9.042,3.067,0.134,0.000,0.209,-0.132,3,-0.985,-0.916,0,1,1,0,4.120,8.789
2442,0.000,-0.407,7.152,0.126,4.141,8.984,3.952,-15.370,-7.811,0.005,4.311,9.051,3.220,0.134,0.000,0.209,-0.132,3,-0.985,-0.916,4,0,0,1,4.120,8.881
2443,0.000,-0.407,7.152,0.137,4.012,9.018,3.952,-15.370,-7.811,0.005,4.215,9.111,3.250,0.134,0.000,0.209,-0.132,3,-0.985,-0.916,0,4,1,0,4.211,8.881
2444,0.000,-0.407,7.152,0.126,3.990,9.032,4.074,-15.370,-7.811,0.000,4.215,9.090,3.311,0.134,0.000,0.209,-0.132,3,-0.985,-0.915,0,0,0,0,4.120,8.972
2445,0.000,-0.385,7.152,0.137,3.992,9.011,4.410,-15.370,-7.811,0.005,4.215,9.080,3.342,0.134,0.000,0.209,-0.132,3,-0.985,-0.916,0,0,1,0,3.937,8.972
2446,0.000,-0.385,7.152,0.104,3.923,9.006,4.593,-15.370,-7.811,0.000,4.184,9.114,3.342,0.134,0.000,0.209,-0.132,3,-0.985,-0.916,0,0,0,0,3.937,8.972
2447,0.000,-0.407,7.152,0.126,3.861,9.085,4.654,-15.370,-7.811,0.000,4.194,9.169,3.281,0.134,0.000,0.209,-0.132,3,-0.984,-0.916,2,0,3,0,3.937,8.972
2448,0.000,-0.407,7.152,0.115,3.873,9.162,4.715,-15.370,-7.811,0.000,4.150,9.166,3.311,0.134,0.000,0.209,-0.132,3,-0.984,-0.916,0,2,3,0,3.845,8.972
2449,0.000,-0.428,7.152,0.115,3.770,9.145,4.868,-15.370,-7.811,0.005,4.189,9.109,3.433,0.134,0.000,0.209,-0.132,3,-0.984,-0.915,0,0,0,1,3.845,9.064
2450,0.000,-0.450,7.152,0.126,3.676,9.123,4.959,-15.370,-7.811,0.000,4.280,9.095,3.494,0.134,0.000,0.209,-0.132,3,-0.983,-0.916,0,0,0,0,3.845,9.155
2451,0.000,-0.494,7.152,0.148,3.674,9.185,5.203,-15.370,-7.811,0.000,4.244,9.095,3.464,0.134,0.000,0.209,-0.132,3,-0.984,-0.916,1,0,0,0,3.754,9.064
2452,0.000,-0.538,7.152,0.137,3.614,9.253,5.325,-15.370,-7.811,0.000,4.215,9.102,3.464,0.134,0.000,0.209,-0.132,3,-0.983,-0.916,0,1,2,0,3.662,9.064
2453,0.000,-0.582,7.152,0.115,3.581,9.276,5.509,-15.370,-7.811,0.000,4.208,9.116,3.555,0.134,0.000,0.209,-0.132,3,-0.984,-0.916,0,0,3,0,3.662,9.155
2454,0.000,-0.626,7.152,0.115,3.581,9.250,5.631,-15.370,-7.811,-0.005,4.160,9.109,3.677,0.134,0.000,0.209,-0.132,3,-0.985,-0.915,0,0,1,0,3.571,9.247
2455,0.000,-0.670,7.152,0.126,3.554,9.209,5.631,-15.370,-7.811,-0.005,4.189,9.154,3.647,0.134,0.000,0.209,-0.132,3,-0.984,-0.916,0,0,0,0,3.571,9.247
2456,0.000,-0.714,7.152,0.115,3.511,9.233,5.661,-15.370,-7.811,0.005,4.229,9.202,3.738,0.134,0.000,0.209,-0.132,3,-0.984,-0.917,0,0,2,0,3.571,9.247
2457,0.000,-0.758,7.152,0.104,3.454,9.300,5.844,-15.370,-7.811,0.000,4.220,9.207,3.952,0.134,0.000,0.209,-0.132,3,-0.984,-0.917,0,0,1,0,3.479,9.155
2458,0.000,-0.824,7.152,0.137,3.365,9.358,5.905,-15.392,-7.811,0.000,4.172,9.260,3.922,0.134,0.000,0.209,-0.132,3,-0.984,-0.917,0,0,1,1,3.479,9.155
2459,0.000,-0.890,7.152,0.104,3.286,9.363,5.966,-15.392,-7.811,0.000,4.122,9.284,4.013,0.134,0.000,0.209,-0.132,3,-0.984,-0.916,0,0,0,0,3.388,9.247
2460,0.000,-0.978,7.152,0.126,3.224,9.339,5.997,-15.414,-7.811,-0.005,4.110,9.274,4.135,0.134,0.000,0.209,-0.132,3,-0.983,-0.917,0,0,0,0,3.296,9.339
2461,0.000,-1.044,7.152,0.137,3.250,9.310,6.088,-15.436,-7.811,0.000,4.062,9.272,4.074,0.134,0.000,0.209,-0.132,3,-0.985,-0.917,0,0,0,1,3.204,9.339
2462,0.000,-1.110,7.152,0.126,3.183,9.303,5.936,-15.458,-7.811,0.000,4.007,9.265,4.105,0.134,0.000,0.209,-0.132,3,-0.985,-0.917,0,1,0,3,3.204,9.339
2463,0.000,-1.198,7.152,0.148,3.071,9.377,5.783,-15.480,-7.811,0.000,3.976,9.253,4.105,0.134,0.000,0.209,-0.132,3,-0.984,-0.917,0,0,0,0,3.204,9.247
2464,0.000,-1.285,7.152,0.126,3.181,9.466,5.844,-15.524,-7.811,-0.005,3.980,9.245,4.196,0.134,0.000,0.209,-0.132,3,-0.984,-0.917,0,0,0,0,3.113,9.247
2465,0.000,-1.373,7.152,0.126,3.243,9.418,6.027,-15.546,-7.811,0.000,3.933,9.233,4.349,0.134,0.000,0.209,-0.132,3,-0.983,-0.917,0,0,0,0,3.021,9.339
2466,0.000,-1.439,7.152,0.126,3.130,9.370,5.905,-15.568,-7.811,-0.005,3.808,9.221,4.257,0.134,0.000,0.209,-0.132,3,-0.984,-0.917,0,0,0,1,3.113,9.430
2467,0.000,-1.527,7.152,0.126,3.042,9.396,5.844,-15.634,-7.811,0.016,3.655,9.226,4.166,0.134,0.000,0.209,-0.132,3,-0.984,-0.918,0,0,0,2,3.204,9.339
2468,0.000,-1.593,7.152,0.115,3.193,9.439,5.997,-15.678,-7.811,-0.005,3.585,9.197,4.074,0.134,0.000,0.209,-0.132,3,-0.984,-0.919,0,0,0,0,3.113,9.339
2469,0.000,-1.681,7.152,0.126,3.245,9.454,6.058,-15.744,-7.811,0.000,3.652,9.183,3.891,0.134,0.000,0.209,-0.132,3,-0.983,-0.918,0,0,0,0,3.021,9.339
2470,0.000,-1.747,7.152,0.126,3.061,9.430,5.997,-15.788,-7.811,0.000,3.540,9.185,3.861,0.134,0.000,0.209,-0.132,3,-0.986,-0.918,0,1,0,0,3.113,9.430
2471,0.000,-1.835,7.152,0.126,2.925,9.475,5.783,-15.854,-7.811,0.000,3.537,9.126,3.861,0.134,0.000,0.209,-0.132,3,-0.984,-0.919,0,0,1,1,3.204,9.430
2472,0.000,-1.945,7.152,0.115,2.743,9.530,5.509,-15.919,-7.811,0.000,3.461,9.104,3.952,0.134,0.000,0.209,-0.132,3,-0.985,-0.918,0,0,4,0,3.021,9.430
2473,0.000,-2.054,7.152,0.126,2.630,9.583,5.295,-15.985,-7.811,-0.005,3.370,9.095,3.830,0.134,0.000,0.209,-0.132,3,-0.985,-0.919,0,0,1,0,2.838,9.430
2474,0.000,-2.186,7.152,0.126,2.659,9.640,5.173,-16.051,-7.811,0.000,3.346,9.109,3.677,0.134,0.000,0.209,-0.132,3,-0.986,-0.919,5,0,0,0,2.655,9.522
2475,0.000,-2.296,7.152,0.126,2.714,9.712,5.051,-16.139,-7.811,0.005,3.420,9.085,3.616,0.134,0.000,0.209,-0.132,3,-0.984,-0.918,0,0,1,0,2.564,9.522
2476,0.000,-2.428,7.152,0.126,2.522,9.822,4.959,-16.205,-7.811,-0.005,3.336,9.073,3.555,0.134,0.000,0.209,-0.132,3,-0.984,-0.921,1,0,0,0,2.655,9.613
2477,0.000,-2.560,7.152,0.115,2.539,9.865,4.929,-16.271,-7.811,0.000,3.229,9.104,3.464,0.134,0.000,0.209,-0.132,3,-0.985,-0.919,0,1,2,0,2.655,9.705
2478,0.000,-2.692,7.152,0.115,2.513,9.863,4.807,-16.359,-7.811,-0.005,3.224,9.054,3.433,0.134,0.000,0.209,-0.132,3,-0.985,-0.918,0,0,0,0,2.472,9.796
2479,0.000,-2.824,7.152,0.115,2.486,9.863,4.562,-16.447,-7.811,0.000,3.121,8.996,3.464,0.134,0.000,0.209,-0.132,3,-0.985,-0.919,0,0,0,0,2.472,9.796
2480,0.000,-2.955,7.152,0.115,2.405,9.894,4.501,-16.535,-7.811,0.016,3.051,8.958,3.311,0.134,0.000,0.209,-0.132,3,-0.985,-0.920,0,2,1,0,2.472,9.796
2481,0.000,-3.109,7.152,0.126,2.295,9.901,4.532,-16.623,-7.811,-0.005,3.011,8.958,3.159,0.134,0.000,0.209,-0.132,3,-0.985,-0.920,6,0,0,1,2.472,9.796
2482,0.000,-3.263,7.152,0.115,2.249,9.882,4.410,-16.710,-7.811,0.005,2.958,8.951,2.914,0.134,0.000,0.209,-0.132,3,-0.984,-0.919,0,4,2,0,2.380,9.888
2483,0.000,-3.395,7.152,0.104,2.245,9.894,4.227,-16.798,-7.811,0.005,2.944,8.951,2.792,0.134,0.000,0.209,-0.132,3,-0.985,-0.920,0,0,0,0,2.289,9.888
2484,0.000,-3.549,7.152,0.126,2.242,9.959,3.922,-16.908,-7.811,0.000,2.929,8.977,2.762,0.134,0.000,0.209,-0.132,3,-0.984,-0.919,0,0,1,0,2.197,9.796
2485,0.000,-3.702,7.152,0.104,2.264,10.004,3.677,-16.996,-7.811,0.016,2.941,8.992,2.701,0.134,0.000,0.209,-0.132,3,-0.985,-0.920,0,0,0,0,2.197,9.888
2486,0.000,-3.834,7.152,0.115,2.230,10.031,3.525,-17.084,-7.811,-0.005,2.881,9.039,2.457,0.134,0.000,0.209,-0.132,3,-0.984,-0.919,1,0,3,0,2.197,9.888
2487,0.000,-3.988,7.152,0.137,2.096,10.021,3.250,-17.194,-7.811,0.005,2.843,9.054,2.182,0.134,0.000,0.209,-0.132,3,-0.984,-0.920,0,1,1,0,2.197,9.979
2488,0.000,-4.142,7.152,0.115,2.034,10.023,2.823,-17.282,-7.811,0.000,2.848,9.023,2.029,0.134,0.000,0.209,-0.132,3,-0.984,-0.919,0,0,2,0,2.197,9.979
2489,0.000,-4.296,7.152,0.126,2.032,10.038,2.548,-17.392,-7.811,0.000,2.817,9.027,1.877,0.134,0.000,0.209,-0.132,3,-0.983,-0.920,0,0,0,0,2.014,9.979
2490,0.000,-4.450,7.152,0.104,1.964,10.047,2.243,-17.501,-7.811,-0.005,2.805,9.049,1.907,0.134,0.000,0.209,-0.132,3,-0.984,-0.919,0,0,0,0,2.014,9.979
2491,0.000,-4.603,7.152,0.126,1.914,10.091,1.938,-17.589,-7.811,0.005,2.743,9.085,1.724,0.134,0.000,0.209,-0.132,3,-0.983,-0.920,0,0,5,0,2.014,9.979
2492,0.000,-4.757,7.152,0.115,1.895,10.093,1.724,-17.699,-7.811,0.000,2.676,9.109,1.358,0.134,0.000,0.209,-0.132,3,-0.984,-0.919,0,0,2,0,1.923,9.979
2493,0.000,-4.911,7.152,0.126,1.950,10.095,1.419,-17.809,-7.811,0.000,2.656,9.102,1.266,0.134,0.000,0.209,-0.132,3,-0.985,-0.918,0,0,0,1,1.831,10.071
2494,0.000,-5.065,7.152,0.126,2.036,10.105,1.205,-17.919,-7.811,0.005,2.635,9.140,1.144,0.134,0.000,0.209,-0.132,3,-0.983,-0.920,0,0,0,0,1.831,10.071
2495,0.000,-5.197,7.152,0.126,1.988,10.119,0.870,-18.029,-7.811,-0.016,2.642,9.121,1.022,0.134,0.000,0.209,-0.132,3,-0.984,-0.921,0,0,2,0,1.923,10.071
2496,0.000,-5.350,7.152,0.126,1.929,10.131,0.748,-18.139,-7.811,0.005,2.625,9.080,0.778,0.134,0.000,0.209,-0.132,3,-0.985,-0.920,0,0,0,2,2.014,10.071
2497,0.000,-5.482,7.152,0.115,1.926,10.134,0.443,-18.249,-7.811,-0.005,2.652,9.111,0.565,0.134,0.000,0.209,-0.132,3,-0.984,-0.920,0,1,0,0,1.923,10.071
2498,0.000,-5.636,7.152,0.126,1.943,10.119,0.015,-18.358,-7.811,0.000,2.644,9.109,0.412,0.134,0.000,0.209,-0.132,3,-0.984,-0.920,1,0,1,0,1.923,10.071
2499,0.000,-5.768,7.152,0.137,1.948,10.105,0.046,-18.446,-7.811,-0.005,2.647,9.104,0.137,0.134,0.000,0.209,-0.132,3,-0.984,-0.920,0,2,0,3,1.923,10.071
2500,0.000,-5.900,7.152,0.126,1.895,10.114,0.000,-18.556,-7.811,-0.005,2.659,9.083,0.076,0.134,0.000,0.209,-0.132,3,-0.985,-0.919,0,0,0,3,1.923,10.071
2501,0.000,-6.032,7.152,0.126,1.883,10.129,-0.320,-18.644,-7.811,0.000,2.623,9.071,-0.015,0.134,0.000,0.209,-0.132,3,-0.984,-0.921,0,0,0,1,1.923,10.071
2502,0.000,-6.163,7.152,0.115,1.986,10.162,-0.504,-18.732,-7.811,0.000,2.606,9.090,-0.259,0.134,0.000,0.209,-0.132,3,-0.984,-0.920,0,0,0,0,1.831,10.071
2503,0.000,-6.273,7.152,0.115,2.039,10.148,-0.839,-18.842,-7.811,-0.005,2.558,9.133,-0.473,0.134,0.000,0.209,-0.132,3,-0.984,-0.921,0,0,0,0,1.831,10.071
2504,0.000,-6.405,7.152,0.104,1.950,10.076,-0.839,-18.952,-7.811,-0.016,2.537,9.114,-0.626,0.134,0.000,0.209,-0.132,3,-0.983,-0.921,0,0,1,0,1.923,10.163
2505,0.000,-6.515,7.152,0.126,1.950,10.047,-0.931,-19.040,-7.811,-0.016,2.568,9.068,-0.717,0.134,0.000,0.209,-0.132,3,-0.984,-0.920,0,0,0,2,2.014,10.071
2506,0.000,-6.625,7.152,0.115,1.988,10.045,-1.175,-19.127,-7.811,0.000,2.551,9.106,-0.839,0.134,0.000,0.209,-0.132,3,-0.983,-0.921,0,0,0,0,1.923,10.071
2507,0.000,-6.735,7.152,0.126,1.974,10.057,-1.358,-19.237,-7.811,0.016,2.553,9.123,-1.053,0.134,0.000,0.209,-0.132,3,-0.985,-0.922,0,0,0,1,1.923,9.979
2508,0.000,-6.845,7.152,0.126,1.967,10.045,-1.358,-19.325,-7.811,-0.016,2.611,9.087,-1.236,0.134,0.000,0.209,-0.132,3,-0.987,-0.921,1,0,0,1,1.923,9.979
2509,0.000,-6.954,7.152,0.126,1.945,10.007,-1.541,-19.413,-7.811,0.000,2.577,9.080,-1.389,0.134,0.000,0.209,-0.132,3,-0.983,-0.922,0,0,1,0,1.923,9.979
2510,0.000,-7.064,7.152,0.137,1.986,9.968,-1.877,-19.479,-7.811,-0.005,2.573,9.095,-1.541,0.134,0.000,0.209,-0.132,3,-0.984,-0.922,0,0,2,0,1.923,9.979
2511,0.000,-7.152,7.152,0.104,2.043,9.978,-1.999,-19.567,-7.811,0.005,2.618,9.083,-1.755,0.134,0.000,0.209,-0.132,3,-0.983,-0.922,0,0,3,0,1.923,9.979
2512,0.000,-7.240,7.152,0.137,2.077,9.990,-2.029,-19.655,-7.811,-0.005,2.680,9.075,-1.785,0.134,0.000,0.209,-0.132,3,-0.986,-0.922,0,0,0,0,1.923,9.888
2513,0.000,-7.328,7.152,0.115,2.101,9.923,-2.152,-19.721,-7.811,0.000,2.671,9.169,-1.907,0.134,0.000,0.209,-0.132,3,-0.987,-0.922,4,0,0,0,2.014,9.888
2514,0.000,-7.416,7.152,0.126,2.115,9.889,-2.396,-19.787,-7.811,-0.005,2.700,9.126,-1.938,0.134,0.000,0.209,-0.132,3,-0.985,-0.921,0,0,0,0,2.014,9.979
2515,0.000,-7.482,7.152,0.115,2.199,9.853,-2.487,-19.853,-7.811,0.000,2.726,9.063,-1.968,0.134,0.000,0.209,-0.132,3,-0.984,-0.924,1,0,0,0,2.014,9.888
2516,0.000,-7.548,7.152,0.137,2.202,9.770,-2.792,-19.919,-7.811,0.000,2.716,9.056,-2.152,0.134,0.000,0.209,-0.132,3,-0.984,-0.922,0,1,2,0,2.106,9.888
2517,0.000,-7.614,7.152,0.126,2.185,9.722,-2.945,-19.962,-7.811,0.000,2.726,9.063,-2.457,0.134,0.000,0.209,-0.132,3,-0.984,-0.921,0,0,0,0,2.197,9.796
2518,0.000,-7.680,7.152,0.104,2.266,9.731,-3.037,-20.028,-7.811,0.000,2.743,9.085,-2.579,0.134,0.000,0.209,-0.132,3,-0.984,-0.922,3,0,0,0,2.197,9.705
2519,0.000,-7.724,7.152,0.137,2.345,9.724,-3.311,-20.072,-7.811,0.016,2.790,9.056,-2.701,0.134,0.000,0.209,-0.132,3,-0.985,-0.922,0,0,0,0,2.106,9.705
2520,0.000,-7.767,7.152,0.126,2.374,9.655,-3.494,-20.116,-7.811,0.000,2.855,9.037,-2.731,0.134,0.000,0.209,-0.132,3,-0.984,-0.923,6,0,0,1,2.197,9.705
2521,0.000,-7.789,7.152,0.115,2.369,9.628,-3.525,-20.160,-7.811,0.000,2.865,9.068,-2.731,0.134,0.000,0.209,-0.132,3,-0.984,-0.922,0,3,2,1,2.289,9.705
2522,0.000,-7.833,7.152,0.126,2.407,9.638,-3.555,-20.204,-7.811,0.000,2.843,9.090,-2.853,0.134,0.000,0.209,-0.132,3,-0.985,-0.922,0,0,0,1,2.289,9.613
2523,0.000,-7.855,7.152,0.126,2.470,9.614,-3.433,-20.248,-7.811,0.000,2.908,9.104,-3.006,0.134,0.000,0.209,-0.132,3,-0.984,-0.923,0,0,1,0,2.289,9.613
2524,0.000,-7.877,7.152,0.126,2.544,9.604,-3.586,-20.270,-7.811,0.000,2.977,9.133,-3.220,0.134,0.000,0.209,-0.132,3,-0.985,-0.923,0,0,0,0,2.380,9.613
2525,0.000,-7.899,7.152,0.126,2.644,9.604,-3.861,-20.292,-7.811,0.016,3.008,9.154,-3.311,0.134,0.000,0.209,-0.132,3,-0.984,-0.923,2,0,0,0,2.380,9.613
2526,0.000,-7.899,7.152,0.126,2.697,9.597,-3.891,-20.314,-7.811,0.005,3.051,9.162,-3.281,0.134,0.000,0.209,-0.132,3,-0.984,-0.923,0,2,0,0,2.472,9.522
2527,0.000,-7.899,7.152,0.115,2.661,9.612,-3.861,-20.336,-7.811,0.005,3.073,9.190,-3.220,0.134,0.000,0.209,-0.132,3,-0.984,-0.923,0,0,1,0,2.564,9.522
2528,0.000,-7.899,7.152,0.126,2.733,9.614,-3.922,-20.358,-7.811,0.005,3.116,9.226,-3.220,0.134,0.000,0.209,-0.132,3,-0.983,-0.924,0,0,0,0,2.655,9.522
2529,0.000,-7.899,7.152,0.115,2.814,9.590,-4.013,-20.380,-7.811,0.016,3.152,9.231,-3.555,0.134,0.000,0.209,-0.132,3,-0.984,-0.924,0,0,3,0,2.655,9.522
2530,0.000,-7.877,7.152,0.137,2.810,9.612,-4.135,-20.380,-7.811,0.005,3.214,9.231,-3.677,0.134,0.000,0.209,-0.132,3,-0.984,-0.923,0,1,3,0,2.655,9.613
2531,0.000,-7.877,7.152,0.126,2.886,9.619,-4.105,-20.380,-7.811,-0.005,3.243,9.217,-3.738,0.134,0.000,0.209,-0.132,3,-0.984,-0.923,0,3,0,0,2.747,9.522
2532,0.000,-7.855,7.152,0.126,2.996,9.583,-4.105,-20.380,-7.811,-0.005,3.324,9.202,-3.647,0.134,0.000,0.209,-0.132,3,-0.985,-0.922,0,0,0,2,2.747,9.522
2533,0.000,-7.811,7.152,0.126,2.999,9.590,-4.257,-20.358,-7.811,-0.005,3.435,9.217,-3.708,0.134,0.000,0.209,-0.132,3,-0.984,-0.924,0,0,0,0,2.838,9.613
2534,0.000,-7.789,7.152,0.126,3.042,9.609,-4.166,-20.336,-7.811,-0.005,3.473,9.231,-3.677,0.134,0.000,0.209,-0.132,3,-0.984,-0.924,1,0,1,0,2.930,9.522
2535,0.000,-7.745,7.152,0.115,3.121,9.585,-3.922,-20.314,-7.811,-0.005,3.473,9.245,-3.708,0.134,0.000,0.209,-0.132,3,-0.984,-0.924,0,0,1,0,2.930,9.522
2536,0.000,-7.702,7.152,0.137,3.188,9.561,-3.738,-20.292,-7.811,0.016,3.561,9.262,-3.738,0.134,0.000,0.209,-0.132,3,-0.984,-0.924,0,2,1,0,3.021,9.522
2537,0.000,-7.658,7.152,0.115,3.277,9.521,-3.769,-20.270,-7.811,0.005,3.707,9.241,-3.799,0.134,0.000,0.209,-0.132,3,-0.984,-0.923,1,0,1,0,3.113,9.522
2538,0.000,-7.592,7.152,0.104,3.367,9.494,-3.769,-20.226,-7.811,0.000,3.719,9.243,-3.677,0.134,0.000,0.209,-0.132,3,-0.983,-0.924,0,0,0,0,3.113,9.522
2539,0.000,-7.526,7.152,0.126,3.451,9.485,-3.586,-20.182,-7.811,0.000,3.789,9.288,-3.586,0.134,0.000,0.209,-0.132,3,-0.984,-0.923,0,0,0,1,3.204,9.522
2540,0.000,-7.460,7.152,0.104,3.466,9.427,-3.677,-20.116,-7.811,-0.005,3.885,9.281,-3.494,0.134,0.000,0.209,-0.132,3,-0.984,-0.924,0,1,0,1,3.296,9.430
2541,0.000,-7.372,7.152,0.115,3.456,9.377,-3.708,-20.072,-7.811,-0.005,3.899,9.308,-3.677,0.134,0.000,0.209,-0.132,3,-0.984,-0.924,0,0,0,0,3.388,9.430
2542,0.000,-7.306,7.152,0.137,3.485,9.344,-3.586,-20.006,-7.811,0.016,3.904,9.351,-3.555,0.134,0.000,0.209,-0.132,3,-0.984,-0.925,0,0,0,0,3.388,9.339
2543,0.000,-7.218,7.152,0.126,3.607,9.279,-3.525,-19.962,-7.811,0.016,3.973,9.329,-3.464,0.134,0.000,0.209,-0.132,3,-0.983,-0.925,0,0,1,0,3.388,9.339
2544,0.000,-7.130,7.152,0.137,3.672,9.288,-3.372,-19.897,-7.811,0.000,4.074,9.300,-3.311,0.134,0.000,0.209,-0.132,3,-0.984,-0.924,0,0,0,2,3.479,9.339
2545,0.000,-7.042,7.152,0.126,3.734,9.274,-3.342,-19.831,-7.811,0.000,4.114,9.269,-3.250,0.134,0.000,0.209,-0.132,3,-0.983,-0.925,0,0,0,1,3.571,9.247
2546,0.000,-6.932,7.152,0.126,3.703,9.214,-3.403,-19.743,-7.811,0.005,4.134,9.288,-3.281,0.134,0.000,0.209,-0.132,3,-0.986,-0.925,0,0,0,0,3.662,9.247
2547,0.000,-6.845,7.152,0.126,3.765,9.178,-3.311,-19.677,-7.811,0.000,4.170,9.341,-3.403,0.134,0.000,0.209,-0.132,3,-0.987,-0.925,2,0,0,1,3.662,9.247
2548,0.000,-6.735,7.152,0.137,3.901,9.147,-3.159,-19.611,-7.811,-0.005,4.229,9.315,-3.311,0.134,0.000,0.209,-0.132,3,-0.984,-0.925,0,0,0,0,3.662,9.155
2549,0.000,-6.603,7.152,0.137,3.942,9.114,-3.006,-19.523,-7.811,0.000,4.280,9.250,-3.220,0.134,0.000,0.209,-0.132,3,-0.985,-0.924,0,0,1,0,3.754,9.155
2550,0.000,-6.493,7.152,0.126,3.949,9.066,-2.884,-19.435,-7.811,0.000,4.282,9.248,-3.250,0.134,0.000,0.209,-0.132,3,-0.983,-0.925,0,0,5,0,3.845,9.064
2551,0.000,-6.383,7.152,0.093,3.925,9.025,-2.945,-19.347,-7.811,-0.005,4.304,9.255,-3.159,0.134,0.000,0.209,-0.132,3,-0.987,-0.926,0,0,0,0,3.937,9.064
2552,0.000,-6.251,7.152,0.126,3.959,8.977,-2.945,-19.281,-7.811,0.000,4.387,9.202,-3.067,0.134,0.000,0.209,-0.132,3,-0.986,-0.926,3,0,0,0,3.937,9.064
2553,0.000,-6.141,7.152,0.126,4.033,8.948,-2.914,-19.171,-7.811,0.000,4.457,9.200,-2.945,0.134,0.000,0.209,-0.132,3,-0.984,-0.925,0,0,1,0,3.845,8.972
2554,0.000,-6.010,7.152,0.126,4.083,8.982,-2.884,-19.084,-7.811,0.000,4.454,9.231,-2.823,0.134,0.000,0.209,-0.132,3,-0.984,-0.928,2,0,0,0,3.937,8.972
2555,0.000,-5.878,7.152,0.115,4.126,8.953,-2.670,-18.996,-7.811,0.000,4.478,9.233,-2.853,0.134,0.000,0.209,-0.132,3,-0.985,-0.926,0,3,2,0,4.028,8.881
2556,0.000,-5.746,7.152,0.126,4.153,8.889,-2.701,-18.886,-7.811,0.000,4.603,9.195,-2.823,0.134,0.000,0.209,-0.132,3,-0.984,-0.927,0,0,0,0,4.028,8.972
2557,0.000,-5.614,7.152,0.115,4.182,8.848,-2.670,-18.798,-7.811,0.000,4.644,9.190,-2.609,0.134,0.000,0.209,-0.132,3,-0.985,-0.926,2,0,1,0,4.120,8.881
2558,0.000,-5.482,7.152,0.137,4.203,8.834,-2.548,-18.688,-7.811,0.000,4.668,9.174,-2.335,0.134,0.000,0.209,-0.132,3,-0.985,-0.927,0,1,0,0,4.120,8.881
2559,0.000,-5.350,7.152,0.115,4.194,8.836,-2.518,-18.578,-7.811,0.000,4.759,9.188,-2.304,0.134,0.000,0.209,-0.132,3,-0.985,-0.926,0,0,1,0,4.120,8.789
2560,0.000,-5.219,7.152,0.115,4.186,8.841,-2.457,-18.468,-7.811,0.000,4.814,9.193,-2.243,0.134,0.000,0.209,-0.132,3,-0.985,-0.927,0,5,2,0,4.120,8.789
2561,0.000,-5.087,7.152,0.126,4.208,8.814,-2.152,-18.358,-7.811,0.000,4.785,9.188,-2.182,0.134,0.000,0.209,-0.132,3,-0.985,-0.929,0,0,1,0,4.120,8.789
2562,0.000,-4.977,7.152,0.126,4.251,8.805,-1.999,-18.249,-7.811,0.005,4.773,9.183,-2.060,0.134,0.000,0.209,-0.132,3,-0.984,-0.927,0,0,1,0,4.120,8.789
2563,0.000,-4.823,7.152,0.126,4.308,8.781,-1.938,-18.139,-7.811,0.000,4.778,9.128,-1.785,0.134,0.000,0.209,-0.132,3,-0.985,-0.927,0,0,0,0,4.120,8.789
2564,0.000,-4.691,7.152,0.126,4.395,8.767,-1.846,-18.029,-7.811,0.000,4.797,9.116,-1.663,0.134,0.000,0.209,-0.132,3,-0.985,-0.927,2,0,1,0,4.211,8.789
2565,0.000,-4.559,7.152,0.104,4.402,8.783,-1.633,-17.919,-7.811,0.000,4.854,9.128,-1.694,0.134,0.000,0.209,-0.132,3,-0.984,-0.927,0,1,1,0,4.303,8.698
2566,0.000,-4.428,7.152,0.126,4.330,8.802,-1.450,-17.809,-7.811,-0.005,4.897,9.138,-1.602,0.134,0.000,0.209,-0.132,3,-0.984,-0.926,0,0,0,0,4.395,8.698
2567,0.000,-4.296,7.152,0.115,4.380,8.817,-1.358,-17.699,-7.811,0.000,4.917,9.111,-1.358,0.134,0.000,0.209,-0.132,3,-0.983,-0.927,0,0,0,0,4.395,8.698
2568,0.000,-4.164,7.152,0.115,4.488,8.810,-1.297,-17.589,-7.811,-0.016,4.921,9.068,-1.114,0.134,0.000,0.209,-0.132,3,-0.984,-0.928,0,0,0,0,4.303,8.789
2569,0.000,-4.032,7.152,0.115,4.423,8.776,-1.236,-17.480,-7.811,0.000,4.876,9.047,-0.961,0.134,0.000,0.209,-0.132,3,-0.984,-0.927,4,1,0,0,4.303,8.789
2570,0.000,-3.900,7.152,0.126,4.385,8.769,-1.114,-17.370,-7.811,0.000,4.907,9.039,-0.809,0.134,0.000,0.209,-0.132,3,-0.984,-0.927,0,1,1,0,4.486,8.789
2571,0.000,-3.768,7.152,0.115,4.483,8.812,-0.992,-17.260,-7.811,-0.005,4.948,9.073,-0.717,0.134,0.000,0.209,-0.132,3,-0.985,-0.926,0,0,0,1,4.395,8.698
2572,0.000,-3.637,7.152,0.137,4.498,8.776,-0.900,-17.150,-7.811,0.000,4.960,9.085,-0.717,0.134,0.000,0.209,-0.132,3,-0.984,-0.928,0,1,0,0,4.303,8.698
2573,0.000,-3.505,7.152,0.115,4.462,8.733,-0.687,-17.040,-7.811,0.000,4.950,9.078,-0.595,0.134,0.000,0.209,-0.132,3,-0.984,-0.929,1,0,2,0,4.395,8.789
2574,0.000,-3.395,7.152,0.104,4.514,8.783,-0.351,-16.952,-7.811,0.000,4.914,9.051,-0.473,0.134,0.000,0.209,-0.132,3,-0.984,-0.928,0,0,0,1,4.486,8.698
2575,0.000,-3.263,7.152,0.126,4.522,8.755,-0.046,-16.842,-7.811,0.000,4.952,9.025,-0.137,0.134,0.000,0.209,-0.132,3,-0.984,-0.928,0,0,1,0,4.395,8.698
2576,0.000,-3.131,7.152,0.115,4.519,8.740,-0.046,-16.732,-7.811,-0.005,4.952,9.030,0.000,0.134,0.000,0.209,-0.132,3,-0.984,-0.927,0,0,0,0,4.486,8.698
2577,0.000,-3.021,7.152,0.126,4.543,8.793,-0.046,-16.645,-7.811,0.000,4.991,9.059,0.046,0.134,0.000,0.209,-0.132,3,-0.982,-0.928,0,0,0,0,4.486,8.698
2578,0.000,-2.889,7.152,0.126,4.543,8.805,0.015,-16.535,-7.811,0.000,5.046,9.083,0.229,0.134,0.000,0.209,-0.132,3,-0.984,-0.929,0,0,0,0,4.486,8.698
2579,0.000,-2.780,7.152,0.137,4.531,8.747,0.290,-16.447,-7.811,0.000,4.981,9.087,0.351,0.134,0.000,0.209,-0.132,3,-0.984,-0.928,0,0,0,0,4.486,8.789
2580,0.000,-2.648,7.152,0.126,4.524,8.711,0.381,-16.359,-7.811,-0.005,4.967,9.083,0.565,0.134,0.000,0.209,-0.132,3,-0.984,-0.928,0,0,0,0,4.486,8.789
2581,0.000,-2.538,7.152,0.126,4.581,8.767,0.565,-16.249,-7.811,0.000,4.996,9.083,0.595,0.134,0.000,0.209,-0.132,3,-0.984,-0.928,0,0,0,0,4.486,8.698
2582,0.000,-2.428,7.152,0.126,4.543,8.790,0.656,-16.161,-7.811,0.005,4.967,9.092,0.687,0.134,0.000,0.209,-0.132,3,-0.983,-0.929,0,0,0,0,4.486,8.698
2583,0.000,-2.318,7.152,0.126,4.476,8.790,0.717,-16.095,-7.811,0.005,4.924,9.116,0.809,0.134,0.000,0.209,-0.132,3,-0.985,-0.927,0,0,0,2,4.578,8.698
2584,0.000,-2.208,7.152,0.115,4.495,8.778,0.992,-16.007,-7.811,0.016,4.926,9.121,1.083,0.134,0.000,0.209,-0.132,3,-0.984,-0.929,0,0,0,1,4.486,8.789
2585,0.000,-2.120,7.152,0.126,4.526,8.793,1.266,-15.919,-7.811,-0.005,4.924,9.135,1.205,0.134,0.000,0.209,-0.132,3,-0.985,-0.930,0,0,0,0,4.395,8.789
2586,0.000,-2.011,7.152,0.104,4.514,8.834,1.236,-15.854,-7.811,-0.005,4.885,9.162,1.358,0.134,0.000,0.209,-0.132,3,-0.987,-0.929,1,0,0,0,4.486,8.698
2587,0.000,-1.923,7.152,0.126,4.471,8.841,1.358,-15.788,-7.811,0.000,4.876,9.138,1.389,0.134,0.000,0.209,-0.132,3,-0.984,-0.929,0,0,0,0,4.486,8.789
2588,0.000,-1.835,7.152,0.115,4.459,8.824,1.511,-15.722,-7.811,-0.005,4.883,9.116,1.602,0.134,0.000,0.209,-0.132,3,-0.984,-0.929,0,0,1,1,4.486,8.789
2589,0.000,-1.747,7.152,0.137,4.423,8.819,1.663,-15.656,-7.811,-0.005,4.871,9.135,1.785,0.134,0.000,0.209,-0.132,3,-0.986,-0.929,0,0,3,0,4.395,8.789
2590,0.000,-1.659,7.152,0.126,4.352,8.819,1.694,-15.590,-7.811,-0.005,4.830,9.135,1.846,0.134,0.000,0.209,-0.132,3,-0.987,-0.929,1,0,0,1,4.395,8.789
2591,0.000,-1.593,7.152,0.126,4.361,8.857,1.724,-15.524,-7.811,-0.005,4.823,9.114,1.907,0.134,0.000,0.209,-0.132,3,-0.985,-0.929,1,0,0,0,4.395,8.789
2592,0.000,-1.527,7.152,0.126,4.397,8.920,1.938,-15.458,-7.811,0.000,4.821,9.092,1.968,0.134,0.000,0.209,-0.132,3,-0.984,-0.929,0,0,1,0,4.303,8.789
2593,0.000,-1.461,7.152,0.115,4.332,8.968,2.243,-15.414,-7.811,0.000,4.773,9.106,2.213,0.134,0.000,0.209,-0.132,3,-0.984,-0.932,0,0,0,0,4.303,8.789
2594,0.000,-1.395,7.152,0.126,4.263,9.004,2.274,-15.348,-7.811,-0.005,4.759,9.114,2.335,0.134,0.000,0.209,-0.132,3,-0.984,-0.930,0,1,2,0,4.395,8.881
2595,0.000,-1.351,7.152,0.126,4.270,8.989,2.457,-15.304,-7.811,0.005,4.727,9.106,2.487,0.134,0.000,0.209,-0.132,3,-0.984,-0.930,0,0,0,0,4.303,8.881
2596,0.000,-1.285,7.152,0.137,4.289,8.984,2.548,-15.260,-7.811,0.005,4.651,9.087,2.609,0.134,0.000,0.209,-0.132,3,-0.986,-0.930,0,0,0,0,4.211,8.972
2597,0.000,-1.241,7.152,0.115,4.234,9.008,2.640,-15.216,-7.811,0.016,4.586,9.071,2.487,0.134,0.000,0.209,-0.132,3,-0.984,-0.930,0,0,0,0,4.211,8.972
2598,0.000,-1.198,7.152,0.115,4.189,9.099,2.823,-15.194,-7.811,0.005,4.555,9.080,2.640,0.134,0.000,0.209,-0.132,3,-0.984,-0.931,7,0,0,1,4.211,8.972
2599,0.000,-1.176,7.152,0.137,4.191,9.135,2.823,-15.172,-7.811,0.000,4.517,9.049,2.701,0.134,0.000,0.209,-0.132,3,-0.984,-0.930,0,0,3,0,4.211,8.972
2600,0.000,-1.132,7.152,0.137,4.148,9.097,2.914,-15.150,-7.811,0.000,4.359,9.027,2.853,0.134,0.000,0.209,-0.132,3,-0.985,-0.932,0,0,1,0,4.120,9.064
2601,0.000,-1.110,7.152,0.104,4.086,9.095,3.128,-15.128,-7.811,-0.016,4.323,9.023,2.976,0.134,0.000,0.209,-0.132,3,-0.985,-0.930,0,0,0,0,4.120,9.064
2602,0.000,-1.088,7.152,0.115,4.047,9.104,3.098,-15.128,-7.811,0.000,4.299,9.006,3.037,0.134,0.000,0.209,-0.132,3,-0.985,-0.931,0,0,0,0,4.120,9.064
2603,0.000,-1.066,7.152,0.104,4.014,9.152,3.220,-15.106,-7.811,0.005,4.263,9.032,3.159,0.134,0.000,0.209,-0.132,3,-0.985,-0.931,1,0,3,0,4.028,9.064
2604,0.000,-1.066,7.152,0.126,3.954,9.145,3.281,-15.106,-7.811,0.000,4.239,9.011,3.311,0.134,0.000,0.209,-0.132,3,-0.984,-0.931,0,2,3,0,4.028,9.064
2605,0.000,-1.044,7.152,0.126,3.925,9.157,3.372,-15.106,-7.811,0.000,4.172,8.987,3.189,0.134,0.000,0.209,-0.132,3,-0.984,-0.930,0,0,0,1,3.937,9.064
2606,0.000,-1.044,7.152,0.115,3.923,9.243,3.647,-15.128,-7.811,0.000,4.136,8.996,3.098,0.134,0.000,0.209,-0.132,3,-0.983,-0.931,0,1,0,0,3.937,9.064
2607,0.000,-1.066,7.152,0.137,3.801,9.190,3.708,-15.128,-7.811,0.000,4.098,9.020,3.067,0.134,0.000,0.209,-0.132,3,-0.984,-0.931,0,0,3,0,3.845,9.155
2608,0.000,-1.066,7.152,0.126,3.741,9.226,3.647,-15.128,-7.811,0.005,4.081,9.051,3.159,0.134,0.000,0.209,-0.132,3,-0.984,-0.931,0,1,1,0,3.845,9.155
2609,0.000,-1.088,7.152,0.115,3.746,9.293,3.738,-15.150,-7.811,-0.005,4.052,9.066,3.250,0.134,0.000,0.209,-0.132,3,-0.984,-0.931,0,0,2,0,3.754,9.155
2610,0.000,-1.110,7.152,0.115,3.672,9.284,3.708,-15.172,-7.811,0.000,4.026,9.061,3.250,0.134,0.000,0.209,-0.132,3,-0.985,-0.928,0,0,0,2,3.662,9.155
2611,0.000,-1.132,7.152,0.115,3.557,9.399,3.769,-15.194,-7.811,0.000,3.983,9.059,3.159,0.134,0.000,0.209,-0.132,3,-0.983,-0.931,0,0,2,0,3.662,9.247
2612,0.000,-1.176,7.152,0.126,3.561,9.449,3.738,-15.216,-7.811,0.000,3.911,9.080,3.220,0.134,0.000,0.209,-0.132,3,-0.985,-0.932,1,0,1,0,3.662,9.247
2613,0.000,-1.220,7.152,0.137,3.545,9.480,3.769,-15.260,-7.811,0.000,3.868,9.090,3.342,0.134,0.000,0.209,-0.132,3,-0.984,-0.931,0,0,1,0,3.479,9.339
2614,0.000,-1.263,7.152,0.115,3.537,9.511,3.861,-15.282,-7.811,0.016,3.887,9.114,3.372,0.134,0.000,0.209,-0.132,3,-0.985,-0.931,0,0,1,1,3.479,9.430
2615,0.000,-1.307,7.152,0.126,3.487,9.521,3.983,-15.326,-7.811,0.000,3.877,9.164,3.281,0.134,0.000,0.209,-0.132,3,-0.984,-0.930,0,0,1,0,3.479,9.430
2616,0.000,-1.373,7.152,0.115,3.346,9.528,4.044,-15.370,-7.811,0.000,3.784,9.197,3.311,0.134,0.000,0.209,-0.132,3,-0.983,-0.932,0,0,0,2,3.479,9.430
2617,0.000,-1.439,7.152,0.126,3.298,9.547,4.105,-15.414,-7.811,0.005,3.741,9.200,3.464,0.134,0.000,0.209,-0.132,3,-0.984,-0.930,0,0,1,2,3.479,9.522
2618,0.000,-1.505,7.152,0.126,3.279,9.525,3.983,-15.458,-7.811,-0.005,3.729,9.181,3.464,0.134,0.000,0.209,-0.132,3,-0.984,-0.932,0,1,0,2,3.296,9.522
2619,0.000,-1.571,7.152,0.137,3.221,9.545,3.952,-15.502,-7.811,0.000,3.676,9.169,3.342,0.134,0.000,0.209,-0.132,3,-0.985,-0.932,0,0,0,0,3.296,9.522
2620,0.000,-1.637,7.152,0.137,3.099,9.571,3.922,-15.568,-7.811,0.000,3.581,9.185,3.372,0.134,0.000,0.209,-0.132,3,-0.985,-0.932,0,0,0,0,3.204,9.522
2621,0.000,-1.725,7.152,0.126,3.023,9.564,3.952,-15.634,-7.811,0.000,3.504,9.200,3.433,0.134,0.000,0.209,-0.132,3,-0.983,-0.932,0,2,0,2,3.204,9.522
2622,0.000,-1.813,7.152,0.137,3.042,9.576,3.922,-15.700,-7.811,-0.005,3.470,9.195,3.464,0.134,0.000,0.209,-0.132,3,-0.984,-0.931,0,0,0,2,3.021,9.522
2623,0.000,-1.901,7.152,0.126,2.996,9.607,3.769,-15.766,-7.811,-0.005,3.423,9.185,3.342,0.134,0.000,0.209,-0.132,3,-0.983,-0.932,0,0,0,1,3.021,9.522
2624,0.000,-2.011,7.152,0.137,2.917,9.607,3.616,-15.832,-7.811,0.000,3.382,9.181,3.281,0.134,0.000,0.209,-0.132,3,-0.985,-0.934,0,0,0,0,3.021,9.522
2625,0.000,-2.098,7.152,0.126,2.867,9.633,3.586,-15.919,-7.811,0.005,3.332,9.188,3.067,0.134,0.000,0.209,-0.132,3,-0.987,-0.933,1,0,0,0,2.930,9.522
2626,0.000,-2.208,7.152,0.126,2.848,9.691,3.433,-16.007,-7.811,0.000,3.305,9.171,3.098,0.134,0.000,0.209,-0.132,3,-0.983,-0.933,0,0,1,0,2.838,9.522
2627,0.000,-2.296,7.152,0.126,2.802,9.707,3.342,-16.073,-7.811,0.000,3.288,9.150,3.189,0.134,0.000,0.209,-0.132,3,-0.983,-0.933,0,0,2,1,2.838,9.613
2628,0.000,-2.406,7.152,0.126,2.786,9.755,3.311,-16.161,-7.811,0.000,3.202,9.164,2.945,0.134,0.000,0.209,-0.132,3,-0.983,-0.933,0,0,3,0,2.838,9.613
2629,0.000,-2.516,7.152,0.115,2.752,9.791,3.128,-16.249,-7.811,0.000,3.102,9.178,2.762,0.134,0.000,0.209,-0.132,3,-0.983,-0.934,0,0,1,0,2.747,9.705
2630,0.000,-2.626,7.152,0.115,2.625,9.758,3.159,-16.337,-7.811,-0.005,3.097,9.142,2.640,0.134,0.000,0.209,-0.132,3,-0.983,-0.933,1,0,0,0,2.747,9.705
2631,0.000,-2.758,7.152,0.126,2.585,9.724,3.098,-16.447,-7.811,0.005,3.095,9.095,2.548,0.134,0.000,0.209,-0.132,3,-0.984,-0.933,0,0,1,1,2.747,9.705
2632,0.000,-2.867,7.152,0.126,2.623,9.734,3.006,-16.535,-7.811,-0.005,3.028,9.109,2.426,0.134,0.000,0.209,-0.132,3,-0.984,-0.936,2,0,0,0,2.564,9.705
2633,0.000,-2.977,7.152,0.115,2.609,9.791,2.853,-16.623,-7.811,0.000,2.972,9.118,2.304,0.134,0.000,0.209,-0.132,3,-0.984,-0.933,0,2,2,0,2.564,9.705
2634,0.000,-3.087,7.152,0.115,2.556,9.827,2.640,-16.732,-7.811,0.000,2.956,9.126,2.335,0.134,0.000,0.209,-0.132,3,-0.984,-0.933,0,0,0,0,2.564,9.705
2635,0.000,-3.219,7.152,0.126,2.520,9.873,2.487,-16.820,-7.811,0.005,2.929,9.080,2.304,0.134,0.000,0.209,-0.132,3,-0.985,-0.933,2,0,1,0,2.564,9.705
2636,0.000,-3.329,7.152,0.126,2.477,9.863,2.365,-16.930,-7.811,0.000,2.860,9.030,2.152,0.134,0.000,0.209,-0.132,3,-0.985,-0.934,0,0,0,0,2.472,9.796
2637,0.000,-3.461,7.152,0.137,2.393,9.808,2.213,-17.040,-7.811,0.005,2.831,9.047,1.877,0.134,0.000,0.209,-0.132,3,-0.984,-0.934,6,0,0,1,2.472,9.796
2638,0.000,-3.593,7.152,0.115,2.362,9.813,2.121,-17.128,-7.811,0.000,2.865,9.018,1.785,0.134,0.000,0.209,-0.132,3,-0.985,-0.934,0,2,2,0,2.472,9.796
2639,0.000,-3.702,7.152,0.137,2.326,9.849,2.029,-17.238,-7.811,0.000,2.807,9.004,1.572,0.134,0.000,0.209,-0.132,3,-0.985,-0.934,0,0,0,0,2.380,9.796
2640,0.000,-3.834,7.152,0.126,2.247,9.894,1.785,-17.348,-7.811,0.000,2.714,9.061,1.480,0.134,0.000,0.209,-0.132,3,-0.984,-0.935,0,0,0,0,2.289,9.796
2641,0.000,-3.988,7.152,0.126,2.271,9.932,1.633,-17.458,-7.811,0.000,2.735,9.080,1.358,0.134,0.000,0.209,-0.132,3,-0.985,-0.935,0,0,0,0,2.289,9.796
2642,0.000,-4.098,7.152,0.137,2.295,9.940,1.419,-17.545,-7.811,-0.005,2.733,9.059,1.266,0.134,0.000,0.209,-0.132,3,-0.985,-0.935,2,0,0,0,2.197,9.888
2643,0.000,-4.230,7.152,0.126,2.259,9.949,1.266,-17.655,-7.811,0.000,2.637,9.001,1.144,0.134,0.000,0.209,-0.132,3,-0.984,-0.935,0,2,1,0,2.197,9.888
2644,0.000,-4.362,7.152,0.115,2.240,9.954,1.144,-17.765,-7.811,0.000,2.659,9.047,0.931,0.134,0.000,0.209,-0.132,3,-0.984,-0.934,0,0,0,0,2.289,9.888
2645,0.000,-4.493,7.152,0.126,2.216,9.935,0.992,-17.875,-7.811,-0.016,2.685,9.030,0.870,0.134,0.000,0.209,-0.132,3,-0.984,-0.935,0,0,0,0,2.197,9.888
2646,0.000,-4.625,7.152,0.126,2.170,9.935,0.900,-17.985,-7.811,0.005,2.704,9.068,0.809,0.134,0.000,0.209,-0.132,3,-0.984,-0.936,0,0,3,0,2.197,9.888
2647,0.000,-4.757,7.152,0.126,2.139,9.935,0.656,-18.073,-7.811,-0.005,2.688,9.102,0.717,0.134,0.000,0.209,-0.132,3,-0.984,-0.935,0,0,5,0,2.197,9.888
2648,0.000,-4.867,7.152,0.126,2.158,9.961,0.504,-18.183,-7.811,0.005,2.649,9.097,0.351,0.134,0.000,0.209,-0.132,3,-0.984,-0.934,0,3,0,0,2.106,9.888
2649,0.000,-4.999,7.152,0.126,2.168,9.959,0.351,-18.293,-7.811,0.000,2.601,9.140,0.198,0.134,0.000,0.209,-0.132,3,-0.984,-0.937,0,0,1,0,2.106,9.888
2650,0.000,-5.131,7.152,0.137,2.122,9.911,0.168,-18.380,-7.811,0.000,2.597,9.164,0.259,0.134,0.000,0.209,-0.132,3,-0.983,-0.935,0,0,2,0,2.106,9.888
2651,0.000,-5.241,7.152,0.126,2.149,9.882,0.107,-18.490,-7.811,-0.005,2.620,9.123,0.046,0.134,0.000,0.209,-0.132,3,-0.984,-0.936,0,0,2,0,2.106,9.888
2652,0.000,-5.350,7.152,0.137,2.180,9.904,-0.015,-18.600,-7.811,0.000,2.618,9.140,-0.015,0.134,0.000,0.209,-0.132,3,-0.985,-0.935,0,0,7,1,2.106,9.888
2653,0.000,-5.482,7.152,0.115,2.130,9.918,-0.320,-18.688,-7.811,0.005,2.644,9.181,-0.137,0.134,0.000,0.209,-0.132,3,-0.984,-0.935,0,2,43,0,2.106,9.796
2654,0.000,-5.592,7.152,0.126,2.051,9.889,-0.534,-18.776,-7.811,0.016,2.685,9.193,-0.412,0.134,0.000,0.209,-0.132,3,-0.983,-0.934,0,0,82,0,2.106,9.888
2655,0.000,-5.724,7.152,0.115,2.029,9.921,-0.656,-18.864,-7.811,0.000,2.678,9.205,-0.565,0.134,0.000,0.209,-0.132,3,-0.983,-0.935,0,0,90,0,2.106,9.888
2656,0.000,-5.834,7.152,0.115,2.084,9.916,-0.809,-18.952,-7.811,0.000,2.637,9.202,-0.656,0.134,0.000,0.209,-0.132,3,-0.984,-0.933,1,0,112,3,2.014,9.888
2657,0.000,-5.944,7.152,0.093,2.111,9.875,-0.992,-19.062,-7.811,0.000,2.656,9.178,-0.778,0.134,0.000,0.209,-0.132,3,-0.985,-0.936,0,1,134,2,2.014,9.888
2658,0.000,-6.054,7.152,0.126,2.163,9.877,-1.114,-19.127,-7.811,0.005,2.719,9.183,-0.870,0.134,0.000,0.209,-0.132,3,-0.984,-0.935,0,0,162,0,2.014,9.888
2659,0.000,-6.141,7.152,0.126,2.194,9.882,-1.144,-19.215,-7.811,0.000,2.721,9.209,-0.931,0.134,0.000,0.209,-0.132,3,-0.984,-0.936,1,0,169,1,2.106,9.796
2660,0.000,-6.251,7.152,0.126,2.170,9.911,-1.389,-19.281,-7.811,0.000,2.719,9.229,-1.022,0.134,0.000,0.209,-0.132,3,-0.983,-0.936,0,0,196,1,2.106,9.796
2661,0.000,-6.339,7.152,0.126,2.142,9.887,-1.450,-19.369,-7.811,0.000,2.752,9.217,-1.328,0.134,0.000,0.209,-0.132,3,-0.984,-0.935,0,0,218,2,2.106,9.796
2662,0.000,-6.427,7.152,0.137,2.127,9.839,-1.419,-19.435,-7.811,0.000,2.793,9.202,-1.450,0.134,0.000,0.209,-0.132,3,-0.983,-0.936,0,0,244,1,2.106,9.888
2663,0.000,-6.537,7.152,0.126,2.122,9.842,-1.572,-19.501,-7.811,0.000,2.814,9.205,-1.755,0.134,0.000,0.209,-0.132,3,-0.983,-0.937,0,0,267,0,2.106,9.888
2664,0.000,-6.625,7.152,0.126,2.106,9.844,-1.694,-19.567,-7.811,0.005,2.802,9.181,-1.785,0.134,0.000,0.209,-0.132,3,-0.986,-0.936,2,0,294,1,2.106,9.796
2665,0.000,-6.713,7.152,0.115,2.190,9.858,-1.938,-19.611,-7.811,0.000,2.858,9.188,-1.633,0.134,0.000,0.209,-0.132,3,-0.983,-0.936,0,0,306,0,2.106,9.796
2666,0.000,-6.801,7.152,0.115,2.264,9.858,-2.182,-19.677,-7.811,0.005,2.951,9.214,-1.816,0.134,0.000,0.209,-0.132,3,-0.984,-0.936,0,0,332,0,2.106,9.796
2667,0.000,-6.867,7.152,0.126,2.269,9.861,-2.243,-19.721,-7.811,0.005,2.956,9.209,-2.029,0.134,0.000,0.209,-0.132,3,-0.985,-0.936,0,0,347,0,2.106,9.796
2668,0.000,-6.932,7.152,0.115,2.295,9.839,-2.213,-19.765,-7.811,0.005,2.934,9.197,-1.999,0.134,0.000,0.209,-0.132,3,-0.986,-0.936,1,0,377,0,2.197,9.796
2669,0.000,-6.998,7.152,0.137,2.340,9.794,-2.243,-19.809,-7.811,0.000,2.949,9.197,-2.152,0.134,0.000,0.209,-0.132,3,-0.984,-0.937,0,0,412,0,2.197,9.796
2670,0.000,-7.064,7.152,0.115,2.352,9.789,-2.396,-19.853,-7.811,-0.005,2.953,9.202,-2.213,0.134,0.000,0.209,-0.132,3,-0.983,-0.937,0,0,450,0,2.289,9.796
2671,0.000,-7.108,7.152,0.137,2.348,9.779,-2.579,-19.875,-7.811,0.005,3.001,9.200,-2.396,0.134,0.000,0.209,-0.132,3,-0.984,-0.937,2,0,481,1,2.289,9.705
2672,0.000,-7.174,7.152,0.126,2.367,9.729,-2.609,-19.919,-7.811,0.005,3.061,9.171,-2.518,0.134,0.000,0.209,-0.132,3,-0.983,-0.937,0,2,511,0,2.289,9.705
2673,0.000,-7.218,7.152,0.137,2.486,9.722,-2.518,-19.940,-7.811,0.016,3.102,9.140,-2.579,0.134,0.000,0.209,-0.132,3,-0.983,-0.937,0,0,544,0,2.289,9.705
2674,0.000,-7.262,7.152,0.115,2.546,9.719,-2.609,-19.962,-7.811,0.000,3.162,9.126,-2.640,0.134,0.000,0.209,-0.132,3,-0.985,-0.937,2,0,604,0,2.289,9.705
2675,0.000,-7.284,7.152,0.115,2.549,9.683,-2.853,-19.962,-7.811,0.000,3.186,9.145,-2.609,0.134,0.000,0.209,-0.132,3,-0.983,-0.937,0,0,661,0,2.472,9.705
2676,0.000,-7.306,7.152,0.115,2.587,9.636,-3.006,-19.984,-7.811,0.000,3.195,9.162,-2.762,0.134,0.000,0.209,-0.132,3,-0.983,-0.937,3,0,727,0,2.472,9.705
2677,0.000,-7.350,7.152,0.104,2.585,9.643,-3.189,-19.984,-7.811,0.000,3.253,9.166,-2.853,0.134,0.000,0.209,-0.132,3,-0.983,-0.937,0,3,767,0,2.472,9.613
2678,0.000,-7.350,7.152,0.115,2.711,9.595,-3.037,-19.984,-7.811,0.000,3.320,9.169,-3.067,0.134,0.000,0.209,-0.132,3,-0.983,-0.939,0,0,803,0,2.564,9.613
2679,0.000,-7.372,7.152,0.104,2.666,9.535,-3.037,-19.984,-7.811,-0.005,3.341,9.176,-3.189,0.134,0.000,0.209,-0.132,3,-0.983,-0.937,0,0,845,0,2.564,9.613
2680,0.000,-7.372,7.152,0.115,2.723,9.523,-3.159,-19.984,-7.811,0.000,3.375,9.176,-3.098,0.134,0.000,0.209,-0.132,3,-0.983,-0.937,0,0,874,0,2.655,9.522
2681,0.000,-7.372,7.152,0.115,2.843,9.540,-3.281,-19.984,-7.811,-0.016,3.435,9.152,-2.914,0.134,0.000,0.209,-0.132,3,-0.983,-0.937,1,0,910,0,2.655,9.522
2682,0.000,-7.372,7.152,0.126,2.819,9.497,-3.372,-19.962,-7.811,0.000,3.530,9.140,-2.853,0.134,0.000,0.209,-0.132,3,-0.983,-0.937,0,1,961,0,2.655,9.522
2683,0.000,-7.372,7.152,0.126,2.819,9.437,-3.372,-19.940,-7.811,0.000,3.549,9.166,-3.067,0.134,0.000,0.209,-0.132,3,-0.983,-0.937,0,0,992,2,2.838,9.522
2684,0.000,-7.350,7.152,0.126,2.951,9.466,-3.403,-19.919,-7.811,0.000,3.540,9.193,-3.311,0.134,0.000,0.209,-0.132,3,-0.982,-0.937,0,0,1014,1,2.747,9.430
2685,0.000,-7.328,7.152,0.115,3.032,9.475,-3.372,-19.875,-7.811,0.000,3.614,9.178,-3.342,0.134,0.000,0.209,-0.132,3,-0.982,-0.938,0,0,1063,0,2.747,9.430
2686,0.000,-7.306,7.152,0.115,3.004,9.399,-3.281,-19.853,-7.811,0.000,3.672,9.164,-3.311,0.134,0.000,0.209,-0.132,3,-0.982,-0.938,5,1,1086,0,2.930,9.430
2687,0.000,-7.284,7.152,0.115,3.039,9.363,-3.403,-19.809,-7.811,0.000,3.717,9.205,-3.311,0.134,0.000,0.209,-0.132,3,-0.982,-0.938,0,3,1099,0,3.021,9.430
2688,0.000,-7.240,7.152,0.126,3.116,9.341,-3.403,-19.765,-7.811,0.000,3.849,9.185,-3.159,0.134,0.000,0.209,-0.132,3,-0.982,-0.938,0,0,1110,1,2.930,9.339
2689,0.000,-7.196,7.152,0.126,3.176,9.336,-3.372,-19.721,-7.811,0.000,3.909,9.159,-3.098,0.134,0.000,0.209,-0.132,3,-0.982,-0.938,0,1,1129,2,3.021,9.339
2690,0.000,-7.152,7.152,0.126,3.202,9.339,-3.403,-19.677,-7.811,0.005,3.921,9.238,-3.159,0.134,0.000,0.209,-0.132,3,-0.982,-0.939,1,0,1144,0,3.113,9.339
2691,0.000,-7.108,7.152,0.115,3.241,9.346,-3.220,-19.611,-7.811,0.005,3.959,9.262,-3.159,0.134,0.000,0.209,-0.132,3,-0.982,-0.938,0,0,1160,1,3.113,9.247
2692,0.000,-7.064,7.152,0.137,3.274,9.317,-3.403,-19.567,-7.811,-0.005,3.992,9.226,-3.098,0.134,0.000,0.209,-0.132,3,-0.982,-0.938,0,1,1189,0,3.113,9.339
2693,0.000,-6.998,7.152,0.115,3.351,9.272,-3.311,-19.501,-7.811,-0.005,4.093,9.214,-3.220,0.134,0.000,0.209,-0.132,3,-0.981,-0.938,0,0,1213,0,3.204,9.339
2694,0.000,-6.932,7.152,0.115,3.458,9.298,-3.159,-19.435,-7.811,0.000,4.165,9.200,-3.189,0.134,0.000,0.209,-0.132,3,-0.980,-0.939,0,0,1228,0,3.204,9.247
2695,0.000,-6.867,7.152,0.137,3.511,9.298,-3.159,-19.347,-7.811,0.005,4.136,9.245,-2.976,0.134,0.000,0.209,-0.132,3,-0.982,-0.938,0,0,1236,3,3.296,9.247
2696,0.000,-6.801,7.152,0.137,3.576,9.286,-3.250,-19.281,-7.811,0.000,4.136,9.293,-2.914,0.134,0.000,0.209,-0.132,3,-0.981,-0.939,0,1,1265,0,3.388,9.247
2697,0.000,-6.713,7.152,0.148,3.590,9.250,-3.311,-19.215,-7.811,-0.005,4.203,9.269,-2.884,0.134,0.000,0.209,-0.132,3,-0.981,-0.939,0,0,1292,0,3.479,9.247
2698,0.000,-6.625,7.152,0.137,3.590,9.169,-3.128,-19.149,-7.811,0.005,4.265,9.267,-2.914,0.134,0.000,0.209,-0.132,3,-0.981,-0.939,0,0,1317,0,3.571,9.247
2699,0.000,-6.537,7.152,0.115,3.717,9.166,-2.945,-19.084,-7.811,0.005,4.296,9.272,-2.823,0.134,0.000,0.209,-0.132,3,-0.981,-0.939,0,1,1334,2,3.571,9.247
2700,0.000,-6.449,7.152,0.115,3.743,9.171,-2.853,-18.996,-7.811,-0.005,4.347,9.265,-2.762,0.134,0.000,0.209,-0.132,3,-0.980,-0.938,0,0,1357,2,3.571,9.155
2701,0.000,-6.361,7.152,0.126,3.700,9.162,-2.884,-18.930,-7.811,0.005,4.366,9.279,-2.762,0.134,0.000,0.209,-0.132,3,-0.981,-0.939,0,0,1387,1,3.662,9.155
2702,0.000,-6.273,7.152,0.137,3.786,9.142,-2.853,-18.842,-7.811,0.000,4.426,9.262,-2.609,0.134,0.000,0.209,-0.132,3,-0.982,-0.940,0,0,1438,1,3.662,9.155
2703,0.000,-6.163,7.152,0.137,3.873,9.097,-2.731,-18.754,-7.811,0.005,4.481,9.253,-2.701,0.134,0.000,0.209,-0.132,3,-0.984,-0.940,2,0,1460,1,3.662,9.155
2704,0.000,-6.054,7.152,0.137,3.947,9.051,-2.640,-18.666,-7.811,-0.005,4.478,9.265,-2.701,0.134,0.000,0.209,-0.132,3,-0.980,-0.940,0,0,1483,0,3.754,9.064
2705,0.000,-5.944,7.152,0.115,4.002,9.025,-2.609,-18.578,-7.811,0.005,4.476,9.272,-2.548,0.134,0.000,0.209,-0.132,3,-0.979,-0.940,0,0,1520,1,3.845,9.064
2706,0.000,-5.834,7.152,0.137,3.995,9.020,-2.487,-18.512,-7.811,-0.005,4.541,9.269,-2.304,0.134,0.000,0.209,-0.132,3,-0.982,-0.940,0,0,1544,1,3.937,8.972
2707,0.000,-5.724,7.152,0.126,4.026,9.013,-2.365,-18.424,-7.811,0.000,4.591,9.279,-2.243,0.134,0.000,0.209,-0.132,3,-0.983,-0.939,0,0,1556,0,3.937,8.972
2708,0.000,-5.614,7.152,0.115,4.103,8.987,-2.243,-18.314,-7.811,0.000,4.620,9.248,-2.090,0.134,0.000,0.209,-0.132,3,-0.981,-0.940,1,0,1572,0,3.937,8.972
2709,0.000,-5.482,7.152,0.115,4.105,8.982,-2.274,-18.227,-7.811,-0.005,4.620,9.207,-1.968,0.134,0.000,0.209,-0.132,3,-0.979,-0.939,0,0,1593,1,3.937,8.972
2710,0.000,-5.372,7.152,0.115,4.095,8.975,-2.365,-18.139,-7.811,0.000,4.620,9.224,-1.968,0.134,0.000,0.209,-0.132,3,-0.980,-0.940,3,0,1605,1,4.028,8.972
2711,0.000,-5.241,7.152,0.115,4.148,8.944,-2.335,-18.051,-7.811,-0.005,4.658,9.221,-1.816,0.134,0.000,0.209,-0.132,3,-0.980,-0.940,0,2,1627,0,4.028,8.972
2712,0.000,-5.131,7.152,0.137,4.174,8.896,-2.060,-17.963,-7.811,-0.005,4.692,9.183,-1.694,0.134,0.000,0.209,-0.132,3,-0.979,-0.941,0,0,1643,0,4.028,8.972
2713,0.000,-4.999,7.152,0.126,4.249,8.893,-1.694,-17.875,-7.811,0.000,4.720,9.118,-1.541,0.134,0.000,0.209,-0.132,3,-0.980,-0.941,3,0,1657,0,4.120,8.881
2714,0.000,-4.867,7.152,0.104,4.306,8.893,-1.694,-17.765,-7.811,0.000,4.680,9.073,-1.480,0.134,0.000,0.209,-0.132,3,-0.980,-0.941,0,0,1682,0,4.120,8.881
2715,0.000,-4.757,7.152,0.126,4.258,8.860,-1.663,-17.677,-7.811,0.005,4.670,9.085,-1.450,0.134,0.000,0.209,-0.132,3,-0.979,-0.941,3,0,1708,1,4.211,8.881
2716,0.000,-4.625,7.152,0.137,4.275,8.884,-1.511,-17.589,-7.811,0.000,4.715,9.097,-1.389,0.134,0.000,0.209,-0.132,3,-0.979,-0.941,0,0,1748,0,4.303,8.881
2717,0.000,-4.493,7.152,0.115,4.340,8.855,-1.480,-17.501,-7.811,-0.005,4.744,9.068,-1.328,0.134,0.000,0.209,-0.132,3,-0.980,-0.943,0,0,1778,0,4.211,8.789
2718,0.000,-4.362,7.152,0.137,4.368,8.798,-1.450,-17.392,-7.811,-0.005,4.701,9.071,-1.053,0.134,0.000,0.209,-0.132,3,-0.979,-0.941,0,0,1805,0,4.211,8.881
2719,0.000,-4.230,7.152,0.115,4.383,8.857,-1.266,-17.304,-7.811,0.005,4.696,9.104,-0.870,0.134,0.000,0.209,-0.132,3,-0.979,-0.942,0,0,1850,0,4.303,8.789
2720,0.000,-4.120,7.152,0.115,4.431,8.877,-0.961,-17.238,-7.811,-0.005,4.708,9.109,-0.687,0.134,0.000,0.209,-0.132,3,-0.979,-0.941,3,0,1883,0,4.303,8.789
2721,0.000,-3.988,7.152,0.137,4.531,8.860,-0.931,-17.150,-7.811,0.005,4.696,9.106,-0.748,0.134,0.000,0.209,-0.132,3,-0.979,-0.941,0,1,1911,0,4.303,8.789
2722,0.000,-3.834,7.152,0.104,4.536,8.865,-0.839,-17.062,-7.811,0.000,4.696,9.085,-0.626,0.134,0.000,0.209,-0.132,3,-0.979,-0.941,0,0,1933,1,4.395,8.789
2723,0.000,-3.702,7.152,0.104,4.512,8.877,-0.687,-16.974,-7.811,0.000,4.720,9.047,-0.412,0.134,0.000,0.209,-0.132,3,-0.978,-0.942,0,0,1955,0,4.486,8.789
2724,0.000,-3.593,7.152,0.115,4.510,8.893,-0.534,-16.886,-7.811,0.000,4.759,9.042,-0.351,0.134,0.000,0.209,-0.132,3,-0.979,-0.942,1,0,1977,0,4.486,8.789
2725,0.000,-3.461,7.152,0.115,4.514,8.860,-0.351,-16.820,-7.811,0.000,4.713,9.068,-0.351,0.134,0.000,0.209,-0.132,3,-0.978,-0.942,0,1,1999,0,4.486,8.789
2726,0.000,-3.329,7.152,0.115,4.562,8.857,-0.168,-16.732,-7.811,0.000,4.754,9.080,-0.168,0.134,0.000,0.209,-0.132,3,-0.979,-0.941,0,3,2011,0,4.486,8.881
2727,0.000,-3.219,7.152,0.126,4.543,8.862,-0.046,-16.645,-7.811,0.000,4.771,9.078,0.137,0.134,0.000,0.209,-0.132,3,-0.979,-0.940,0,0,2025,2,4.486,8.789
2728,0.000,-3.087,7.152,0.126,4.483,8.846,0.000,-16.579,-7.811,-0.016,4.751,9.097,0.198,0.134,0.000,0.209,-0.132,3,-0.978,-0.942,0,0,2038,0,4.486,8.789
2729,0.000,-2.977,7.152,0.126,4.483,8.831,0.137,-16.491,-7.811,0.005,4.778,9.102,0.076,0.134,0.000,0.209,-0.132,3,-0.979,-0.942,1,0,2062,0,4.486,8.789
2730,0.000,-2.867,7.152,0.126,4.531,8.848,0.229,-16.425,-7.811,0.000,4.739,9.068,0.107,0.134,0.000,0.209,-0.132,3,-0.979,-0.942,0,0,2089,2,4.395,8.789
2731,0.000,-2.758,7.152,0.126,4.555,8.867,0.381,-16.359,-7.811,0.000,4.720,9.102,0.351,0.134,0.000,0.209,-0.132,3,-0.978,-0.942,0,2,2105,0,4.395,8.789
2732,0.000,-2.626,7.152,0.115,4.550,8.836,0.534,-16.293,-7.811,-0.005,4.715,9.126,0.504,0.134,0.000,0.209,-0.132,3,-0.978,-0.941,0,0,2122,0,4.486,8.789
2733,0.000,-2.516,7.152,0.104,4.550,8.810,0.565,-16.227,-7.811,-0.005,4.713,9.133,0.748,0.134,0.000,0.209,-0.132,3,-0.977,-0.942,0,0,2134,0,4.486,8.789
2734,0.000,-2.406,7.152,0.126,4.533,8.819,0.687,-16.161,-7.811,0.000,4.723,9.133,0.961,0.134,0.000,0.209,-0.132,3,-0.979,-0.941,1,0,2150,3,4.486,8.789
2735,0.000,-2.296,7.152,0.115,4.522,8.831,0.778,-16.095,-7.811,0.000,4.732,9.128,0.992,0.134,0.000,0.209,-0.132,3,-0.978,-0.942,0,1,2164,1,4.486,8.789
2736,0.000,-2.208,7.152,0.126,4.481,8.836,0.992,-16.029,-7.811,-0.005,4.687,9.104,1.144,0.134,0.000,0.209,-0.132,3,-0.978,-0.942,0,0,2179,0,4.486,8.789
2737,0.000,-2.120,7.152,0.126,4.431,8.834,1.175,-15.985,-7.811,0.000,4.627,9.083,1.114,0.134,0.000,0.209,-0.132,3,-0.978,-0.942,0,0,2192,0,4.486,8.789
2738,0.000,-2.033,7.152,0.137,4.423,8.855,1.328,-15.919,-7.811,0.000,4.663,9.075,1.236,0.134,0.000,0.209,-0.132,3,-0.977,-0.942,0,2,2211,3,4.395,8.789
2739,0.000,-1.945,7.152,0.126,4.447,8.889,1.541,-15.875,-7.811,0.005,4.651,9.104,1.328,0.134,0.000,0.209,-0.132,3,-0.979,-0.941,0,0,2224,3,4.395,8.789
2740,0.000,-1.857,7.152,0.126,4.375,8.829,1.602,-15.810,-7.811,-0.005,4.579,9.116,1.511,0.134,0.000,0.209,-0.132,3,-0.977,-0.942,0,0,2237,1,4.395,8.789
2741,0.000,-1.769,7.152,0.126,4.335,8.824,1.602,-15.788,-7.811,0.000,4.555,9.085,1.602,0.134,0.000,0.209,-0.132,3,-0.979,-0.942,0,0,2252,1,4.395,8.881
2742,0.000,-1.703,7.152,0.126,4.378,8.881,1.755,-15.744,-7.811,-0.005,4.553,9.104,1.785,0.134,0.000,0.209,-0.132,3,-0.980,-0.942,1,0,2275,2,4.303,8.789
2743,0.000,-1.637,7.152,0.137,4.332,8.874,1.968,-15.700,-7.811,0.000,4.519,9.111,1.938,0.134,0.000,0.209,-0.132,3,-0.976,-0.942,0,0,2297,0,4.303,8.789
2744,0.000,-1.549,7.152,0.115,4.313,8.905,2.213,-15.656,-7.811,0.000,4.512,9.106,2.029,0.134,0.000,0.209,-0.132,3,-0.977,-0.941,0,0,2321,1,4.303,8.881
2745,0.000,-1.505,7.152,0.115,4.328,8.948,2.304,-15.634,-7.811,-0.005,4.476,9.104,2.182,0.134,0.000,0.209,-0.132,3,-0.977,-0.942,0,0,2339,0,4.303,8.789
2746,0.000,-1.439,7.152,0.126,4.244,8.984,2.365,-15.612,-7.811,-0.005,4.383,9.063,2.335,0.134,0.000,0.209,-0.132,3,-0.979,-0.941,0,0,2367,1,4.303,8.881
2747,0.000,-1.395,7.152,0.115,4.275,9.020,2.396,-15.568,-7.811,-0.005,4.416,9.063,2.396,0.134,0.000,0.209,-0.132,3,-0.977,-0.942,0,0,2391,0,4.303,8.881
2748,0.000,-1.329,7.152,0.126,4.191,9.056,2.518,-15.546,-7.811,0.005,4.416,9.080,2.426,0.134,0.000,0.209,-0.132,3,-0.976,-0.941,0,0,2410,1,4.211,8.972
2749,0.000,-1.307,7.152,0.115,4.047,9.068,2.579,-15.524,-7.811,-0.005,4.308,9.080,2.457,0.134,0.000,0.209,-0.132,3,-0.977,-0.941,0,0,2435,1,4.211,8.972
2750,0.000,-1.285,7.152,0.126,4.033,9.075,2.792,-15.524,-7.811,0.000,4.232,9.106,2.335,0.134,0.000,0.209,-0.132,3,-0.977,-0.942,0,3,2453,1,4.120,8.972
2751,0.000,-1.263,7.152,0.126,4.122,9.116,2.914,-15.524,-7.811,0.000,4.217,9.102,2.396,0.134,0.000,0.209,-0.132,3,-0.977,-0.942,0,0,2463,0,4.028,9.064
2752,0.000,-1.220,7.152,0.126,4.028,9.150,3.006,-15.524,-7.811,-0.005,4.177,9.061,2.640,0.134,0.000,0.209,-0.132,3,-0.977,-0.942,1,0,2479,0,4.028,9.064
2753,0.000,-1.220,7.152,0.126,3.956,9.214,3.189,-15.524,-7.811,0.005,4.119,9.071,2.731,0.134,0.000,0.209,-0.132,3,-0.977,-0.942,0,0,2492,0,4.120,9.064
2754,0.000,-1.220,7.152,0.137,3.954,9.276,3.220,-15.524,-7.811,0.005,4.081,9.080,2.792,0.134,0.000,0.209,-0.132,3,-0.977,-0.942,5,0,2502,1,4.028,9.064
2755,0.000,-1.198,7.152,0.126,3.925,9.272,3.220,-15.524,-7.811,0.000,4.040,9.061,2.640,0.134,0.000,0.209,-0.132,3,-0.977,-0.942,0,3,2517,1,3.937,9.155
2756,0.000,-1.198,7.152,0.126,3.868,9.265,3.128,-15.546,-7.811,0.000,4.052,9.063,2.701,0.134,0.000,0.209,-0.132,3,-0.977,-0.942,0,0,2534,1,3.937,9.247
2757,0.000,-1.220,7.152,0.126,3.784,9.320,3.189,-15.546,-7.811,-0.005,4.007,9.037,2.914,0.134,0.000,0.209,-0.132,3,-0.977,-0.942,0,0,2554,0,3.845,9.247
2758,0.000,-1.220,7.152,0.137,3.751,9.382,3.372,-15.568,-7.811,0.000,4.004,9.020,2.884,0.134,0.000,0.209,-0.132,3,-0.977,-0.942,0,0,2567,0,3.845,9.247
2759,0.000,-1.241,7.152,0.137,3.681,9.413,3.433,-15.568,-7.811,0.000,4.004,9.073,2.884,0.134,0.000,0.209,-0.132,3,-0.977,-0.942,1,0,2583,2,3.754,9.247
2760,0.000,-1.285,7.152,0.115,3.633,9.411,3.433,-15.590,-7.811,0.000,3.933,9.104,2.853,0.134,0.000,0.209,-0.132,3,-0.976,-0.942,0,1,2595,0,3.662,9.339
2761,0.000,-1.307,7.152,0.126,3.628,9.425,3.555,-15.612,-7.811,0.000,3.875,9.071,2.853,0.134,0.000,0.209,-0.132,3,-0.977,-0.941,0,0,2607,1,3.662,9.339
2762,0.000,-1.351,7.152,0.115,3.607,9.468,3.616,-15.656,-7.811,0.000,3.798,9.073,2.792,0.134,0.000,0.209,-0.132,3,-0.976,-0.942,0,0,2616,1,3.571,9.339
2763,0.000,-1.373,7.152,0.126,3.554,9.456,3.616,-15.678,-7.811,-0.005,3.777,9.085,2.762,0.134,0.000,0.209,-0.132,3,-0.976,-0.942,0,0,2637,0,3.571,9.339
2764,0.000,-1.417,7.152,0.137,3.516,9.494,3.586,-15.722,-7.811,-0.005,3.786,9.059,2.792,0.134,0.000,0.209,-0.132,3,-0.976,-0.942,1,2,2656,0,3.571,9.430
2765,0.000,-1.461,7.152,0.137,3.478,9.561,3.708,-15.744,-7.811,-0.005,3.796,9.035,2.853,0.134,0.000,0.209,-0.132,3,-0.976,-0.942,0,3,2667,0,3.479,9.430
2766,0.000,-1.527,7.152,0.137,3.411,9.595,3.708,-15.788,-7.811,0.005,3.743,9.037,3.006,0.134,0.000,0.209,-0.132,3,-0.976,-0.942,0,0,2673,0,3.479,9.430
2767,0.000,-1.571,7.152,0.126,3.332,9.585,3.525,-15.810,-7.811,0.005,3.698,9.085,3.067,0.134,0.000,0.209,-0.132,3,-0.975,-0.942,0,0,2684,0,3.388,9.522
2768,0.000,-1.637,7.152,0.115,3.308,9.564,3.464,-15.854,-7.811,0.005,3.669,9.123,3.037,0.134,0.000,0.209,-0.132,3,-0.976,-0.943,0,0,2696,0,3.388,9.522
2769,0.000,-1.703,7.152,0.115,3.300,9.609,3.586,-15.897,-7.811,0.000,3.652,9.104,3.067,0.134,0.000,0.209,-0.132,3,-0.975,-0.942,2,0,2722,0,3.296,9.522
2770,0.000,-1.769,7.152,0.115,3.209,9.609,3.555,-15.941,-7.811,0.000,3.648,9.068,2.884,0.134,0.000,0.209,-0.132,3,-0.976,-0.942,0,0,2737,0,3.296,9.522
2771,0.000,-1.835,7.152,0.126,3.109,9.566,3.616,-15.985,-7.811,0.005,3.621,9.066,2.823,0.134,0.000,0.209,-0.132,3,-0.975,-0.942,0,0,2749,0,3.296,9.522
2772,0.000,-1.923,7.152,0.115,3.054,9.581,3.403,-16.029,-7.811,-0.005,3.549,9.051,2.914,0.134,0.000,0.209,-0.132,3,-0.974,-0.942,0,0,2764,0,3.204,9.522
2773,0.000,-2.011,7.152,0.115,3.013,9.643,3.250,-16.095,-7.811,0.005,3.490,9.078,2.914,0.134,0.000,0.209,-0.132,3,-0.976,-0.940,0,0,2782,4,3.021,9.522
2774,0.000,-2.098,7.152,0.126,2.939,9.626,3.159,-16.139,-7.811,-0.005,3.423,9.085,2.792,0.134,0.000,0.209,-0.132,3,-0.976,-0.942,0,1,2798,0,3.021,9.522
2775,0.000,-2.186,7.152,0.137,2.860,9.616,3.159,-16.205,-7.811,0.000,3.387,9.061,2.640,0.134,0.000,0.209,-0.132,3,-0.975,-0.942,0,0,2810,0,2.930,9.613
2776,0.000,-2.296,7.152,0.115,2.836,9.662,3.128,-16.271,-7.811,0.000,3.382,9.080,2.426,0.134,0.000,0.209,-0.132,3,-0.976,-0.942,2,0,2822,3,2.930,9.613
2777,0.000,-2.384,7.152,0.115,2.790,9.676,3.098,-16.337,-7.811,0.000,3.403,9.114,2.457,0.134,0.000,0.209,-0.132,3,-0.974,-0.942,0,2,2842,2,2.838,9.613
2778,0.000,-2.494,7.152,0.115,2.743,9.700,2.884,-16.403,-7.811,0.005,3.346,9.121,2.518,0.134,0.000,0.209,-0.132,3,-0.975,-0.942,0,0,2853,2,2.747,9.613
2779,0.000,-2.604,7.152,0.115,2.704,9.698,2.609,-16.469,-7.811,-0.016,3.300,9.095,2.457,0.134,0.000,0.209,-0.132,3,-0.978,-0.942,0,0,2865,1,2.747,9.613
2780,0.000,-2.714,7.152,0.126,2.628,9.683,2.426,-16.535,-7.811,0.005,3.274,9.085,2.396,0.134,0.000,0.209,-0.132,3,-0.977,-0.943,0,0,2877,1,2.655,9.613
2781,0.000,-2.824,7.152,0.126,2.625,9.717,2.457,-16.601,-7.811,0.000,3.243,9.123,2.365,0.134,0.000,0.209,-0.132,3,-0.977,-0.942,0,0,2890,0,2.655,9.613
2782,0.000,-2.933,7.152,0.115,2.620,9.791,2.457,-16.688,-7.811,-0.005,3.253,9.118,2.152,0.134,0.000,0.209,-0.132,3,-0.973,-0.942,0,0,2906,1,2.564,9.613
2783,0.000,-3.065,7.152,0.126,2.582,9.782,2.274,-16.754,-7.811,0.000,3.193,9.135,1.999,0.134,0.000,0.209,-0.132,3,-0.974,-0.943,0,0,2921,1,2.564,9.705
2784,0.000,-3.175,7.152,0.126,2.525,9.712,2.090,-16.820,-7.811,-0.016,3.157,9.178,1.755,0.134,0.000,0.209,-0.132,3,-0.975,-0.942,0,0,2938,1,2.564,9.705
2785,0.000,-3.285,7.152,0.115,2.451,9.734,2.029,-16.908,-7.811,-0.005,3.188,9.169,1.663,0.134,0.000,0.209,-0.132,3,-0.978,-0.942,0,0,2946,1,2.564,9.705
2786,0.000,-3.417,7.152,0.104,2.436,9.770,1.938,-16.974,-7.811,0.005,3.188,9.135,1.816,0.134,0.000,0.209,-0.132,3,-0.974,-0.942,0,0,2959,0,2.472,9.705
2787,0.000,-3.527,7.152,0.115,2.417,9.772,1.968,-17.062,-7.811,-0.005,3.118,9.109,1.785,0.134,0.000,0.209,-0.132,3,-0.975,-0.942,0,0,2968,1,2.380,9.705
2788,0.000,-3.659,7.152,0.126,2.376,9.767,1.877,-17.128,-7.811,-0.005,3.090,9.118,1.633,0.134,0.000,0.209,-0.132,3,-0.975,-0.943,1,0,2979,1,2.380,9.705
2789,0.000,-3.790,7.152,0.115,2.340,9.782,1.663,-17.216,-7.811,0.000,3.075,9.121,1.358,0.134,0.000,0.209,-0.132,3,-0.976,-0.942,0,0,2992,0,2.380,9.705
2790,0.000,-3.900,7.152,0.148,2.288,9.818,1.419,-17.282,-7.811,0.000,3.049,9.123,1.297,0.134,0.000,0.209,-0.132,3,-0.975,-0.944,0,0,2999,0,2.289,9.705
2791,0.000,-4.032,7.152,0.104,2.276,9.842,1.358,-17.370,-7.811,0.005,3.008,9.130,1.144,0.134,0.000,0.209,-0.132,3,-0.976,-0.943,0,0,3007,0,2.289,9.705
2792,0.000,-4.164,7.152,0.115,2.259,9.861,1.205,-17.458,-7.811,0.005,2.989,9.142,1.114,0.134,0.000,0.209,-0.132,3,-0.975,-0.942,0,0,3015,1,2.289,9.796
2793,0.000,-4.296,7.152,0.115,2.247,9.863,0.992,-17.523,-7.811,0.000,3.013,9.152,1.053,0.134,0.000,0.209,-0.132,3,-0.975,-0.943,6,0,3022,3,2.197,9.796
2794,0.000,-4.428,7.152,0.115,2.237,9.837,0.809,-17.611,-7.811,0.005,2.989,9.126,0.809,0.134,0.000,0.209,-0.132,3,-0.975,-0.943,0,1,3032,1,2.197,9.796
2795,0.000,-4.537,7.152,0.104,2.221,9.830,0.626,-17.699,-7.811,0.000,2.920,9.116,0.534,0.134,0.000,0.209,-0.132,3,-0.975,-0.945,0,0,3040,1,2.197,9.796
2796,0.000,-4.669,7.152,0.115,2.225,9.820,0.656,-17.787,-7.811,0.000,2.901,9.083,0.473,0.134,0.000,0.209,-0.132,3,-0.975,-0.943,0,0,3047,0,2.197,9.796
2797,0.000,-4.779,7.152,0.137,2.221,9.825,0.687,-17.853,-7.811,-0.005,2.929,9.073,0.351,0.134,0.000,0.209,-0.132,3,-0.975,-0.942,0,0,3059,1,2.197,9.796
2798,0.000,-4.911,7.152,0.115,2.185,9.839,0.504,-17.941,-7.811,0.000,2.917,9.047,0.229,0.134,0.000,0.209,-0.132,3,-0.975,-0.943,1,0,3072,0,2.197,9.796
2799,0.000,-5.021,7.152,0.115,2.139,9.791,0.137,-18.007,-7.811,0.000,2.865,9.030,0.168,0.134,0.000,0.209,-0.132,3,-0.975,-0.943,0,1,3076,1,2.197,9.796
2800,0.000,-5.153,7.152,0.126,2.113,9.765,0.000,-18.095,-7.811,-0.027,2.874,9.068,0.076,0.134,0.000,0.209,-0.132,3,-0.975,-0.943,0,0,3085,2,2.106,9.796
2801,0.000,-5.263,7.152,0.126,2.130,9.777,-0.015,-18.183,-7.811,-0.005,2.891,9.042,0.000,0.134,0.000,0.209,-0.132,3,-0.973,-0.943,0,0,3094,0,2.106,9.705
2802,0.000,-5.372,7.152,0.126,2.163,9.767,-0.229,-18.249,-7.811,0.005,2.865,8.999,-0.046,0.134,0.000,0.209,-0.132,3,-0.974,-0.944,0,0,3114,0,2.106,9.705
2803,0.000,-5.482,7.152,0.126,2.187,9.791,-0.259,-18.336,-7.811,-0.005,2.865,9.061,-0.076,0.134,0.000,0.209,-0.132,3,-0.973,-0.943,3,1,3126,0,2.106,9.705
2804,0.000,-5.592,7.152,0.115,2.146,9.798,-0.595,-18.402,-7.811,0.000,2.853,9.126,-0.168,0.134,0.000,0.209,-0.132,3,-0.974,-0.942,0,3,3141,0,2.106,9.705
2805,0.000,-5.702,7.152,0.115,2.130,9.755,-0.748,-18.490,-7.811,0.005,2.874,9.097,-0.351,0.134,0.000,0.209,-0.132,3,-0.975,-0.942,1,0,3151,3,2.106,9.705
2806,0.000,-5.812,7.152,0.137,2.240,9.767,-0.717,-18.556,-7.811,0.000,2.884,9.063,-0.565,0.134,0.000,0.209,-0.132,3,-0.973,-0.943,0,0,3160,0,2.106,9.796
2807,0.000,-5.900,7.152,0.126,2.278,9.789,-0.748,-18.622,-7.811,0.005,2.886,9.071,-0.839,0.134,0.000,0.209,-0.132,3,-0.975,-0.943,1,0,3179,2,2.106,9.705
2808,0.000,-5.988,7.152,0.115,2.180,9.789,-0.870,-18.688,-7.811,0.005,2.846,9.090,-1.053,0.134,0.000,0.209,-0.132,3,-0.975,-0.943,1,0,3186,3,2.197,9.705
2809,0.000,-6.098,7.152,0.115,2.134,9.794,-1.053,-18.754,-7.811,-0.005,2.838,9.104,-0.992,0.134,0.000,0.209,-0.132,3,-0.974,-0.944,0,0,3191,2,2.197,9.705
2810,0.000,-6.185,7.152,0.126,2.216,9.786,-1.266,-18.820,-7.811,0.000,2.889,9.118,-1.144,0.134,0.000,0.209,-0.132,3,-0.973,-0.942,0,0,3204,0,2.106,9.705
2811,0.000,-6.273,7.152,0.115,2.304,9.791,-1.450,-18.886,-7.811,0.000,2.891,9.154,-1.266,0.134,0.000,0.209,-0.132,3,-0.973,-0.944,0,0,3211,0,2.106,9.705
2812,0.000,-6.361,7.152,0.115,2.340,9.818,-1.633,-18.952,-7.811,0.000,2.917,9.185,-1.358,0.134,0.000,0.209,-0.132,3,-0.975,-0.942,0,0,3223,3,2.197,9.705
2813,0.000,-6.427,7.152,0.115,2.309,9.801,-1.816,-19.018,-7.811,0.000,2.901,9.171,-1.450,0.134,0.000,0.209,-0.132,3,-0.974,-0.943,0,1,3231,1,2.289,9.705
2814,0.000,-6.493,7.152,0.115,2.374,9.755,-1.694,-19.084,-7.811,0.000,2.922,9.188,-1.480,0.134,0.000,0.209,-0.132,3,-0.974,-0.944,0,0,3239,0,2.289,9.796
2815,0.000,-6.559,7.152,0.126,2.415,9.789,-1.816,-19.127,-7.811,0.000,2.970,9.188,-1.419,0.134,0.000,0.209,-0.132,3,-0.974,-0.944,0,0,3247,0,2.289,9.796
2816,0.000,-6.625,7.152,0.115,2.415,9.779,-1.907,-19.193,-7.811,0.005,3.042,9.202,-1.633,0.134,0.000,0.209,-0.132,3,-0.972,-0.944,0,1,3258,2,2.289,9.705
2817,0.000,-6.691,7.152,0.126,2.448,9.758,-1.938,-19.237,-7.811,-0.005,3.028,9.241,-1.755,0.134,0.000,0.209,-0.132,3,-0.973,-0.943,0,0,3267,1,2.380,9.705
2818,0.000,-6.735,7.152,0.115,2.479,9.796,-2.060,-19.281,-7.811,-0.005,3.061,9.257,-1.907,0.134,0.000,0.209,-0.132,3,-0.974,-0.944,0,0,3274,1,2.380,9.705
2819,0.000,-6.779,7.152,0.126,2.479,9.777,-2.029,-19.325,-7.811,0.000,3.097,9.248,-1.938,0.134,0.000,0.209,-0.132,3,-0.973,-0.944,0,0,3279,0,2.380,9.705
2820,0.000,-6.845,7.152,0.126,2.518,9.719,-2.152,-19.347,-7.811,0.005,3.114,9.276,-1.877,0.134,0.000,0.209,-0.132,3,-0.975,-0.944,0,0,3286,0,2.472,9.796
2821,0.000,-6.867,7.152,0.115,2.577,9.700,-2.396,-19.391,-7.811,0.000,3.126,9.305,-2.029,0.134,0.000,0.209,-0.132,3,-0.971,-0.944,0,0,3296,0,2.472,9.705
2822,0.000,-6.911,7.152,0.137,2.625,9.695,-2.182,-19.435,-7.811,0.000,3.114,9.303,-2.152,0.134,0.000,0.209,-0.132,3,-0.972,-0.944,0,0,3310,1,2.472,9.705
2823,0.000,-6.932,7.152,0.126,2.632,9.669,-2.335,-19.457,-7.811,0.027,3.128,9.296,-2.213,0.134,0.000,0.209,-0.132,3,-0.976,-0.944,0,0,3318,1,2.564,9.613
2824,0.000,-6.976,7.152,0.148,2.678,9.648,-2.457,-19.501,-7.811,0.016,3.214,9.293,-2.335,0.134,0.000,0.209,-0.132,3,-0.976,-0.944,0,0,3328,1,2.564,9.613
2825,0.000,-6.976,7.152,0.115,2.762,9.612,-2.579,-19.523,-7.811,-0.005,3.253,9.293,-2.304,0.134,0.000,0.209,-0.132,3,-0.973,-0.944,0,0,3338,1,2.564,9.613
2826,0.000,-6.998,7.152,0.115,2.776,9.597,-2.609,-19.523,-7.811,0.000,3.286,9.279,-2.335,0.134,0.000,0.209,-0.132,3,-0.973,-0.943,0,0,3345,3,2.655,9.613
2827,0.000,-6.998,7.152,0.126,2.743,9.604,-2.609,-19.545,-7.811,-0.005,3.300,9.286,-2.365,0.134,0.000,0.209,-0.132,3,-0.974,-0.944,3,0,3358,2,2.747,9.522
2828,0.000,-7.020,7.152,0.126,2.800,9.578,-2.518,-19.567,-7.811,-0.005,3.327,9.296,-2.518,0.134,0.000,0.209,-0.132,3,-0.973,-0.944,0,2,3366,1,2.747,9.522
2829,0.000,-7.020,7.152,0.115,2.922,9.518,-2.487,-19.567,-7.811,0.005,3.411,9.257,-2.579,0.134,0.000,0.209,-0.132,3,-0.975,-0.945,0,0,3373,0,2.655,9.522
2830,0.000,-7.020,7.152,0.115,2.922,9.485,-2.487,-19.567,-7.811,-0.005,3.425,9.255,-2.396,0.134,0.000,0.209,-0.132,3,-0.975,-0.944,1,0,3384,0,2.747,9.522
2831,0.000,-6.998,7.152,0.104,2.913,9.458,-2.579,-19.567,-7.811,0.000,3.420,9.291,-2.518,0.134,0.000,0.209,-0.132,3,-0.974,-0.944,0,0,3389,1,2.838,9.430
2832,0.000,-6.998,7.152,0.126,2.963,9.423,-2.792,-19.567,-7.811,0.000,3.482,9.303,-2.884,0.134,0.000,0.209,-0.132,3,-0.973,-0.944,5,0,3397,2,2.838,9.430
2833,0.000,-6.976,7.152,0.126,3.008,9.442,-2.701,-19.545,-7.811,0.000,3.557,9.245,-2.914,0.134,0.000,0.209,-0.132,3,-0.973,-0.944,0,0,3404,0,2.838,9.430
2834,0.000,-6.954,7.152,0.126,3.023,9.370,-2.792,-19.545,-7.811,0.005,3.535,9.212,-2.670,0.134,0.000,0.209,-0.132,3,-0.974,-0.945,0,0,3408,1,2.930,9.339
2835,0.000,-6.932,7.152,0.137,3.109,9.339,-2.792,-19.523,-7.811,0.005,3.514,9.233,-2.640,0.134,0.000,0.209,-0.132,3,-0.973,-0.944,0,0,3411,0,2.930,9.430
2836,0.000,-6.889,7.152,0.126,3.181,9.370,-2.701,-19.523,-7.811,0.000,3.557,9.217,-2.670,0.134,0.000,0.209,-0.132,3,-0.973,-0.944,0,0,3408,0,3.021,9.339
2837,0.000,-6.867,7.152,0.115,3.118,9.308,-2.792,-19.501,-7.811,0.005,3.605,9.231,-2.823,0.134,0.000,0.209,-0.132,3,-0.973,-0.944,2,0,3418,0,3.021,9.339
2838,0.000,-6.823,7.152,0.115,3.111,9.272,-2.884,-19.479,-7.811,0.000,3.640,9.260,-2.670,0.134,0.000,0.209,-0.132,3,-0.973,-0.944,0,1,3424,0,3.113,9.339
2839,0.000,-6.801,7.152,0.126,3.209,9.296,-2.823,-19.457,-7.811,0.000,3.698,9.226,-2.609,0.134,0.000,0.209,-0.132,3,-0.973,-0.945,0,0,3425,1,3.113,9.247
2840,0.000,-6.757,7.152,0.115,3.305,9.308,-2.853,-19.435,-7.811,0.005,3.796,9.236,-2.640,0.134,0.000,0.209,-0.132,3,-0.972,-0.944,0,0,3431,1,3.021,9.247
2841,0.000,-6.691,7.152,0.115,3.312,9.279,-2.853,-19.391,-7.811,0.005,3.837,9.257,-2.670,0.134,0.000,0.209,-0.132,3,-0.973,-0.945,0,0,3438,0,3.204,9.247
2842,0.000,-6.647,7.152,0.137,3.358,9.262,-2.884,-19.347,-7.811,-0.005,3.839,9.276,-2.701,0.134,0.000,0.209,-0.132,3,-0.972,-0.944,1,1,3458,0,3.296,9.247
2843,0.000,-6.581,7.152,0.126,3.456,9.245,-2.762,-19.303,-7.811,0.000,3.901,9.291,-2.701,0.134,0.000,0.209,-0.132,3,-0.973,-0.944,0,5,3462,1,3.296,9.247
2844,0.000,-6.515,7.152,0.126,3.502,9.229,-2.609,-19.259,-7.811,0.000,3.954,9.226,-2.701,0.134,0.000,0.209,-0.132,3,-0.974,-0.943,0,0,3465,2,3.296,9.247
2845,0.000,-6.449,7.152,0.115,3.535,9.217,-2.579,-19.215,-7.811,0.005,3.961,9.219,-2.823,0.134,0.000,0.209,-0.132,3,-0.972,-0.944,0,0,3472,0,3.388,9.155
2846,0.000,-6.383,7.152,0.126,3.569,9.169,-2.609,-19.171,-7.811,0.005,4.026,9.260,-2.731,0.134,0.000,0.209,-0.132,3,-0.974,-0.943,1,0,3477,2,3.479,9.155
2847,0.000,-6.295,7.152,0.115,3.588,9.164,-2.640,-19.106,-7.811,-0.016,4.095,9.248,-2.670,0.134,0.000,0.209,-0.132,3,-0.973,-0.944,2,0,3480,2,3.479,9.155
2848,0.000,-6.229,7.152,0.126,3.612,9.178,-2.548,-19.062,-7.811,0.000,4.129,9.243,-2.609,0.134,0.000,0.209,-0.132,3,-0.973,-0.944,0,1,3485,0,3.479,9.155
2849,0.000,-6.141,7.152,0.126,3.636,9.123,-2.487,-18.996,-7.811,0.005,4.167,9.241,-2.396,0.134,0.000,0.209,-0.132,3,-0.973,-0.945,3,0,3493,6,3.571,9.155
2850,0.000,-6.076,7.152,0.137,3.705,9.111,-2.457,-18.930,-7.811,-0.005,4.186,9.253,-2.487,0.134,0.000,0.209,-0.132,3,-0.972,-0.944,0,0,3505,0,3.571,9.155
2851,0.000,-5.988,7.152,0.137,3.715,9.097,-2.365,-18.864,-7.811,-0.005,4.232,9.236,-2.518,0.134,0.000,0.209,-0.132,3,-0.974,-0.943,0,0,3521,4,3.571,9.064
2852,0.000,-5.900,7.152,0.126,3.746,9.116,-2.396,-18.798,-7.811,0.005,4.277,9.214,-2.335,0.134,0.000,0.209,-0.132,3,-0.973,-0.944,0,1,3531,1,3.662,9.064
2853,0.000,-5.812,7.152,0.126,3.827,9.126,-2.487,-18.732,-7.811,-0.005,4.280,9.205,-2.243,0.134,0.000,0.209,-0.132,3,-0.973,-0.944,0,0,3538,0,3.662,9.064
2854,0.000,-5.724,7.152,0.137,3.844,9.099,-2.304,-18.644,-7.811,0.005,4.328,9.181,-2.213,0.134,0.000,0.209,-0.132,3,-0.973,-0.945,0,0,3543,0,3.662,9.064
2855,0.000,-5.636,7.152,0.137,3.909,9.085,-2.243,-18.578,-7.811,0.016,4.349,9.188,-2.213,0.134,0.000,0.209,-0.132,3,-0.972,-0.944,0,2,3547,3,3.754,9.064
2856,0.000,-5.526,7.152,0.137,3.961,9.066,-2.152,-18.512,-7.811,0.000,4.340,9.217,-2.029,0.134,0.000,0.209,-0.132,3,-0.972,-0.944,0,0,3550,1,3.754,9.064
2857,0.000,-5.416,7.152,0.126,3.990,9.030,-1.999,-18.424,-7.811,0.000,4.383,9.255,-1.907,0.134,0.000,0.209,-0.132,3,-0.973,-0.944,0,0,3551,2,3.845,9.064
2858,0.000,-5.328,7.152,0.115,4.016,9.008,-1.877,-18.358,-7.811,-0.005,4.402,9.221,-1.938,0.134,0.000,0.209,-0.132,3,-0.975,-0.945,0,0,3551,2,3.937,9.064
2859,0.000,-5.219,7.152,0.137,4.050,9.042,-1.755,-18.271,-7.811,0.005,4.440,9.171,-1.816,0.134,0.000,0.209,-0.132,3,-0.970,-0.945,0,0,3555,0,3.937,8.972
2860,0.000,-5.109,7.152,0.137,4.093,9.004,-1.633,-18.205,-7.811,0.000,4.512,9.164,-1.724,0.134,0.000,0.209,-0.132,3,-0.970,-0.945,0,0,3565,1,3.937,8.972
2861,0.000,-4.999,7.152,0.126,4.100,8.968,-1.663,-18.117,-7.811,0.016,4.510,9.164,-1.602,0.134,0.000,0.209,-0.132,3,-0.971,-0.945,0,0,3572,2,4.028,8.972
2862,0.000,-4.889,7.152,0.115,4.076,8.987,-1.572,-18.029,-7.811,-0.005,4.507,9.169,-1.541,0.134,0.000,0.209,-0.132,3,-0.975,-0.945,0,0,3577,1,4.028,8.972
2863,0.000,-4.779,7.152,0.115,4.134,8.975,-1.511,-17.963,-7.811,0.000,4.548,9.130,-1.480,0.134,0.000,0.209,-0.132,3,-0.975,-0.944,0,0,3579,1,4.028,8.881
2864,0.000,-4.669,7.152,0.126,4.179,8.951,-1.450,-17.875,-7.811,0.000,4.593,9.095,-1.389,0.134,0.000,0.209,-0.132,3,-0.973,-0.945,0,0,3587,1,4.028,8.972
2865,0.000,-4.559,7.152,0.126,4.153,8.951,-1.358,-17.787,-7.811,-0.005,4.624,9.150,-1.297,0.134,0.000,0.209,-0.132,3,-0.972,-0.944,0,0,3597,2,4.120,8.972
2866,0.000,-4.450,7.152,0.115,4.160,8.917,-1.266,-17.699,-7.811,0.000,4.610,9.159,-1.083,0.134,0.000,0.209,-0.132,3,-0.973,-0.944,1,0,3599,2,4.120,8.881
2867,0.000,-4.340,7.152,0.126,4.213,8.896,-1.175,-17.611,-7.811,0.000,4.586,9.092,-0.900,0.134,0.000,0.209,-0.132,3,-0.973,-0.945,0,0,3601,0,4.120,8.881
2868,0.000,-4.230,7.152,0.148,4.261,8.936,-1.114,-17.523,-7.811,0.000,4.653,9.087,-0.961,0.134,0.000,0.209,-0.132,3,-0.973,-0.946,0,0,3601,1,4.120,8.881
2869,0.000,-4.120,7.152,0.115,4.306,9.001,-1.083,-17.436,-7.811,0.000,4.658,9.126,-0.870,0.134,0.000,0.209,-0.132,3,-0.973,-0.945,0,0,3603,0,4.211,8.881
2870,0.000,-4.010,7.152,0.126,4.337,8.984,-0.870,-17.370,-7.811,0.000,4.632,9.095,-0.687,0.134,0.000,0.209,-0.132,3,-0.973,-0.945,0,0,3606,2,4.211,8.881
2871,0.000,-3.900,7.152,0.137,4.313,8.934,-0.687,-17.282,-7.811,0.000,4.656,9.049,-0.595,0.134,0.000,0.209,-0.132,3,-0.972,-0.945,7,0,3607,2,4.303,8.972
2872,0.000,-3.790,7.152,0.137,4.323,8.922,-0.565,-17.194,-7.811,0.000,4.663,9.047,-0.534,0.134,0.000,0.209,-0.132,3,-0.973,-0.945,0,1,3609,0,4.303,8.972
2873,0.000,-3.680,7.152,0.137,4.383,8.901,-0.443,-17.106,-7.811,0.000,4.627,9.049,-0.381,0.134,0.000,0.209,-0.132,3,-0.973,-0.947,0,0,3610,0,4.303,8.881
2874,0.000,-3.571,7.152,0.115,4.404,8.951,-0.443,-17.040,-7.811,0.000,4.668,9.018,-0.229,0.134,0.000,0.209,-0.132,3,-0.973,-0.945,0,0,3612,0,4.303,8.881
2875,0.000,-3.461,7.152,0.126,4.378,8.982,-0.259,-16.952,-7.811,0.000,4.658,8.992,-0.168,0.134,0.000,0.209,-0.132,3,-0.973,-0.945,0,0,3613,1,4.303,8.881
2876,0.000,-3.351,7.152,0.115,4.373,8.917,-0.076,-16.864,-7.811,0.005,4.612,9.008,-0.076,0.134,0.000,0.209,-0.132,3,-0.973,-0.945,1,0,3617,1,4.395,8.881
2877,0.000,-3.241,7.152,0.126,4.361,8.896,-0.046,-16.798,-7.811,0.005,4.605,9.020,0.000,0.134,0.000,0.209,-0.132,3,-0.973,-0.945,0,0,3622,0,4.303,8.972
2878,0.000,-3.153,7.152,0.126,4.378,8.946,-0.015,-16.732,-7.811,-0.005,4.636,9.016,0.000,0.134,0.000,0.209,-0.132,3,-0.973,-0.944,0,0,3625,2,4.303,8.881
2879,0.000,-3.043,7.152,0.115,4.356,8.970,0.046,-16.645,-7.811,-0.005,4.646,9.030,0.137,0.134,0.000,0.209,-0.132,3,-0.971,-0.945,0,0,3632,0,4.303,8.881
2880,0.000,-2.955,7.152,0.126,4.318,8.925,0.198,-16.579,-7.811,0.000,4.636,9.042,0.351,0.134,0.000,0.209,-0.132,3,-0.972,-0.946,1,0,3634,0,4.303,8.881
2881,0.000,-2.867,7.152,0.104,4.332,8.948,0.229,-16.513,-7.811,-0.005,4.708,9.016,0.443,0.134,0.000,0.209,-0.132,3,-0.972,-0.945,5,0,3635,1,4.303,8.881
2882,0.000,-2.780,7.152,0.126,4.344,8.953,0.412,-16.447,-7.811,-0.005,4.689,8.972,0.381,0.134,0.000,0.209,-0.132,3,-0.972,-0.945,0,3,3631,0,4.303,8.881
2883,0.000,-2.670,7.152,0.126,4.363,8.951,0.534,-16.359,-7.811,0.000,4.653,8.963,0.381,0.134,0.000,0.209,-0.132,3,-0.973,-0.944,1,0,3630,2,4.303,8.881
2884,0.000,-2.582,7.152,0.115,4.390,8.970,0.717,-16.293,-7.811,0.000,4.593,9.004,0.443,0.134,0.000,0.209,-0.132,3,-0.971,-0.945,0,0,3632,0,4.303,8.881
2885,0.000,-2.494,7.152,0.137,4.385,9.006,0.870,-16.249,-7.811,-0.005,4.579,9.037,0.748,0.134,0.000,0.209,-0.132,3,-0.972,-0.946,1,0,3635,0,4.303,8.881
2886,0.000,-2.428,7.152,0.115,4.306,8.992,0.961,-16.183,-7.811,0.000,4.632,9.008,0.931,0.134,0.000,0.209,-0.132,3,-0.972,-0.945,2,1,3639,0,4.303,8.881
2887,0.000,-2.340,7.152,0.137,4.277,8.968,0.992,-16.117,-7.811,-0.005,4.632,9.006,1.144,0.134,0.000,0.209,-0.132,3,-0.972,-0.945,0,3,3639,0,4.303,8.972
2888,0.000,-2.274,7.152,0.126,4.277,9.032,1.144,-16.051,-7.811,-0.005,4.574,9.020,1.144,0.134,0.000,0.209,-0.132,3,-0.972,-0.945,0,0,3638,0,4.303,8.972
2889,0.000,-2.208,7.152,0.104,4.234,9.083,1.297,-16.007,-7.811,-0.005,4.574,9.020,1.144,0.134,0.000,0.209,-0.132,3,-0.972,-0.945,0,3,3639,3,4.211,8.881
2890,0.000,-2.142,7.152,0.137,4.220,9.083,1.358,-15.963,-7.811,-0.005,4.538,9.008,1.389,0.134,0.000,0.209,-0.132,3,-0.973,-0.944,1,0,3648,5,4.211,8.972
2891,0.000,-2.076,7.152,0.137,4.249,9.121,1.450,-15.897,-7.811,0.005,4.526,8.977,1.480,0.134,0.000,0.209,-0.132,3,-0.972,-0.946,0,1,3651,2,4.211,9.064
2892,0.000,-2.033,7.152,0.126,4.244,9.116,1.694,-15.854,-7.811,0.000,4.550,8.989,1.755,0.134,0.000,0.209,-0.132,3,-0.972,-0.946,0,0,3653,0,4.211,9.064
2893,0.000,-1.967,7.152,0.126,4.177,9.039,1.877,-15.810,-7.811,0.000,4.493,8.996,1.846,0.134,0.000,0.209,-0.132,3,-0.973,-0.946,0,0,3656,2,4.211,9.064
2894,0.000,-1.923,7.152,0.115,4.131,9.078,1.785,-15.766,-7.811,0.000,4.440,8.984,1.694,0.134,0.000,0.209,-0.132,3,-0.971,-0.946,0,2,3657,3,4.211,9.064
2895,0.000,-1.879,7.152,0.137,4.124,9.140,1.877,-15.744,-7.811,0.005,4.383,8.977,1.785,0.134,0.000,0.209,-0.132,3,-0.971,-0.945,0,0,3658,2,4.120,8.972
2896,0.000,-1.835,7.152,0.126,4.074,9.128,2.090,-15.700,-7.811,0.005,4.390,8.975,1.968,0.134,0.000,0.209,-0.132,3,-0.974,-0.946,0,0,3658,2,4.120,9.064
2897,0.000,-1.813,7.152,0.126,4.026,9.150,2.213,-15.678,-7.811,0.005,4.402,8.999,2.090,0.134,0.000,0.209,-0.132,3,-0.974,-0.946,0,0,3657,1,4.120,9.064
2898,0.000,-1.769,7.152,0.126,3.988,9.185,2.243,-15.656,-7.811,-0.005,4.323,9.013,2.060,0.134,0.000,0.209,-0.132,3,-0.974,-0.946,0,0,3657,0,4.028,9.064
2899,0.000,-1.747,7.152,0.126,4.009,9.197,2.335,-15.634,-7.811,0.000,4.270,9.011,2.060,0.134,0.000,0.209,-0.132,3,-0.973,-0.946,0,2,3657,1,3.937,9.064
2900,0.000,-1.725,7.152,0.126,4.026,9.233,2.518,-15.612,-7.811,0.005,4.289,9.001,2.121,0.134,0.000,0.209,-0.132,3,-0.974,-0.944,0,0,3661,1,3.937,9.155
2901,0.000,-1.703,7.152,0.115,3.959,9.243,2.548,-15.590,-7.811,0.005,4.292,8.992,2.213,0.134,0.000,0.209,-0.132,3,-0.975,-0.946,0,0,3664,1,3.937,9.155
2902,0.000,-1.703,7.152,0.137,3.887,9.243,2.640,-15.590,-7.811,-0.005,4.253,9.004,2.426,0.134,0.000,0.209,-0.132,3,-0.974,-0.946,0,0,3663,1,3.937,9.155
2903,0.000,-1.681,7.152,0.126,3.810,9.284,2.701,-15.568,-7.811,-0.005,4.143,9.042,2.426,0.134,0.000,0.209,-0.132,3,-0.973,-0.946,0,0,3662,1,3.937,9.155
2904,0.000,-1.681,7.152,0.115,3.758,9.293,2.640,-15.568,-7.811,0.005,4.158,9.035,2.365,0.134,0.000,0.209,-0.132,3,-0.972,-0.946,0,0,3664,2,3.845,9.155
2905,0.000,-1.703,7.152,0.115,3.753,9.276,2.853,-15.568,-7.811,-0.005,4.138,9.018,2.396,0.134,0.000,0.209,-0.132,3,-0.972,-0.946,2,0,3665,2,3.754,9.247
2906,0.000,-1.703,7.152,0.137,3.782,9.339,2.853,-15.568,-7.811,0.000,4.095,9.032,2.518,0.134,0.000,0.209,-0.132,3,-0.972,-0.947,0,0,3665,0,3.754,9.247
2907,0.000,-1.703,7.152,0.137,3.743,9.377,2.884,-15.568,-7.811,-0.005,4.052,9.042,2.640,0.134,0.000,0.209,-0.132,3,-0.972,-0.948,0,0,3667,1,3.754,9.247
2908,0.000,-1.725,7.152,0.126,3.628,9.377,2.823,-15.590,-7.811,0.005,4.004,9.013,2.670,0.134,0.000,0.209,-0.132,3,-0.973,-0.947,0,0,3672,0,3.754,9.339
2909,0.000,-1.747,7.152,0.115,3.576,9.382,2.762,-15.590,-7.811,0.000,4.007,9.013,2.670,0.134,0.000,0.209,-0.132,3,-0.972,-0.947,0,0,3671,1,3.662,9.339
2910,0.000,-1.769,7.152,0.126,3.561,9.427,2.976,-15.612,-7.811,0.000,3.925,9.049,2.579,0.134,0.000,0.209,-0.132,3,-0.972,-0.947,5,0,3672,2,3.571,9.339
2911,0.000,-1.813,7.152,0.126,3.504,9.458,3.098,-15.634,-7.811,0.016,3.830,9.087,2.670,0.134,0.000,0.209,-0.132,3,-0.972,-0.947,0,0,3674,0,3.571,9.339
2912,0.000,-1.835,7.152,0.115,3.482,9.451,2.976,-15.678,-7.811,-0.005,3.818,9.087,2.731,0.134,0.000,0.209,-0.132,3,-0.972,-0.947,0,0,3669,1,3.479,9.339
2913,0.000,-1.879,7.152,0.115,3.466,9.475,2.976,-15.700,-7.811,0.005,3.813,9.063,2.762,0.134,0.000,0.209,-0.132,3,-0.973,-0.947,0,0,3672,0,3.479,9.430
2914,0.000,-1.923,7.152,0.126,3.442,9.506,2.914,-15.744,-7.811,-0.005,3.763,9.083,2.792,0.134,0.000,0.209,-0.132,3,-0.972,-0.947,0,0,3673,1,3.479,9.430
2915,0.000,-1.967,7.152,0.137,3.341,9.518,3.006,-15.766,-7.811,-0.005,3.729,9.106,2.762,0.134,0.000,0.209,-0.132,3,-0.972,-0.947,2,0,3674,0,3.388,9.430
2916,0.000,-2.011,7.152,0.137,3.291,9.530,3.006,-15.810,-7.811,0.005,3.748,9.140,2.670,0.134,0.000,0.209,-0.132,3,-0.972,-0.947,0,1,3675,2,3.388,9.430
2917,0.000,-2.076,7.152,0.104,3.279,9.585,2.884,-15.854,-7.811,-0.005,3.691,9.142,2.731,0.134,0.000,0.209,-0.132,3,-0.972,-0.946,0,0,3679,2,3.296,9.430
2918,0.000,-2.142,7.152,0.104,3.183,9.595,2.976,-15.897,-7.811,0.000,3.624,9.126,2.701,0.134,0.000,0.209,-0.132,3,-0.971,-0.947,0,0,3683,1,3.204,9.522
2919,0.000,-2.208,7.152,0.126,3.209,9.604,2.945,-15.941,-7.811,0.000,3.609,9.106,2.670,0.134,0.000,0.209,-0.132,3,-0.972,-0.946,0,0,3691,2,3.204,9.522
2920,0.000,-2.252,7.152,0.137,3.245,9.614,2.914,-15.985,-7.811,-0.005,3.605,9.111,2.762,0.134,0.000,0.209,-0.132,3,-0.971,-0.947,2,1,3701,0,3.113,9.522
2921,0.000,-2.318,7.152,0.115,3.140,9.621,3.006,-16.051,-7.811,0.005,3.585,9.169,2.701,0.134,0.000,0.209,-0.132,3,-0.972,-0.946,0,3,3705,1,3.204,9.522
2922,0.000,-2.384,7.152,0.115,3.047,9.621,2.914,-16.095,-7.811,0.016,3.549,9.209,2.579,0.134,0.000,0.209,-0.132,3,-0.972,-0.947,0,0,3709,2,3.204,9.613
2923,0.000,-2.472,7.152,0.104,3.042,9.621,2.823,-16.139,-7.811,0.005,3.554,9.217,2.457,0.134,0.000,0.209,-0.132,3,-0.971,-0.947,0,0,3713,1,3.113,9.613
2924,0.000,-2.538,7.152,0.115,3.001,9.643,2.762,-16.205,-7.811,0.016,3.521,9.209,2.365,0.134,0.000,0.209,-0.132,3,-0.972,-0.947,1,0,3716,3,3.021,9.613
2925,0.000,-2.626,7.152,0.137,2.934,9.640,2.670,-16.271,-7.811,0.000,3.418,9.188,2.396,0.134,0.000,0.209,-0.132,3,-0.972,-0.947,2,1,3720,1,3.021,9.613
2926,0.000,-2.714,7.152,0.126,2.913,9.636,2.731,-16.337,-7.811,-0.005,3.375,9.174,2.335,0.134,0.000,0.209,-0.132,3,-0.971,-0.948,0,1,3719,0,2.930,9.613
2927,0.000,-2.802,7.152,0.115,2.893,9.616,2.579,-16.403,-7.811,0.000,3.332,9.190,2.243,0.134,0.000,0.209,-0.132,3,-0.971,-0.948,0,0,3719,1,2.930,9.613
2928,0.000,-2.867,7.152,0.126,2.843,9.638,2.548,-16.469,-7.811,-0.005,3.315,9.207,2.213,0.134,0.000,0.209,-0.132,3,-0.971,-0.947,0,1,3719,3,2.838,9.613
2929,0.000,-2.977,7.152,0.148,2.779,9.638,2.518,-16.535,-7.811,0.005,3.322,9.178,2.152,0.134,0.000,0.209,-0.132,3,-0.971,-0.949,0,0,3725,0,2.838,9.613
2930,0.000,-3.065,7.152,0.137,2.726,9.600,2.213,-16.623,-7.811,0.000,3.279,9.200,2.090,0.134,0.000,0.209,-0.132,3,-0.971,-0.948,0,0,3733,0,2.838,9.613
2931,0.000,-3.153,7.152,0.126,2.690,9.624,1.938,-16.688,-7.811,0.000,3.241,9.217,2.060,0.134,0.000,0.209,-0.132,3,-0.972,-0.948,0,0,3738,0,2.747,9.613
2932,0.000,-3.263,7.152,0.148,2.606,9.638,2.029,-16.754,-7.811,0.016,3.226,9.169,1.938,0.134,0.000,0.209,-0.132,3,-0.972,-0.948,0,0,3744,2,2.655,9.522
2933,0.000,-3.351,7.152,0.115,2.575,9.621,1.999,-16.842,-7.811,0.000,3.200,9.154,1.694,0.134,0.000,0.209,-0.132,3,-0.970,-0.948,0,2,3745,2,2.655,9.613
2934,0.000,-3.461,7.152,0.137,2.589,9.585,1.968,-16.908,-7.811,0.000,3.174,9.166,1.572,0.134,0.000,0.209,-0.132,3,-0.971,-0.947,0,0,3748,3,2.564,9.613
2935,0.000,-3.571,7.152,0.137,2.570,9.640,1.938,-16.996,-7.811,0.000,3.130,9.166,1.419,0.134,0.000,0.209,-0.132,3,-0.972,-0.948,0,0,3749,1,2.564,9.613
2936,0.000,-3.659,7.152,0.126,2.570,9.660,1.755,-17.062,-7.811,-0.005,3.087,9.181,1.236,0.134,0.000,0.209,-0.132,3,-0.973,-0.947,0,0,3748,0,2.564,9.522
2937,0.000,-3.768,7.152,0.137,2.513,9.624,1.541,-17.150,-7.811,0.000,3.073,9.178,1.205,0.134,0.000,0.209,-0.132,3,-0.972,-0.948,0,0,3750,0,2.564,9.613
2938,0.000,-3.878,7.152,0.126,2.427,9.626,1.389,-17.238,-7.811,0.000,3.047,9.133,1.328,0.134,0.000,0.209,-0.132,3,-0.970,-0.948,0,0,3754,0,2.564,9.613
2939,0.000,-3.988,7.152,0.137,2.371,9.600,1.450,-17.326,-7.811,0.000,3.030,9.121,1.144,0.134,0.000,0.209,-0.132,3,-0.973,-0.946,1,0,3757,2,2.472,9.613
2940,0.000,-4.098,7.152,0.137,2.403,9.633,1.358,-17.392,-7.811,0.005,3.039,9.135,1.022,0.134,0.000,0.209,-0.132,3,-0.975,-0.948,0,0,3762,1,2.380,9.613
2941,0.000,-4.208,7.152,0.126,2.429,9.674,1.266,-17.480,-7.811,-0.005,3.025,9.152,0.870,0.134,0.000,0.209,-0.132,3,-0.972,-0.948,0,0,3767,0,2.289,9.522
2942,0.000,-4.318,7.152,0.126,2.345,9.652,0.992,-17.545,-7.811,0.005,3.006,9.150,0.626,0.134,0.000,0.209,-0.132,3,-0.971,-0.948,0,0,3768,1,2.380,9.613
2943,0.000,-4.428,7.152,0.115,2.336,9.631,0.809,-17.633,-7.811,-0.005,2.989,9.133,0.473,0.134,0.000,0.209,-0.132,3,-0.971,-0.948,0,0,3768,3,2.380,9.613
2944,0.000,-4.537,7.152,0.126,2.364,9.655,0.717,-17.721,-7.811,0.000,3.001,9.171,0.504,0.134,0.000,0.209,-0.132,3,-0.971,-0.949,3,0,3771,2,2.289,9.613
2945,0.000,-4.625,7.152,0.137,2.348,9.674,0.534,-17.787,-7.811,0.000,2.963,9.176,0.381,0.134,0.000,0.209,-0.132,3,-0.972,-0.948,0,1,3777,1,2.289,9.613
2946,0.000,-4.735,7.152,0.126,2.281,9.734,0.351,-17.875,-7.811,0.000,2.958,9.200,0.534,0.134,0.000,0.209,-0.132,3,-0.973,-0.949,0,0,3780,0,2.289,9.613
2947,0.000,-4.845,7.152,0.137,2.252,9.727,0.381,-17.963,-7.811,0.005,2.925,9.207,0.381,0.134,0.000,0.209,-0.132,3,-0.973,-0.949,0,0,3782,1,2.289,9.613
2948,0.000,-4.955,7.152,0.126,2.297,9.674,0.137,-18.029,-7.811,0.016,2.891,9.169,0.137,0.134,0.000,0.209,-0.132,3,-0.972,-0.948,0,0,3783,1,2.197,9.705
2949,0.000,-5.065,7.152,0.104,2.350,9.705,-0.076,-18.117,-7.811,0.005,2.905,9.154,0.015,0.134,0.000,0.209,-0.132,3,-0.971,-0.949,0,0,3788,2,2.197,9.705
2950,0.000,-5.153,7.152,0.126,2.364,9.763,-0.076,-18.205,-7.811,-0.005,2.915,9.195,-0.015,0.134,0.000,0.209,-0.132,3,-0.972,-0.949,0,0,3793,0,2.289,9.613
2951,0.000,-5.263,7.152,0.126,2.340,9.736,-0.046,-18.271,-7.811,-0.005,2.929,9.217,-0.107,0.134,0.000,0.209,-0.132,3,-0.972,-0.948,0,0,3794,2,2.289,9.705
2952,0.000,-5.350,7.152,0.137,2.321,9.751,-0.107,-18.358,-7.811,0.005,2.977,9.202,-0.290,0.134,0.000,0.209,-0.132,3,-0.972,-0.949,0,0,3798,0,2.289,9.705
2953,0.000,-5.438,7.152,0.137,2.321,9.767,-0.320,-18.424,-7.811,-0.005,2.977,9.178,-0.412,0.134,0.000,0.209,-0.132,3,-0.971,-0.949,0,0,3799,0,2.289,9.705
2954,0.000,-5.548,7.152,0.126,2.278,9.736,-0.381,-18.490,-7.811,0.000,2.949,9.183,-0.381,0.134,0.000,0.209,-0.132,3,-0.971,-0.949,1,0,3804,0,2.289,9.705
2955,0.000,-5.636,7.152,0.137,2.326,9.717,-0.412,-18.556,-7.811,0.000,2.910,9.224,-0.504,0.134,0.000,0.209,-0.132,3,-0.972,-0.949,0,2,3806,2,2.289,9.705
2956,0.000,-5.724,7.152,0.115,2.415,9.770,-0.473,-18.622,-7.811,0.005,2.958,9.241,-0.595,0.134,0.000,0.209,-0.132,3,-0.972,-0.950,0,0,3807,2,2.197,9.705
2957,0.000,-5.790,7.152,0.137,2.412,9.796,-0.656,-18.688,-7.811,0.000,3.020,9.221,-0.809,0.134,0.000,0.209,-0.132,3,-0.970,-0.949,0,0,3814,0,2.289,9.705
2958,0.000,-5.878,7.152,0.126,2.371,9.760,-0.778,-18.754,-7.811,0.000,2.975,9.226,-0.961,0.134,0.000,0.209,-0.132,3,-0.971,-0.950,0,0,3820,0,2.380,9.705
2959,0.000,-5.944,7.152,0.126,2.343,9.724,-0.961,-18.820,-7.811,0.000,2.965,9.243,-1.053,0.134,0.000,0.209,-0.132,3,-0.971,-0.949,0,0,3819,0,2.380,9.796
2960,0.000,-6.032,7.152,0.115,2.400,9.724,-1.236,-18.864,-7.811,0.000,2.989,9.255,-1.175,0.134,0.000,0.209,-0.132,3,-0.971,-0.948,0,3,3823,1,2.289,9.705
2961,0.000,-6.098,7.152,0.115,2.407,9.710,-1.266,-18.930,-7.811,-0.005,2.932,9.241,-1.144,0.134,0.000,0.209,-0.132,3,-0.972,-0.950,0,0,3823,2,2.289,9.705
2962,0.000,-6.163,7.152,0.126,2.427,9.691,-1.419,-18.996,-7.811,0.000,2.989,9.212,-1.236,0.134,0.000,0.209,-0.132,3,-0.970,-0.949,0,0,3828,0,2.380,9.705
2963,0.000,-6.229,7.152,0.148,2.501,9.743,-1.297,-19.040,-7.811,0.000,3.087,9.226,-1.358,0.134,0.000,0.209,-0.132,3,-0.972,-0.949,1,0,3836,3,2.380,9.705
2964,0.000,-6.295,7.152,0.126,2.510,9.743,-1.358,-19.084,-7.811,0.005,3.111,9.214,-1.572,0.134,0.000,0.209,-0.132,3,-0.971,-0.950,1,0,3840,2,2.380,9.613
2965,0.000,-6.339,7.152,0.115,2.520,9.669,-1.663,-19.127,-7.811,-0.005,3.118,9.197,-1.694,0.134,0.000,0.209,-0.132,3,-0.971,-0.949,0,2,3843,0,2.472,9.705
2966,0.000,-6.383,7.152,0.115,2.568,9.657,-1.694,-19.149,-7.811,0.000,3.186,9.200,-1.724,0.134,0.000,0.209,-0.132,3,-0.972,-0.950,3,0,3839,5,2.472,9.705
2967,0.000,-6.449,7.152,0.137,2.580,9.698,-1.694,-19.193,-7.811,0.000,3.198,9.205,-1.663,0.134,0.000,0.209,-0.132,3,-0.971,-0.949,0,2,3843,4,2.472,9.613
2968,0.000,-6.493,7.152,0.126,2.558,9.700,-1.785,-19.215,-7.811,0.005,3.147,9.221,-1.724,0.134,0.000,0.209,-0.132,3,-0.972,-0.948,0,0,3846,5,2.564,9.613
2969,0.000,-6.537,7.152,0.126,2.604,9.686,-1.938,-19.259,-7.811,0.005,3.181,9.221,-1.816,0.134,0.000,0.209,-0.132,3,-0.971,-0.950,0,0,3850,0,2.564,9.613
2970,0.000,-6.559,7.152,0.115,2.647,9.664,-1.907,-19.281,-7.811,0.005,3.200,9.233,-1.907,0.134,0.000,0.209,-0.132,3,-0.971,-0.949,0,0,3854,0,2.472,9.613
2971,0.000,-6.603,7.152,0.126,2.683,9.616,-1.999,-19.303,-7.811,0.000,3.231,9.209,-1.877,0.134,0.000,0.209,-0.132,3,-0.971,-0.949,2,0,3857,3,2.564,9.613
2972,0.000,-6.625,7.152,0.137,2.733,9.590,-2.152,-19.325,-7.811,0.000,3.281,9.197,-2.152,0.134,0.000,0.209,-0.132,3,-0.970,-0.949,0,2,3861,3,2.564,9.613
2973,0.000,-6.647,7.152,0.115,2.769,9.636,-2.060,-19.347,-7.811,0.000,3.353,9.229,-2.213,0.134,0.000,0.209,-0.132,3,-0.970,-0.949,0,0,3866,2,2.655,9.613
2974,0.000,-6.669,7.152,0.115,2.759,9.648,-2.213,-19.347,-7.811,0.000,3.365,9.245,-2.274,0.134,0.000,0.209,-0.132,3,-0.972,-0.950,0,0,3868,2,2.655,9.522
2975,0.000,-6.691,7.152,0.115,2.776,9.595,-2.335,-19.369,-7.811,0.016,3.370,9.231,-2.274,0.134,0.000,0.209,-0.132,3,-0.972,-0.949,0,0,3867,0,2.747,9.613
2976,0.000,-6.691,7.152,0.126,2.826,9.569,-2.365,-19.369,-7.811,0.000,3.432,9.207,-2.335,0.134,0.000,0.209,-0.132,3,-0.969,-0.949,0,0,3867,0,2.747,9.613
2977,0.000,-6.713,7.152,0.104,2.867,9.559,-2.335,-19.369,-7.811,0.005,3.399,9.209,-2.304,0.134,0.000,0.209,-0.132,3,-0.970,-0.949,0,0,3869,1,2.747,9.522
2978,0.000,-6.713,7.152,0.137,2.927,9.523,-2.548,-19.369,-7.811,0.005,3.461,9.212,-2.304,0.134,0.000,0.209,-0.132,3,-0.970,-0.949,0,0,3871,1,2.747,9.522
2979,0.000,-6.691,7.152,0.137,2.977,9.514,-2.518,-19.369,-7.811,0.000,3.549,9.214,-2.365,0.134,0.000,0.209,-0.132,3,-0.971,-0.950,0,0,3869,1,2.838,9.522
2980,0.000,-6.691,7.152,0.115,2.987,9.502,-2.609,-19.347,-7.811,0.000,3.573,9.197,-2.457,0.134,0.000,0.209,-0.132,3,-0.972,-0.949,1,0,3867,1,2.838,9.522
2981,0.000,-6.691,7.152,0.104,3.016,9.458,-2.731,-19.347,-7.811,0.000,3.616,9.212,-2.457,0.134,0.000,0.209,-0.132,3,-0.970,-0.950,0,0,3869,1,2.930,9.430
2982,0.000,-6.669,7.152,0.137,3.066,9.449,-2.518,-19.325,-7.811,-0.005,3.684,9.231,-2.396,0.134,0.000,0.209,-0.132,3,-0.971,-0.949,0,0,3870,2,2.930,9.430
2983,0.000,-6.647,7.152,0.126,3.087,9.444,-2.365,-19.303,-7.811,0.000,3.715,9.245,-2.335,0.134,0.000,0.209,-0.132,3,-0.971,-0.949,3,0,3871,2,2.930,9.430
2984,0.000,-6.625,7.152,0.126,3.107,9.418,-2.548,-19.259,-7.811,-0.005,3.729,9.281,-2.365,0.134,0.000,0.209,-0.132,3,-0.971,-0.950,0,1,3876,1,3.021,9.430
2985,0.000,-6.603,7.152,0.126,3.142,9.389,-2.609,-19.237,-7.811,-0.016,3.786,9.253,-2.579,0.134,0.000,0.209,-0.132,3,-0.972,-0.951,0,0,3879,0,3.021,9.430
2986,0.000,-6.581,7.152,0.126,3.190,9.377,-2.609,-19.215,-7.811,0.000,3.798,9.193,-2.701,0.134,0.000,0.209,-0.132,3,-0.972,-0.950,0,0,3881,0,3.021,9.339
2987,0.000,-6.537,7.152,0.115,3.198,9.344,-2.731,-19.171,-7.811,0.005,3.830,9.171,-2.579,0.134,0.000,0.209,-0.132,3,-0.971,-0.950,0,0,3881,1,3.113,9.339
2988,0.000,-6.515,7.152,0.104,3.193,9.300,-2.548,-19.127,-7.811,-0.005,3.873,9.209,-2.426,0.134,0.000,0.209,-0.132,3,-0.971,-0.950,1,0,3883,2,3.113,9.339
2989,0.000,-6.471,7.152,0.126,3.202,9.272,-2.518,-19.106,-7.811,0.005,3.858,9.212,-2.396,0.134,0.000,0.209,-0.132,3,-0.971,-0.950,0,2,3887,1,3.113,9.339
2990,0.000,-6.427,7.152,0.115,3.296,9.274,-2.457,-19.062,-7.811,0.000,3.942,9.183,-2.274,0.134,0.000,0.209,-0.132,3,-0.971,-0.951,0,0,3886,1,3.113,9.247
2991,0.000,-6.383,7.152,0.115,3.363,9.265,-2.548,-19.018,-7.811,-0.005,3.968,9.193,-2.274,0.134,0.000,0.209,-0.132,3,-0.971,-0.950,0,0,3881,0,3.113,9.247
2992,0.000,-6.339,7.152,0.126,3.370,9.269,-2.579,-18.974,-7.811,0.000,4.007,9.205,-2.457,0.134,0.000,0.209,-0.132,3,-0.971,-0.950,0,0,3879,0,3.296,9.247
2993,0.000,-6.295,7.152,0.137,3.456,9.257,-2.396,-18.908,-7.811,0.000,4.028,9.171,-2.396,0.134,0.000,0.209,-0.132,3,-0.971,-0.950,1,0,3883,0,3.296,9.247
2994,0.000,-6.229,7.152,0.126,3.492,9.202,-2.426,-18.864,-7.811,0.000,4.012,9.174,-2.365,0.134,0.000,0.209,-0.132,3,-0.971,-0.950,0,0,3882,0,3.296,9.247
2995,0.000,-6.163,7.152,0.126,3.528,9.197,-2.487,-18.820,-7.811,0.000,4.064,9.195,-2.335,0.134,0.000,0.209,-0.132,3,-0.972,-0.950,1,0,3879,3,3.388,9.247
2996,0.000,-6.098,7.152,0.115,3.583,9.217,-2.274,-18.754,-7.811,0.000,4.153,9.205,-2.274,0.134,0.000,0.209,-0.132,3,-0.970,-0.950,0,0,3884,0,3.479,9.155
2997,0.000,-6.032,7.152,0.115,3.547,9.209,-2.274,-18.688,-7.811,0.005,4.167,9.181,-2.274,0.134,0.000,0.209,-0.132,3,-0.971,-0.951,0,0,3889,0,3.479,9.155
2998,0.000,-5.966,7.152,0.137,3.559,9.147,-2.487,-18.644,-7.811,0.005,4.148,9.138,-2.243,0.134,0.000,0.209,-0.132,3,-0.970,-0.950,5,1,3892,1,3.571,9.155
2999,0.000,-5.900,7.152,0.126,3.650,9.116,-2.365,-18.578,-7.811,0.027,4.177,9.145,-2.121,0.134,0.000,0.209,-0.132,3,-0.970,-0.950,0,0,3891,1,3.479,9.155
3000,0.000,-5.812,7.152,0.115,3.719,9.142,-2.121,-18.512,-7.811,0.000,4.227,9.157,-1.999,0.134,0.000,0.209,-0.132,3,-0.971,-0.950,0,0,3894,1,3.479,9.064
3001,0.000,-5.746,7.152,0.115,3.746,9.116,-1.907,-18.446,-7.811,0.005,4.261,9.150,-1.999,0.134,0.000,0.209,-0.132,3,-0.970,-0.950,0,0,3900,1,3.571,9.064
3002,0.000,-5.658,7.152,0.104,3.784,9.106,-1.938,-18.380,-7.811,0.000,4.289,9.147,-1.907,0.134,0.000,0.209,-0.132,3,-0.971,-0.950,1,0,3902,2,3.662,9.064
3003,0.000,-5.570,7.152,0.115,3.786,9.106,-2.029,-18.314,-7.811,-0.005,4.292,9.164,-1.816,0.134,0.000,0.209,-0.132,3,-0.971,-0.950,2,0,3909,1,3.662,9.064
3004,0.000,-5.482,7.152,0.115,3.777,9.114,-1.938,-18.249,-7.811,0.000,4.335,9.162,-1.663,0.134,0.000,0.209,-0.132,3,-0.970,-0.950,0,1,3911,0,3.754,9.064
3005,0.000,-5.394,7.152,0.126,3.846,9.123,-1.968,-18.183,-7.811,0.016,4.325,9.116,-1.572,0.134,0.000,0.209,-0.132,3,-0.971,-0.951,2,0,3911,4,3.754,9.064
3006,0.000,-5.306,7.152,0.137,3.940,9.121,-1.938,-18.117,-7.811,-0.005,4.352,9.087,-1.694,0.134,0.000,0.209,-0.132,3,-0.970,-0.950,0,2,3909,5,3.754,9.064
3007,0.000,-5.219,7.152,0.126,3.933,9.114,-1.694,-18.029,-7.811,-0.016,4.414,9.102,-1.663,0.134,0.000,0.209,-0.132,3,-0.971,-0.949,0,0,3908,3,3.845,9.064
3008,0.000,-5.131,7.152,0.115,3.942,9.116,-1.602,-17.963,-7.811,0.000,4.397,9.128,-1.450,0.134,0.000,0.209,-0.132,3,-0.971,-0.950,0,1,3911,0,3.937,9.064
3009,0.000,-5.043,7.152,0.126,4.004,9.145,-1.511,-17.897,-7.811,0.016,4.438,9.123,-1.358,0.134,0.000,0.209,-0.132,3,-0.971,-0.950,0,0,3913,3,3.845,9.064
3010,0.000,-4.955,7.152,0.126,4.074,9.166,-1.511,-17.809,-7.811,0.005,4.440,9.104,-1.328,0.134,0.000,0.209,-0.132,3,-0.971,-0.950,2,0,3918,3,3.937,9.064
3011,0.000,-4.845,7.152,0.115,4.091,9.114,-1.480,-17.743,-7.811,0.016,4.428,9.126,-1.175,0.134,0.000,0.209,-0.132,3,-0.970,-0.950,0,1,3920,2,3.937,9.064
3012,0.000,-4.757,7.152,0.137,4.043,9.075,-1.236,-17.677,-7.811,0.000,4.471,9.114,-1.114,0.134,0.000,0.209,-0.132,3,-0.970,-0.950,0,0,3922,2,4.028,9.155
3013,0.000,-4.647,7.152,0.148,4.162,9.047,-1.205,-17.611,-7.811,-0.005,4.502,9.054,-1.114,0.134,0.000,0.209,-0.132,3,-0.972,-0.951,0,0,3924,3,4.028,9.064
3014,0.000,-4.559,7.152,0.126,4.126,9.037,-1.053,-17.523,-7.811,0.005,4.478,9.037,-0.992,0.134,0.000,0.209,-0.132,3,-0.972,-0.951,0,0,3926,1,4.028,9.064
3015,0.000,-4.450,7.152,0.115,4.198,9.097,-1.053,-17.458,-7.811,-0.005,4.435,9.102,-0.839,0.134,0.000,0.209,-0.132,3,-0.969,-0.950,0,0,3927,0,4.120,8.972
3016,0.000,-4.340,7.152,0.115,4.237,9.090,-0.900,-17.392,-7.811,-0.016,4.469,9.102,-0.870,0.134,0.000,0.209,-0.132,3,-0.970,-0.951,0,0,3929,0,4.120,8.972
3017,0.000,-4.252,7.152,0.115,4.222,9.075,-0.778,-17.326,-7.811,0.000,4.510,9.030,-0.717,0.134,0.000,0.209,-0.132,3,-0.971,-0.949,0,0,3932,1,4.120,9.064
3018,0.000,-4.142,7.152,0.126,4.237,9.078,-0.809,-17.238,-7.811,0.005,4.502,9.016,-0.534,0.134,0.000,0.209,-0.132,3,-0.973,-0.951,0,0,3934,1,4.211,9.064
3019,0.000,-4.032,7.152,0.104,4.253,9.068,-0.717,-17.172,-7.811,0.016,4.481,9.056,-0.504,0.134,0.000,0.209,-0.132,3,-0.970,-0.950,0,0,3936,1,4.211,9.064
3020,0.000,-3.944,7.152,0.115,4.273,9.054,-0.443,-17.106,-7.811,0.000,4.524,9.080,-0.473,0.134,0.000,0.209,-0.132,3,-0.970,-0.951,0,0,3935,0,4.211,9.064
3021,0.000,-3.834,7.152,0.137,4.273,9.054,-0.381,-17.040,-7.811,0.000,4.557,9.061,-0.412,0.134,0.000,0.209,-0.132,3,-0.970,-0.950,0,0,3937,3,4.211,9.064
3022,0.000,-3.746,7.152,0.115,4.313,9.044,-0.290,-16.974,-7.811,0.000,4.536,9.063,-0.320,0.134,0.000,0.209,-0.132,3,-0.971,-0.950,2,0,3939,2,4.211,8.972
3023,0.000,-3.637,7.152,0.126,4.306,9.023,-0.229,-16.908,-7.811,0.005,4.548,9.054,-0.137,0.134,0.000,0.209,-0.132,3,-0.971,-0.951,0,0,3942,0,4.211,8.972
3024,0.000,-3.549,7.152,0.126,4.323,9.047,-0.229,-16.842,-7.811,0.000,4.533,9.061,-0.046,0.134,0.000,0.209,-0.132,3,-0.971,-0.952,0,0,3946,1,4.303,8.972
3025,0.000,-3.439,7.152,0.115,4.368,9.087,-0.046,-16.776,-7.811,0.005,4.536,9.073,0.046,0.134,0.000,0.209,-0.132,3,-0.971,-0.951,0,0,3949,0,4.303,8.972
3026,0.000,-3.329,7.152,0.126,4.383,9.054,0.015,-16.710,-7.811,0.005,4.545,9.044,0.168,0.134,0.000,0.209,-0.132,3,-0.971,-0.951,0,0,3950,1,4.303,8.972
3027,0.000,-3.241,7.152,0.115,4.385,9.035,0.198,-16.645,-7.811,0.005,4.505,9.030,0.259,0.134,0.000,0.209,-0.132,3,-0.971,-0.951,0,0,3953,1,4.303,9.064
3028,0.000,-3.153,7.152,0.137,4.311,9.013,0.381,-16.601,-7.811,0.000,4.476,9.020,0.320,0.134,0.000,0.209,-0.132,3,-0.971,-0.951,0,0,3955,0,4.303,8.972
3029,0.000,-3.043,7.152,0.115,4.299,8.996,0.381,-16.535,-7.811,0.000,4.483,9.013,0.412,0.134,0.000,0.209,-0.132,3,-0.971,-0.950,0,0,3957,1,4.303,8.972
3030,0.000,-2.955,7.152,0.126,4.318,9.037,0.443,-16.491,-7.811,-0.005,4.541,9.004,0.626,0.134,0.000,0.209,-0.132,3,-0.971,-0.951,0,0,3960,0,4.303,8.972
3031,0.000,-2.889,7.152,0.148,4.258,9.054,0.534,-16.425,-7.811,0.005,4.543,8.989,0.717,0.134,0.000,0.209,-0.132,3,-0.970,-0.951,0,0,3962,0,4.211,8.972
3032,0.000,-2.802,7.152,0.126,4.208,9.061,0.687,-16.359,-7.811,0.005,4.488,9.001,0.809,0.134,0.000,0.209,-0.132,3,-0.970,-0.951,2,0,3963,0,4.303,8.972
3033,0.000,-2.736,7.152,0.115,4.268,9.087,0.778,-16.315,-7.811,0.000,4.466,8.992,0.900,0.134,0.000,0.209,-0.132,3,-0.971,-0.951,0,2,3959,2,4.211,8.972
3034,0.000,-2.648,7.152,0.148,4.308,9.095,0.992,-16.271,-7.811,0.000,4.423,8.968,0.992,0.134,0.000,0.209,-0.132,3,-0.971,-0.952,0,0,3960,1,4.120,8.972
3035,0.000,-2.582,7.152,0.115,4.246,9.102,1.083,-16.227,-7.811,0.000,4.407,9.011,1.022,0.134,0.000,0.209,-0.132,3,-0.970,-0.951,0,0,3961,0,4.211,9.064
3036,0.000,-2.516,7.152,0.115,4.191,9.092,1.144,-16.183,-7.811,0.000,4.378,9.020,1.053,0.134,0.000,0.209,-0.132,3,-0.970,-0.952,0,0,3964,0,4.303,9.064
3037,0.000,-2.450,7.152,0.137,4.143,9.085,1.205,-16.139,-7.811,0.000,4.383,9.011,1.144,0.134,0.000,0.209,-0.132,3,-0.970,-0.951,5,0,3966,1,4.211,9.064
3038,0.000,-2.406,7.152,0.115,4.150,9.104,1.236,-16.117,-7.811,0.005,4.387,8.999,1.236,0.134,0.000,0.209,-0.132,3,-0.970,-0.951,0,3,3963,2,4.120,9.064
3039,0.000,-2.340,7.152,0.137,4.165,9.078,1.328,-16.073,-7.811,0.000,4.368,8.953,1.389,0.134,0.000,0.209,-0.132,3,-0.971,-0.953,2,0,3966,4,4.120,9.064
3040,0.000,-2.296,7.152,0.115,4.138,9.114,1.572,-16.029,-7.811,0.000,4.337,8.972,1.541,0.134,0.000,0.209,-0.132,3,-0.970,-0.951,0,0,3970,0,4.120,9.064
3041,0.000,-2.230,7.152,0.104,4.138,9.145,1.877,-16.007,-7.811,0.000,4.306,9.011,1.633,0.134,0.000,0.209,-0.132,3,-0.971,-0.950,1,0,3973,3,4.120,9.064
3042,0.000,-2.186,7.152,0.137,4.093,9.123,1.846,-15.985,-7.811,0.000,4.313,9.008,1.694,0.134,0.000,0.209,-0.132,3,-0.971,-0.951,2,0,3975,2,4.120,9.064
3043,0.000,-2.142,7.152,0.126,4.000,9.092,1.602,-15.941,-7.811,0.000,4.273,9.008,1.633,0.134,0.000,0.209,-0.132,3,-0.971,-0.951,0,2,3977,0,4.120,9.064
3044,0.000,-2.120,7.152,0.115,4.002,9.126,1.633,-15.941,-7.811,0.005,4.244,9.020,1.785,0.134,0.000,0.209,-0.132,3,-0.970,-0.951,0,0,3977,0,4.028,9.064
3045,0.000,-2.076,7.152,0.126,4.024,9.200,1.877,-15.919,-7.811,0.000,4.237,9.023,1.877,0.134,0.000,0.209,-0.132,3,-0.970,-0.951,0,3,3975,5,3.937,9.064
3046,0.000,-2.054,7.152,0.115,3.968,9.178,2.060,-15.897,-7.811,-0.005,4.239,9.020,1.999,0.134,0.000,0.209,-0.132,3,-0.970,-0.951,0,0,3972,0,3.937,9.064
3047,0.000,-2.011,7.152,0.137,3.916,9.190,2.090,-15.875,-7.811,-0.005,4.205,9.051,1.938,0.134,0.000,0.209,-0.132,3,-0.970,-0.951,0,1,3973,0,3.937,9.155
3048,0.000,-2.011,7.152,0.115,3.894,9.241,2.090,-15.875,-7.811,-0.005,4.153,9.049,2.090,0.134,0.000,0.209,-0.132,3,-0.971,-0.951,0,0,3973,0,3.937,9.155
3049,0.000,-1.989,7.152,0.115,3.892,9.238,2.152,-15.854,-7.811,-0.005,4.110,9.068,1.999,0.134,0.000,0.209,-0.132,3,-0.970,-0.952,1,0,3975,2,3.845,9.155
3050,0.000,-1.967,7.152,0.115,3.856,9.238,2.304,-15.854,-7.811,0.005,4.067,9.075,1.999,0.134,0.000,0.209,-0.132,3,-0.970,-0.952,0,3,3978,3,3.845,9.155
3051,0.000,-1.967,7.152,0.093,3.856,9.288,2.487,-15.875,-7.811,-0.005,4.074,9.078,2.090,0.134,0.000,0.209,-0.132,3,-0.970,-0.951,0,0,3981,3,3.845,9.155
3052,0.000,-1.945,7.152,0.137,3.806,9.300,2.457,-15.875,-7.811,0.000,4.059,9.106,2.152,0.134,0.000,0.209,-0.132,3,-0.971,-0.952,0,0,3981,1,3.845,9.155
3053,0.000,-1.945,7.152,0.104,3.686,9.267,2.426,-15.875,-7.811,0.000,4.035,9.128,2.090,0.134,0.000,0.209,-0.132,3,-0.972,-0.951,0,0,3981,0,3.845,9.247
3054,0.000,-1.967,7.152,0.126,3.652,9.276,2.548,-15.875,-7.811,0.000,4.035,9.126,2.274,0.134,0.000,0.209,-0.132,3,-0.970,-0.952,0,0,3981,0,3.754,9.247
3055,0.000,-1.967,7.152,0.126,3.696,9.327,2.579,-15.897,-7.811,0.000,3.983,9.092,2.182,0.134,0.000,0.209,-0.132,3,-0.969,-0.952,0,0,3982,0,3.662,9.247
3056,0.000,-1.989,7.152,0.115,3.628,9.348,2.609,-15.897,-7.811,0.000,3.945,9.116,2.335,0.134,0.000,0.209,-0.132,3,-0.973,-0.950,0,0,3984,2,3.571,9.247
3057,0.000,-1.989,7.152,0.115,3.540,9.346,2.609,-15.919,-7.811,0.000,3.980,9.126,2.304,0.134,0.000,0.209,-0.132,3,-0.973,-0.952,0,1,3984,2,3.662,9.247
3058,0.000,-2.011,7.152,0.115,3.559,9.363,2.548,-15.919,-7.811,0.000,3.928,9.126,2.274,0.134,0.000,0.209,-0.132,3,-0.970,-0.953,0,0,3984,1,3.571,9.339
3059,0.000,-2.033,7.152,0.115,3.561,9.408,2.609,-15.941,-7.811,0.005,3.863,9.126,2.182,0.134,0.000,0.209,-0.132,3,-0.970,-0.952,0,0,3983,1,3.479,9.339
3060,0.000,-2.076,7.152,0.137,3.497,9.434,2.670,-15.963,-7.811,0.000,3.851,9.157,2.243,0.134,0.000,0.209,-0.132,3,-0.970,-0.951,0,0,3982,2,3.479,9.339
3061,0.000,-2.098,7.152,0.126,3.396,9.432,2.670,-16.007,-7.811,0.000,3.865,9.176,2.335,0.134,0.000,0.209,-0.132,3,-0.971,-0.952,2,0,3981,2,3.479,9.339
3062,0.000,-2.142,7.152,0.137,3.336,9.456,2.731,-16.029,-7.811,0.005,3.815,9.159,2.243,0.134,0.000,0.209,-0.132,3,-0.971,-0.952,0,0,3983,0,3.479,9.430
3063,0.000,-2.186,7.152,0.126,3.312,9.425,2.701,-16.051,-7.811,-0.005,3.743,9.128,2.121,0.134,0.000,0.209,-0.132,3,-0.971,-0.953,0,0,3984,1,3.388,9.430
3064,0.000,-2.230,7.152,0.126,3.310,9.437,2.548,-16.095,-7.811,0.000,3.739,9.128,2.274,0.134,0.000,0.209,-0.132,3,-0.972,-0.952,0,0,3987,0,3.296,9.430
3065,0.000,-2.274,7.152,0.115,3.293,9.492,2.609,-16.117,-7.811,0.005,3.688,9.128,2.335,0.134,0.000,0.209,-0.132,3,-0.971,-0.952,0,0,3989,1,3.296,9.339
3066,0.000,-2.340,7.152,0.126,3.229,9.499,2.609,-16.161,-7.811,0.000,3.643,9.133,2.121,0.134,0.000,0.209,-0.132,3,-0.970,-0.952,0,0,3990,2,3.296,9.430
3067,0.000,-2.384,7.152,0.137,3.233,9.549,2.518,-16.205,-7.811,0.000,3.628,9.202,1.999,0.134,0.000,0.209,-0.132,3,-0.971,-0.952,0,0,3992,1,3.204,9.430
3068,0.000,-2.450,7.152,0.126,3.198,9.561,2.487,-16.249,-7.811,0.005,3.597,9.214,2.121,0.134,0.000,0.209,-0.132,3,-0.971,-0.952,0,0,3992,1,3.204,9.430
3069,0.000,-2.516,7.152,0.115,3.075,9.552,2.518,-16.293,-7.811,0.000,3.566,9.193,2.121,0.134,0.000,0.209,-0.132,3,-0.970,-0.952,0,0,3994,0,3.204,9.522
3070,0.000,-2.582,7.152,0.115,2.999,9.564,2.426,-16.359,-7.811,0.000,3.542,9.193,2.090,0.134,0.000,0.209,-0.132,3,-0.970,-0.953,0,0,3995,0,3.113,9.522
3071,0.000,-2.648,7.152,0.115,2.951,9.573,2.335,-16.403,-7.811,0.000,3.521,9.190,2.029,0.134,0.000,0.209,-0.132,3,-0.970,-0.953,1,0,3995,0,3.021,9.522
3072,0.000,-2.736,7.152,0.126,2.960,9.578,2.182,-16.447,-7.811,-0.005,3.526,9.174,1.999,0.134,0.000,0.209,-0.132,3,-0.971,-0.953,0,1,3987,2,2.930,9.522
3073,0.000,-2.802,7.152,0.115,2.989,9.525,2.182,-16.491,-7.811,0.005,3.542,9.157,2.029,0.134,0.000,0.209,-0.132,3,-0.971,-0.953,0,0,3987,1,2.930,9.522
3074,0.000,-2.867,7.152,0.115,3.008,9.542,2.060,-16.535,-7.811,0.005,3.530,9.183,1.999,0.134,0.000,0.209,-0.132,3,-0.969,-0.953,0,0,3992,0,2.930,9.522
3075,0.000,-2.933,7.152,0.126,2.975,9.588,1.968,-16.601,-7.811,0.000,3.408,9.209,1.816,0.134,0.000,0.209,-0.132,3,-0.970,-0.953,0,0,3991,2,2.930,9.522
3076,0.000,-3.021,7.152,0.126,2.879,9.614,2.060,-16.667,-7.811,0.000,3.372,9.178,1.694,0.134,0.000,0.209,-0.132,3,-0.969,-0.953,5,0,3989,1,2.930,9.522
3077,0.000,-3.109,7.152,0.137,2.807,9.583,1.999,-16.710,-7.811,0.005,3.348,9.162,1.663,0.134,0.000,0.209,-0.132,3,-0.970,-0.952,0,2,3987,0,2.930,9.522
3078,0.000,-3.175,7.152,0.126,2.769,9.533,1.938,-16.776,-7.811,0.005,3.344,9.164,1.816,0.134,0.000,0.209,-0.132,3,-0.970,-0.954,0,0,3987,0,2.838,9.613
3079,0.000,-3.285,7.152,0.115,2.685,9.554,1.938,-16.842,-7.811,0.005,3.320,9.181,1.724,0.134,0.000,0.209,-0.132,3,-0.970,-0.953,0,1,3994,1,2.747,9.522
3080,0.000,-3.373,7.152,0.137,2.652,9.595,1.633,-16.908,-7.811,0.000,3.257,9.169,1.572,0.134,0.000,0.209,-0.132,3,-0.971,-0.952,0,0,3996,3,2.747,9.522
3081,0.000,-3.461,7.152,0.126,2.635,9.583,1.450,-16.974,-7.811,-0.005,3.253,9.188,1.419,0.134,0.000,0.209,-0.132,3,-0.970,-0.953,2,0,4000,0,2.655,9.522
3082,0.000,-3.571,7.152,0.126,2.592,9.573,1.450,-17.040,-7.811,-0.005,3.296,9.221,1.297,0.134,0.000,0.209,-0.132,3,-0.970,-0.953,0,1,3999,0,2.564,9.522
3083,0.000,-3.659,7.152,0.104,2.587,9.604,1.572,-17.106,-7.811,-0.016,3.288,9.236,1.114,0.134,0.000,0.209,-0.132,3,-0.971,-0.954,0,0,3999,2,2.564,9.522
3084,0.000,-3.746,7.152,0.104,2.628,9.624,1.205,-17.172,-7.811,0.000,3.284,9.267,1.022,0.134,0.000,0.209,-0.132,3,-0.970,-0.953,0,3,3999,5,2.564,9.522
3085,0.000,-3.834,7.152,0.137,2.613,9.595,0.931,-17.238,-7.811,-0.005,3.267,9.245,0.900,0.134,0.000,0.209,-0.132,3,-0.970,-0.953,0,0,3996,0,2.564,9.522
3086,0.000,-3.944,7.152,0.137,2.530,9.595,0.961,-17.304,-7.811,0.000,3.190,9.209,1.053,0.134,0.000,0.209,-0.132,3,-0.970,-0.953,0,0,3997,2,2.564,9.613
3087,0.000,-4.032,7.152,0.115,2.460,9.590,0.961,-17.370,-7.811,0.000,3.138,9.212,1.022,0.134,0.000,0.209,-0.132,3,-0.970,-0.953,0,0,3996,0,2.564,9.522
3088,0.000,-4.142,7.152,0.126,2.484,9.593,0.778,-17.436,-7.811,-0.005,3.138,9.231,0.870,0.134,0.000,0.209,-0.132,3,-0.971,-0.953,2,0,3996,3,2.472,9.522
3089,0.000,-4.230,7.152,0.126,2.484,9.583,0.565,-17.501,-7.811,0.000,3.169,9.233,0.656,0.134,0.000,0.209,-0.132,3,-0.973,-0.953,0,1,4000,3,2.380,9.522
3090,0.000,-4.340,7.152,0.126,2.439,9.600,0.443,-17.567,-7.811,-0.005,3.214,9.236,0.534,0.134,0.000,0.209,-0.132,3,-0.970,-0.953,0,0,4001,3,2.472,9.522
3091,0.000,-4.428,7.152,0.148,2.386,9.621,0.381,-17.633,-7.811,0.000,3.181,9.245,0.473,0.134,0.000,0.209,-0.132,3,-0.973,-0.953,0,0,4003,1,2.472,9.522
3092,0.000,-4.537,7.152,0.126,2.415,9.621,0.259,-17.699,-7.811,-0.005,3.150,9.221,0.443,0.134,0.000,0.209,-0.132,3,-0.972,-0.953,0,0,4004,1,2.380,9.522
3093,0.000,-4.625,7.152,0.126,2.474,9.614,0.229,-17.765,-7.811,0.000,3.171,9.202,0.259,0.134,0.000,0.209,-0.132,3,-0.969,-0.953,0,0,4004,0,2.380,9.613
3094,0.000,-4.713,7.152,0.126,2.405,9.581,0.198,-17.831,-7.811,0.005,3.135,9.236,0.168,0.134,0.000,0.209,-0.132,3,-0.969,-0.954,0,0,4005,2,2.380,9.613
3095,0.000,-4.823,7.152,0.115,2.357,9.576,0.137,-17.897,-7.811,-0.005,3.107,9.272,0.107,0.134,0.000,0.209,-0.132,3,-0.972,-0.951,0,0,4006,2,2.472,9.613
3096,0.000,-4.911,7.152,0.115,2.410,9.600,0.000,-17.963,-7.811,0.005,3.116,9.281,0.046,0.134,0.000,0.209,-0.132,3,-0.970,-0.953,0,0,4009,0,2.380,9.522
3097,0.000,-4.999,7.152,0.126,2.400,9.609,-0.046,-18.029,-7.811,0.000,3.102,9.284,0.015,0.134,0.000,0.209,-0.132,3,-0.970,-0.955,0,0,4008,1,2.289,9.522
3098,0.000,-5.087,7.152,0.137,2.381,9.631,-0.259,-18.095,-7.811,-0.005,3.118,9.279,-0.137,0.134,0.000,0.209,-0.132,3,-0.970,-0.954,0,0,4007,0,2.380,9.522
3099,0.000,-5.175,7.152,0.115,2.407,9.667,-0.504,-18.139,-7.811,0.000,3.130,9.291,-0.290,0.134,0.000,0.209,-0.132,3,-0.970,-0.953,0,3,4003,3,2.380,9.522
3100,0.000,-5.263,7.152,0.093,2.453,9.616,-0.534,-18.205,-7.811,0.005,3.090,9.260,-0.290,0.134,0.000,0.209,-0.132,3,-0.970,-0.953,2,0,4002,2,2.380,9.613
3101,0.000,-5.350,7.152,0.115,2.422,9.600,-0.504,-18.271,-7.811,0.000,3.078,9.195,-0.320,0.134,0.000,0.209,-0.132,3,-0.971,-0.954,0,0,4003,0,2.380,9.613
3102,0.000,-5.416,7.152,0.126,2.381,9.631,-0.381,-18.336,-7.811,-0.005,3.092,9.202,-0.473,0.134,0.000,0.209,-0.132,3,-0.971,-0.953,0,0,4003,1,2.380,9.613
3103,0.000,-5.504,7.152,0.137,2.455,9.628,-0.473,-18.380,-7.811,0.005,3.087,9.231,-0.656,0.134,0.000,0.209,-0.132,3,-0.972,-0.954,0,0,4005,1,2.380,9.522
3104,0.000,-5.592,7.152,0.115,2.429,9.585,-0.687,-18.446,-7.811,0.005,3.102,9.209,-0.687,0.134,0.000,0.209,-0.132,3,-0.971,-0.954,0,0,4005,0,2.380,9.613
3105,0.000,-5.658,7.152,0.115,2.379,9.547,-0.717,-18.490,-7.811,0.000,3.085,9.197,-0.687,0.134,0.000,0.209,-0.132,3,-0.970,-0.954,0,0,4007,1,2.380,9.613
3106,0.000,-5.724,7.152,0.126,2.434,9.569,-0.809,-18.556,-7.811,0.000,3.107,9.209,-0.748,0.134,0.000,0.209,-0.132,3,-0.970,-0.954,0,1,4011,2,2.380,9.522
3107,0.000,-5.790,7.152,0.115,2.537,9.640,-0.931,-18.600,-7.811,-0.005,3.181,9.205,-0.717,0.134,0.000,0.209,-0.132,3,-0.971,-0.953,0,0,4009,2,2.289,9.522
3108,0.000,-5.856,7.152,0.148,2.551,9.669,-0.961,-18.644,-7.811,-0.005,3.162,9.193,-0.900,0.134,0.000,0.209,-0.132,3,-0.971,-0.954,0,0,4011,0,2.380,9.522
3109,0.000,-5.922,7.152,0.126,2.530,9.667,-1.205,-18.688,-7.811,0.000,3.169,9.159,-1.083,0.134,0.000,0.209,-0.132,3,-0.971,-0.954,0,0,4011,2,2.472,9.613
3110,0.000,-5.966,7.152,0.115,2.577,9.672,-1.236,-18.732,-7.811,0.005,3.193,9.147,-1.083,0.134,0.000,0.209,-0.132,3,-0.970,-0.954,1,0,4016,0,2.472,9.613
3111,0.000,-6.032,7.152,0.115,2.620,9.703,-1.236,-18.754,-7.811,-0.005,3.157,9.174,-1.053,0.134,0.000,0.209,-0.132,3,-0.971,-0.954,0,0,4011,2,2.472,9.613
3112,0.000,-6.076,7.152,0.137,2.611,9.681,-1.266,-18.798,-7.811,-0.005,3.202,9.195,-1.175,0.134,0.000,0.209,-0.132,3,-0.970,-0.955,0,0,4011,1,2.564,9.613
3113,0.000,-6.119,7.152,0.137,2.623,9.650,-1.236,-18.842,-7.811,-0.005,3.221,9.202,-1.328,0.134,0.000,0.209,-0.132,3,-0.969,-0.954,0,0,4010,0,2.564,9.613
3114,0.000,-6.163,7.152,0.137,2.680,9.703,-1.419,-18.864,-7.811,0.000,3.212,9.209,-1.450,0.134,0.000,0.209,-0.132,3,-0.970,-0.955,0,0,4012,0,2.564,9.613
3115,0.000,-6.207,7.152,0.104,2.714,9.705,-1.389,-18.908,-7.811,0.000,3.269,9.214,-1.541,0.134,0.000,0.209,-0.132,3,-0.970,-0.954,5,1,4010,1,2.564,9.613
3116,0.000,-6.251,7.152,0.137,2.690,9.650,-1.541,-18.930,-7.811,0.000,3.288,9.193,-1.572,0.134,0.000,0.209,-0.132,3,-0.969,-0.954,0,1,4007,0,2.655,9.613
3117,0.000,-6.273,7.152,0.137,2.726,9.645,-1.663,-18.952,-7.811,0.000,3.250,9.181,-1.633,0.134,0.000,0.209,-0.132,3,-0.971,-0.956,0,0,4008,0,2.655,9.705
3118,0.000,-6.295,7.152,0.115,2.798,9.619,-1.755,-18.974,-7.811,0.000,3.245,9.159,-1.724,0.134,0.000,0.209,-0.132,3,-0.969,-0.954,0,0,4008,0,2.655,9.613
3119,0.000,-6.317,7.152,0.115,2.831,9.609,-1.663,-18.996,-7.811,-0.005,3.339,9.197,-1.694,0.134,0.000,0.209,-0.132,3,-0.970,-0.956,1,0,4014,0,2.655,9.613
3120,0.000,-6.339,7.152,0.126,2.848,9.640,-1.694,-19.018,-7.811,0.005,3.334,9.209,-1.694,0.134,0.000,0.209,-0.132,3,-0.970,-0.954,2,0,4017,0,2.747,9.613
3121,0.000,-6.361,7.152,0.126,2.826,9.621,-1.785,-19.040,-7.811,0.000,3.356,9.202,-1.785,0.134,0.000,0.209,-0.132,3,-0.969,-0.955,0,2,4021,0,2.747,9.522
3122,0.000,-6.383,7.152,0.137,2.858,9.583,-1.877,-19.062,-7.811,0.005,3.379,9.193,-1.846,0.134,0.000,0.209,-0.132,3,-0.970,-0.955,0,0,4020,2,2.838,9.613
3123,0.000,-6.383,7.152,0.115,2.884,9.585,-1.968,-19.062,-7.811,0.000,3.468,9.214,-1.816,0.134,0.000,0.209,-0.132,3,-0.970,-0.955,0,3,4019,4,2.747,9.613
3124,0.000,-6.405,7.152,0.126,2.949,9.614,-1.877,-19.062,-7.811,0.000,3.545,9.205,-1.907,0.134,0.000,0.209,-0.132,3,-0.971,-0.954,1,0,4018,3,2.838,9.522
3125,0.000,-6.405,7.152,0.137,3.006,9.595,-1.785,-19.062,-7.811,-0.005,3.526,9.159,-1.999,0.134,0.000,0.209,-0.132,3,-0.970,-0.955,0,0,4018,0,2.838,9.522
3126,0.000,-6.405,7.152,0.115,2.965,9.588,-1.907,-19.062,-7.811,0.000,3.497,9.174,-1.999,0.134,0.000,0.209,-0.132,3,-0.970,-0.954,0,0,4018,2,2.930,9.613
3127,0.000,-6.405,7.152,0.137,2.999,9.554,-2.121,-19.040,-7.811,-0.005,3.559,9.183,-2.090,0.134,0.000,0.209,-0.132,3,-0.970,-0.955,2,0,4019,3,2.930,9.522
3128,0.000,-6.383,7.152,0.126,3.061,9.482,-2.243,-19.040,-7.811,-0.005,3.643,9.176,-2.090,0.134,0.000,0.209,-0.132,3,-0.969,-0.954,0,2,4019,3,2.930,9.522
3129,0.000,-6.383,7.152,0.148,3.078,9.458,-2.152,-19.018,-7.811,0.000,3.645,9.197,-2.121,0.134,0.000,0.209,-0.132,3,-0.972,-0.955,1,0,4020,0,2.930,9.522
3130,0.000,-6.361,7.152,0.126,3.142,9.461,-1.968,-19.018,-7.811,0.000,3.664,9.202,-2.029,0.134,0.000,0.209,-0.132,3,-0.972,-0.955,0,0,4021,2,3.021,9.430
3131,0.000,-6.339,7.152,0.115,3.205,9.466,-1.846,-18.996,-7.811,0.005,3.698,9.219,-1.999,0.134,0.000,0.209,-0.132,3,-0.971,-0.954,0,0,4023,0,3.021,9.430
3132,0.000,-6.317,7.152,0.126,3.212,9.482,-1.938,-18.974,-7.811,0.000,3.746,9.200,-2.060,0.134,0.000,0.209,-0.132,3,-0.968,-0.955,0,0,4023,0,3.113,9.430
3133,0.000,-6.295,7.152,0.115,3.195,9.415,-2.213,-18.952,-7.811,0.005,3.779,9.164,-2.090,0.134,0.000,0.209,-0.132,3,-0.969,-0.955,0,0,4026,1,3.204,9.430
3134,0.000,-6.273,7.152,0.126,3.238,9.358,-2.152,-18.908,-7.811,0.000,3.808,9.154,-1.938,0.134,0.000,0.209,-0.132,3,-0.971,-0.953,0,0,4028,2,3.204,9.430
3135,0.000,-6.229,7.152,0.104,3.310,9.360,-1.968,-18.886,-7.811,0.000,3.856,9.181,-1.968,0.134,0.000,0.209,-0.132,3,-0.971,-0.955,0,0,4030,1,3.113,9.339
3136,0.000,-6.207,7.152,0.126,3.277,9.336,-1.999,-18.842,-7.811,0.000,3.894,9.178,-2.060,0.134,0.000,0.209,-0.132,3,-0.970,-0.956,0,0,4032,1,3.204,9.339
3137,0.000,-6.163,7.152,0.115,3.279,9.329,-1.968,-18.820,-7.811,0.000,3.894,9.152,-2.029,0.134,0.000,0.209,-0.132,3,-0.970,-0.955,0,0,4031,0,3.296,9.339
3138,0.000,-6.119,7.152,0.126,3.363,9.303,-2.090,-18.776,-7.811,0.000,3.863,9.159,-1.999,0.134,0.000,0.209,-0.132,3,-0.970,-0.955,0,0,4028,1,3.204,9.247
3139,0.000,-6.076,7.152,0.148,3.418,9.248,-2.274,-18.754,-7.811,0.005,3.856,9.118,-2.060,0.134,0.000,0.209,-0.132,3,-0.972,-0.955,0,0,4029,2,3.204,9.247
3140,0.000,-6.032,7.152,0.126,3.413,9.253,-2.152,-18.710,-7.811,0.000,3.923,9.121,-2.029,0.134,0.000,0.209,-0.132,3,-0.970,-0.955,0,0,4025,1,3.296,9.247
3141,0.000,-5.988,7.152,0.126,3.425,9.274,-1.999,-18.666,-7.811,0.005,4.009,9.164,-1.785,0.134,0.000,0.209,-0.132,3,-0.972,-0.956,0,0,4026,0,3.388,9.247
3142,0.000,-5.922,7.152,0.115,3.502,9.231,-1.877,-18.622,-7.811,0.005,3.985,9.130,-1.755,0.134,0.000,0.209,-0.132,3,-0.971,-0.955,0,0,4026,1,3.388,9.247
3143,0.000,-5.878,7.152,0.126,3.549,9.226,-1.877,-18.578,-7.811,-0.005,3.988,9.133,-1.755,0.134,0.000,0.209,-0.132,3,-0.970,-0.955,0,0,4025,1,3.388,9.247
3144,0.000,-5.812,7.152,0.148,3.516,9.231,-1.816,-18.534,-7.811,0.005,4.045,9.147,-1.755,0.134,0.000,0.209,-0.132,3,-0.970,-0.955,0,0,4025,2,3.479,9.155
3145,0.000,-5.746,7.152,0.137,3.554,9.188,-1.755,-18.490,-7.811,0.000,4.105,9.130,-1.755,0.134,0.000,0.209,-0.132,3,-0.970,-0.955,0,0,4029,0,3.479,9.155
3146,0.000,-5.702,7.152,0.126,3.628,9.181,-1.846,-18.424,-7.811,0.000,4.117,9.106,-1.663,0.134,0.000,0.209,-0.132,3,-0.971,-0.954,0,0,4031,2,3.479,9.155
3147,0.000,-5.614,7.152,0.126,3.681,9.152,-1.968,-18.380,-7.811,-0.005,4.141,9.092,-1.633,0.134,0.000,0.209,-0.132,3,-0.970,-0.955,0,0,4032,0,3.479,9.155
3148,0.000,-5.548,7.152,0.115,3.727,9.138,-1.877,-18.314,-7.811,0.000,4.160,9.157,-1.633,0.134,0.000,0.209,-0.132,3,-0.970,-0.956,0,0,4034,0,3.571,9.155
3149,0.000,-5.482,7.152,0.115,3.770,9.150,-1.968,-18.271,-7.811,0.000,4.134,9.152,-1.541,0.134,0.000,0.209,-0.132,3,-0.971,-0.955,0,0,4029,1,3.662,9.064
3150,0.000,-5.394,7.152,0.115,3.782,9.152,-1.724,-18.227,-7.811,-0.005,4.208,9.111,-1.419,0.134,0.000,0.209,-0.132,3,-0.970,-0.955,0,1,4031,2,3.662,9.064
3151,0.000,-5.328,7.152,0.126,3.815,9.162,-1.602,-18.161,-7.811,0.005,4.261,9.133,-1.450,0.134,0.000,0.209,-0.132,3,-0.971,-0.956,0,0,4034,3,3.754,9.064
3152,0.000,-5.241,7.152,0.115,3.854,9.164,-1.419,-18.095,-7.811,0.005,4.208,9.128,-1.480,0.134,0.000,0.209,-0.132,3,-0.969,-0.955,0,0,4036,0,3.754,9.064
3153,0.000,-5.153,7.152,0.126,3.870,9.142,-1.480,-18.051,-7.811,-0.005,4.208,9.121,-1.450,0.134,0.000,0.209,-0.132,3,-0.970,-0.956,0,0,4036,0,3.754,9.155
3154,0.000,-5.065,7.152,0.115,3.925,9.133,-1.541,-17.985,-7.811,-0.005,4.273,9.102,-1.389,0.134,0.000,0.209,-0.132,3,-0.970,-0.955,5,1,4034,2,3.845,9.155
3155,0.000,-4.977,7.152,0.115,3.947,9.116,-1.297,-17.919,-7.811,0.000,4.263,9.087,-1.328,0.134,0.000,0.209,-0.132,3,-0.970,-0.954,0,1,4027,0,3.845,9.064
3156,0.000,-4.889,7.152,0.115,3.971,9.118,-1.236,-17.875,-7.811,0.000,4.253,9.080,-1.205,0.134,0.000,0.209,-0.132,3,-0.971,-0.957,0,0,4028,2,3.845,9.064
3157,0.000,-4.823,7.152,0.126,3.976,9.164,-1.266,-17.809,-7.811,0.000,4.296,9.090,-1.114,0.134,0.000,0.209,-0.132,3,-0.969,-0.955,0,0,4028,1,3.937,9.064
3158,0.000,-4.735,7.152,0.126,3.942,9.166,-1.144,-17.743,-7.811,0.000,4.289,9.104,-1.083,0.134,0.000,0.209,-0.132,3,-0.971,-0.954,1,0,4029,3,3.937,9.064
3159,0.000,-4.647,7.152,0.126,3.968,9.121,-1.053,-17.699,-7.811,0.000,4.244,9.056,-1.083,0.134,0.000,0.209,-0.132,3,-0.969,-0.955,1,0,4031,0,3.937,9.155
3160,0.000,-4.559,7.152,0.126,4.021,9.106,-1.022,-17.633,-7.811,0.000,4.277,9.030,-0.931,0.134,0.000,0.209,-0.132,3,-0.969,-0.955,0,3,4033,0,3.937,9.155
3161,0.000,-4.472,7.152,0.115,4.062,9.121,-1.053,-17.589,-7.811,-0.005,4.349,9.025,-0.870,0.134,0.000,0.209,-0.132,3,-0.971,-0.956,3,0,4033,6,3.937,9.064
3162,0.000,-4.384,7.152,0.148,4.062,9.140,-0.839,-17.523,-7.811,-0.005,4.366,9.051,-0.717,0.134,0.000,0.209,-0.132,3,-0.969,-0.955,0,2,4034,4,3.937,9.064
3163,0.000,-4.296,7.152,0.115,4.103,9.130,-0.687,-17.458,-7.811,0.005,4.402,9.044,-0.534,0.134,0.000,0.209,-0.132,3,-0.970,-0.954,0,0,4035,1,4.028,9.064
3164,0.000,-4.208,7.152,0.115,4.158,9.087,-0.565,-17.392,-7.811,0.005,4.354,9.047,-0.595,0.134,0.000,0.209,-0.132,3,-0.969,-0.955,0,0,4034,0,4.028,9.064
3165,0.000,-4.120,7.152,0.137,4.191,9.118,-0.595,-17.326,-7.811,0.000,4.359,9.027,-0.626,0.134,0.000,0.209,-0.132,3,-0.970,-0.955,0,0,4034,0,4.028,9.064
3166,0.000,-4.032,7.152,0.126,4.189,9.147,-0.534,-17.282,-7.811,0.005,4.409,9.027,-0.534,0.134,0.000,0.209,-0.132,3,-0.969,-0.955,3,0,4034,3,4.120,9.064
3167,0.000,-3.944,7.152,0.126,4.150,9.147,-0.473,-17.216,-7.811,0.000,4.404,9.044,-0.504,0.134,0.000,0.209,-0.132,3,-0.969,-0.955,0,2,4033,3,4.120,9.064
3168,0.000,-3.856,7.152,0.137,4.167,9.145,-0.473,-17.150,-7.811,0.000,4.419,9.054,-0.290,0.134,0.000,0.209,-0.132,3,-0.971,-0.955,0,0,4034,2,4.120,9.064
3169,0.000,-3.768,7.152,0.115,4.170,9.130,-0.320,-17.084,-7.811,-0.005,4.459,9.051,-0.076,0.134,0.000,0.209,-0.132,3,-0.969,-0.955,0,0,4033,0,4.120,9.064
3170,0.000,-3.680,7.152,0.126,4.184,9.123,-0.198,-17.040,-7.811,0.005,4.431,9.008,0.015,0.134,0.000,0.209,-0.132,3,-0.973,-0.955,0,0,4035,1,4.120,9.064
3171,0.000,-3.593,7.152,0.115,4.251,9.118,-0.198,-16.974,-7.811,0.000,4.356,9.001,0.015,0.134,0.000,0.209,-0.132,3,-0.968,-0.955,0,0,4037,0,4.120,9.064
3172,0.000,-3.505,7.152,0.137,4.232,9.130,-0.046,-16.930,-7.811,0.000,4.332,9.001,0.000,0.134,0.000,0.209,-0.132,3,-0.969,-0.955,0,1,4040,1,4.120,9.064
3173,0.000,-3.417,7.152,0.126,4.198,9.181,0.015,-16.864,-7.811,0.000,4.371,8.994,0.137,0.134,0.000,0.209,-0.132,3,-0.973,-0.954,0,0,4042,1,4.211,9.064
3174,0.000,-3.351,7.152,0.126,4.182,9.188,0.137,-16.820,-7.811,0.005,4.368,9.018,0.168,0.134,0.000,0.209,-0.132,3,-0.971,-0.955,0,0,4045,1,4.211,9.064
3175,0.000,-3.285,7.152,0.137,4.174,9.130,0.320,-16.776,-7.811,-0.005,4.342,9.037,0.320,0.134,0.000,0.209,-0.132,3,-0.969,-0.956,0,0,4046,0,4.120,9.155
3176,0.000,-3.197,7.152,0.126,4.232,9.130,0.412,-16.732,-7.811,0.000,4.366,9.032,0.473,0.134,0.000,0.209,-0.132,3,-0.970,-0.955,1,1,4046,2,4.120,9.155
3177,0.000,-3.109,7.152,0.115,4.232,9.159,0.412,-16.688,-7.811,-0.005,4.390,9.037,0.473,0.134,0.000,0.209,-0.132,3,-0.970,-0.955,0,0,4044,3,4.120,9.064
3178,0.000,-3.043,7.152,0.093,4.141,9.154,0.565,-16.623,-7.811,-0.005,4.407,9.049,0.626,0.134,0.000,0.209,-0.132,3,-0.969,-0.954,0,0,4041,2,4.211,9.064
3179,0.000,-2.977,7.152,0.115,4.086,9.128,0.626,-16.579,-7.811,0.000,4.407,9.049,0.778,0.134,0.000,0.209,-0.132,3,-0.972,-0.956,0,1,4043,0,4.211,9.155
3180,0.000,-2.933,7.152,0.126,4.122,9.109,0.626,-16.535,-7.811,0.000,4.385,8.996,0.778,0.134,0.000,0.209,-0.132,3,-0.971,-0.956,0,0,4043,1,4.120,9.155
3181,0.000,-2.867,7.152,0.126,4.167,9.133,0.809,-16.491,-7.811,0.005,4.378,8.996,0.839,0.134,0.000,0.209,-0.132,3,-0.971,-0.955,0,0,4043,1,4.028,9.064
3182,0.000,-2.802,7.152,0.115,4.155,9.190,0.900,-16.447,-7.811,0.000,4.383,9.042,0.839,0.134,0.000,0.209,-0.132,3,-0.970,-0.956,0,0,4044,1,4.120,9.064
3183,0.000,-2.736,7.152,0.104,4.100,9.183,0.870,-16.403,-7.811,0.000,4.354,9.049,0.870,0.134,0.000,0.209,-0.132,3,-0.970,-0.955,0,0,4044,2,4.120,9.064
3184,0.000,-2.692,7.152,0.126,4.069,9.185,0.992,-16.381,-7.811,0.016,4.311,9.071,1.053,0.134,0.000,0.209,-0.132,3,-0.970,-0.955,0,0,4046,0,4.120,9.155
3185,0.000,-2.626,7.152,0.115,4.086,9.150,1.144,-16.337,-7.811,-0.005,4.261,9.039,1.114,0.134,0.000,0.209,-0.132,3,-0.971,-0.955,0,0,4048,1,4.028,9.155
3186,0.000,-2.582,7.152,0.115,4.059,9.078,1.236,-16.315,-7.811,0.000,4.239,9.030,1.144,0.134,0.000,0.209,-0.132,3,-0.970,-0.955,0,0,4052,0,4.028,9.155
3187,0.000,-2.538,7.152,0.137,3.995,9.121,1.144,-16.293,-7.811,0.000,4.270,9.039,1.297,0.134,0.000,0.209,-0.132,3,-0.970,-0.956,0,0,4055,0,4.028,9.064
3188,0.000,-2.494,7.152,0.126,3.966,9.185,1.297,-16.249,-7.811,0.000,4.268,9.035,1.328,0.134,0.000,0.209,-0.132,3,-0.970,-0.956,1,0,4057,0,4.028,9.064
3189,0.000,-2.450,7.152,0.148,3.930,9.164,1.450,-16.227,-7.811,-0.005,4.237,9.039,1.266,0.134,0.000,0.209,-0.132,3,-0.971,-0.955,0,0,4054,0,3.937,9.064
3190,0.000,-2.428,7.152,0.126,3.956,9.159,1.572,-16.205,-7.811,-0.005,4.222,9.039,1.328,0.134,0.000,0.209,-0.132,3,-0.970,-0.956,0,0,4055,1,3.937,9.155
3191,0.000,-2.384,7.152,0.115,3.952,9.147,1.572,-16.183,-7.811,0.000,4.189,9.061,1.328,0.134,0.000,0.209,-0.132,3,-0.969,-0.956,0,0,4062,0,3.845,9.155
3192,0.000,-2.362,7.152,0.126,3.906,9.174,1.541,-16.161,-7.811,0.000,4.186,9.042,1.511,0.134,0.000,0.209,-0.132,3,-0.969,-0.956,0,0,4062,0,3.937,9.155
3193,0.000,-2.340,7.152,0.137,3.892,9.217,1.663,-16.161,-7.811,0.000,4.174,9.008,1.633,0.134,0.000,0.209,-0.132,3,-0.969,-0.956,3,1,4059,1,3.937,9.064
3194,0.000,-2.318,7.152,0.126,3.825,9.207,1.846,-16.139,-7.811,0.000,4.138,9.037,1.694,0.134,0.000,0.209,-0.132,3,-0.970,-0.955,0,2,4055,0,3.845,9.155
3195,0.000,-2.296,7.152,0.115,3.753,9.217,1.877,-16.139,-7.811,-0.005,4.105,9.051,1.663,0.134,0.000,0.209,-0.132,3,-0.970,-0.957,0,0,4056,3,3.845,9.155
3196,0.000,-2.296,7.152,0.126,3.736,9.207,1.938,-16.117,-7.811,0.000,4.093,9.054,1.694,0.134,0.000,0.209,-0.132,3,-0.970,-0.956,0,2,4059,2,3.754,9.155
3197,0.000,-2.274,7.152,0.148,3.715,9.193,1.694,-16.117,-7.811,0.000,4.081,9.063,1.724,0.134,0.000,0.209,-0.132,3,-0.970,-0.956,1,0,4059,0,3.754,9.155
3198,0.000,-2.274,7.152,0.126,3.698,9.171,1.755,-16.117,-7.811,0.005,4.028,9.068,1.724,0.134,0.000,0.209,-0.132,3,-0.970,-0.955,2,0,4062,0,3.662,9.155
3199,0.000,-2.274,7.152,0.137,3.719,9.226,1.938,-16.117,-7.811,0.005,4.033,9.063,1.663,0.134,0.000,0.209,-0.132,3,-0.970,-0.955,0,0,4057,6,3.662,9.155
3200,0.000,-2.274,7.152,0.115,3.703,9.308,1.938,-16.117,-7.811,0.000,4.055,9.109,1.816,0.134,0.000,0.209,-0.132,3,-0.970,-0.956,4,0,4059,7,3.662,9.155
3201,0.000,-2.274,7.152,0.126,3.626,9.265,2.090,-16.117,-7.811,0.000,4.026,9.142,1.877,0.134,0.000,0.209,-0.132,3,-0.969,-0.955,0,3,4062,3,3.662,9.155
3202,0.000,-2.274,7.152,0.148,3.518,9.217,2.274,-16.117,-7.811,0.005,3.913,9.116,1.755,0.134,0.000,0.209,-0.132,3,-0.970,-0.955,0,0,4068,0,3.662,9.247
3203,0.000,-2.296,7.152,0.126,3.490,9.267,2.182,-16.139,-7.811,0.005,3.868,9.095,1.724,0.134,0.000,0.209,-0.132,3,-0.969,-0.956,0,0,4069,0,3.571,9.247
3204,0.000,-2.318,7.152,0.115,3.499,9.303,2.121,-16.161,-7.811,0.000,3.899,9.061,1.907,0.134,0.000,0.209,-0.132,3,-0.970,-0.956,0,0,4068,3,3.479,9.155
3205,0.000,-2.340,7.152,0.137,3.456,9.339,1.846,-16.161,-7.811,0.000,3.861,9.111,1.816,0.134,0.000,0.209,-0.132,3,-0.969,-0.956,3,0,4067,3,3.479,9.247
3206,0.000,-2.362,7.152,0.115,3.418,9.336,2.029,-16.183,-7.811,-0.005,3.808,9.152,1.907,0.134,0.000,0.209,-0.132,3,-0.970,-0.956,0,1,4068,2,3.479,9.247
3207,0.000,-2.384,7.152,0.104,3.377,9.324,2.213,-16.227,-7.811,0.000,3.782,9.145,2.060,0.134,0.000,0.209,-0.132,3,-0.970,-0.955,0,0,4068,3,3.388,9.339
3208,0.000,-2.428,7.152,0.137,3.348,9.336,2.213,-16.249,-7.811,0.000,3.777,9.138,2.090,0.134,0.000,0.209,-0.132,3,-0.972,-0.956,0,0,4069,2,3.388,9.247
3209,0.000,-2.450,7.152,0.126,3.329,9.317,2.121,-16.271,-7.811,0.000,3.818,9.121,2.060,0.134,0.000,0.209,-0.132,3,-0.969,-0.957,0,0,4068,0,3.296,9.247
3210,0.000,-2.494,7.152,0.126,3.312,9.367,1.999,-16.293,-7.811,0.000,3.789,9.159,2.029,0.134,0.000,0.209,-0.132,3,-0.967,-0.956,0,0,4069,0,3.296,9.247
3211,0.000,-2.538,7.152,0.126,3.286,9.434,2.060,-16.315,-7.811,-0.016,3.724,9.219,1.907,0.134,0.000,0.209,-0.132,3,-0.972,-0.956,0,4,4073,2,3.296,9.247
3212,0.000,-2.582,7.152,0.126,3.198,9.425,2.152,-16.359,-7.811,0.000,3.707,9.219,1.816,0.134,0.000,0.209,-0.132,3,-0.973,-0.954,0,0,4077,2,3.296,9.339
3213,0.000,-2.626,7.152,0.115,3.176,9.478,2.060,-16.381,-7.811,0.005,3.657,9.217,1.724,0.134,0.000,0.209,-0.132,3,-0.972,-0.956,0,0,4081,2,3.204,9.430
3214,0.000,-2.692,7.152,0.115,3.176,9.485,2.121,-16.425,-7.811,0.000,3.650,9.224,1.816,0.134,0.000,0.209,-0.132,3,-0.970,-0.956,0,0,4082,1,3.113,9.339
3215,0.000,-2.736,7.152,0.126,3.114,9.478,2.090,-16.469,-7.811,0.005,3.643,9.224,1.816,0.134,0.000,0.209,-0.132,3,-0.970,-0.956,0,0,4085,1,3.113,9.430
3216,0.000,-2.802,7.152,0.126,3.090,9.502,1.999,-16.513,-7.811,0.000,3.619,9.238,1.663,0.134,0.000,0.209,-0.132,3,-0.970,-0.955,0,1,4083,3,3.113,9.430
3217,0.000,-2.846,7.152,0.115,3.066,9.528,2.060,-16.557,-7.811,-0.005,3.605,9.253,1.724,0.134,0.000,0.209,-0.132,3,-0.970,-0.955,0,0,4083,2,3.113,9.430
3218,0.000,-2.911,7.152,0.137,2.982,9.561,2.121,-16.601,-7.811,0.005,3.573,9.260,1.694,0.134,0.000,0.209,-0.132,3,-0.970,-0.956,0,0,4084,1,3.021,9.430
3219,0.000,-2.999,7.152,0.137,2.968,9.573,1.999,-16.645,-7.811,0.005,3.552,9.250,1.663,0.134,0.000,0.209,-0.132,3,-0.968,-0.955,0,0,4082,2,3.021,9.522
3220,0.000,-3.065,7.152,0.126,2.939,9.549,1.938,-16.688,-7.811,-0.005,3.535,9.214,1.572,0.134,0.000,0.209,-0.132,3,-0.971,-0.956,0,0,4083,1,2.930,9.522
3221,0.000,-3.131,7.152,0.126,2.886,9.566,1.724,-16.732,-7.811,0.016,3.509,9.226,1.633,0.134,0.000,0.209,-0.132,3,-0.970,-0.956,0,0,4082,0,2.930,9.522
3222,0.000,-3.197,7.152,0.104,2.891,9.557,1.816,-16.776,-7.811,0.000,3.492,9.250,1.480,0.134,0.000,0.209,-0.132,3,-0.970,-0.956,0,0,4082,1,2.930,9.522
3223,0.000,-3.285,7.152,0.126,2.896,9.576,1.816,-16.820,-7.811,0.000,3.494,9.260,1.328,0.134,0.000,0.209,-0.132,3,-0.970,-0.956,0,0,4085,1,2.838,9.522
3224,0.000,-3.351,7.152,0.126,2.843,9.590,1.785,-16.886,-7.811,-0.005,3.463,9.257,1.328,0.134,0.000,0.209,-0.132,3,-0.971,-0.955,0,0,4083,1,2.838,9.522
3225,0.000,-3.439,7.152,0.115,2.826,9.576,1.755,-16.930,-7.811,-0.005,3.473,9.272,1.266,0.134,0.000,0.209,-0.132,3,-0.970,-0.956,0,0,4083,0,2.838,9.522
3226,0.000,-3.505,7.152,0.126,2.810,9.607,1.572,-16.974,-7.811,-0.005,3.478,9.276,1.328,0.134,0.000,0.209,-0.132,3,-0.970,-0.956,0,0,4086,0,2.838,9.522
3227,0.000,-3.593,7.152,0.126,2.764,9.607,1.328,-17.018,-7.811,-0.005,3.384,9.236,1.480,0.134,0.000,0.209,-0.132,3,-0.970,-0.955,1,0,4087,1,2.747,9.522
3228,0.000,-3.659,7.152,0.137,2.764,9.626,1.358,-17.084,-7.811,0.000,3.353,9.195,1.328,0.134,0.000,0.209,-0.132,3,-0.971,-0.956,0,0,4087,2,2.747,9.522
3229,0.000,-3.746,7.152,0.126,2.745,9.657,1.450,-17.128,-7.811,-0.005,3.356,9.193,1.144,0.134,0.000,0.209,-0.132,3,-0.970,-0.954,0,0,4095,2,2.747,9.522
3230,0.000,-3.834,7.152,0.115,2.649,9.631,1.358,-17.194,-7.811,-0.005,3.336,9.229,1.144,0.134,0.000,0.209,-0.132,3,-0.969,-0.956,0,0,4095,0,2.747,9.613
3231,0.000,-3.922,7.152,0.115,2.623,9.602,1.053,-17.238,-7.811,0.000,3.332,9.212,0.931,0.134,0.000,0.209,-0.132,3,-0.969,-0.956,1,0,4095,0,2.655,9.613
3232,0.000,-4.010,7.152,0.104,2.668,9.573,0.870,-17.304,-7.811,-0.005,3.315,9.195,0.961,0.134,0.000,0.209,-0.132,3,-0.970,-0.956,3,1,4095,1,2.564,9.613
3233,0.000,-4.076,7.152,0.104,2.680,9.585,0.992,-17.348,-7.811,0.000,3.308,9.169,0.839,0.134,0.000,0.209,-0.132,3,-0.969,-0.956,0,0,4095,0,2.564,9.522
3234,0.000,-4.164,7.152,0.126,2.661,9.604,1.083,-17.414,-7.811,-0.005,3.291,9.162,0.626,0.134,0.000,0.209,-0.132,3,-0.970,-0.957,0,0,4093,2,2.655,9.522
3235,0.000,-4.252,7.152,0.126,2.599,9.595,0.900,-17.458,-7.811,0.000,3.255,9.202,0.656,0.134,0.000,0.209,-0.132,3,-0.969,-0.956,0,1,4095,3,2.655,9.522
3236,0.000,-4.318,7.152,0.126,2.573,9.585,0.809,-17.523,-7.811,0.000,3.207,9.207,0.687,0.134,0.000,0.209,-0.132,3,-0.970,-0.956,1,0,4095,0,2.655,9.522
3237,0.000,-4.406,7.152,0.137,2.541,9.581,0.504,-17.589,-7.811,0.000,3.212,9.209,0.717,0.134,0.000,0.209,-0.132,3,-0.969,-0.956,1,0,4095,0,2.564,9.522
3238,0.000,-4.493,7.152,0.126,2.558,9.614,0.473,-17.633,-7.811,0.000,3.265,9.183,0.504,0.134,0.000,0.209,-0.132,3,-0.970,-0.956,0,0,4093,2,2.564,9.522
3239,0.000,-4.581,7.152,0.115,2.568,9.619,0.381,-17.699,-7.811,0.000,3.260,9.150,0.198,0.134,0.000,0.209,-0.132,3,-0.969,-0.956,1,0,4095,0,2.472,9.522
3240,0.000,-4.669,7.152,0.126,2.515,9.600,0.229,-17.743,-7.811,0.000,3.202,9.152,0.076,0.134,0.000,0.209,-0.132,3,-0.969,-0.956,0,3,4095,3,2.472,9.613
3241,0.000,-4.757,7.152,0.115,2.486,9.573,0.229,-17.809,-7.811,0.000,3.198,9.171,0.107,0.134,0.000,0.209,-0.132,3,-0.969,-0.957,0,0,4095,0,2.564,9.613
3242,0.000,-4.823,7.152,0.126,2.520,9.533,0.015,-17.853,-7.811,0.016,3.200,9.152,0.046,0.134,0.000,0.209,-0.132,3,-0.970,-0.956,0,0,4095,0,2.472,9.522
3243,0.000,-4.911,7.152,0.137,2.587,9.521,0.000,-17.919,-7.811,-0.016,3.162,9.174,-0.015,0.134,0.000,0.209,-0.132,3,-0.970,-0.956,0,0,4095,3,2.472,9.522
3244,0.000,-4.977,7.152,0.126,2.541,9.547,-0.015,-17.963,-7.811,0.000,3.205,9.212,-0.076,0.134,0.000,0.209,-0.132,3,-0.969,-0.956,2,0,4095,2,2.472,9.522
3245,0.000,-5.065,7.152,0.104,2.515,9.607,-0.198,-18.029,-7.811,0.000,3.221,9.193,-0.229,0.134,0.000,0.209,-0.132,3,-0.970,-0.956,0,1,4095,1,2.564,9.522
3246,0.000,-5.131,7.152,0.104,2.522,9.616,-0.168,-18.073,-7.811,0.000,3.207,9.195,-0.320,0.134,0.000,0.209,-0.132,3,-0.972,-0.955,0,0,4095,2,2.472,9.522
3247,0.000,-5.197,7.152,0.126,2.561,9.624,-0.198,-18.117,-7.811,0.000,3.272,9.164,-0.351,0.134,0.000,0.209,-0.132,3,-0.973,-0.956,0,0,4095,2,2.472,9.522
3248,0.000,-5.263,7.152,0.126,2.544,9.595,-0.412,-18.161,-7.811,-0.016,3.245,9.255,-0.443,0.134,0.000,0.209,-0.132,3,-0.970,-0.955,0,0,4095,0,2.472,9.613
3249,0.000,-5.350,7.152,0.126,2.498,9.535,-0.595,-18.205,-7.811,-0.005,3.241,9.257,-0.473,0.134,0.000,0.209,-0.132,3,-0.973,-0.956,5,0,4095,5,2.472,9.613
3250,0.000,-5.416,7.152,0.115,2.558,9.581,-0.534,-18.249,-7.811,0.000,3.245,9.229,-0.504,0.134,0.000,0.209,-0.132,3,-0.969,-0.956,0,0,4095,1,2.472,9.522
3251,0.000,-5.482,7.152,0.115,2.597,9.602,-0.595,-18.293,-7.811,0.000,3.250,9.219,-0.504,0.134,0.000,0.209,-0.132,3,-0.973,-0.954,0,0,4095,2,2.472,9.522
3252,0.000,-5.526,7.152,0.126,2.570,9.607,-0.717,-18.336,-7.811,-0.005,3.267,9.231,-0.504,0.134,0.000,0.209,-0.132,3,-0.972,-0.956,0,1,4095,1,2.472,9.522
3253,0.000,-5.592,7.152,0.148,2.594,9.660,-0.717,-18.380,-7.811,0.005,3.245,9.243,-0.687,0.134,0.000,0.209,-0.132,3,-0.969,-0.956,1,0,4095,1,2.564,9.522
3254,0.000,-5.658,7.152,0.126,2.640,9.640,-0.687,-18.424,-7.811,0.000,3.238,9.260,-0.778,0.134,0.000,0.209,-0.132,3,-0.969,-0.956,0,0,4095,2,2.564,9.522
3255,0.000,-5.702,7.152,0.104,2.606,9.626,-0.595,-18.468,-7.811,0.005,3.298,9.248,-0.778,0.134,0.000,0.209,-0.132,3,-0.969,-0.955,0,0,4095,2,2.564,9.613
3256,0.000,-5.768,7.152,0.115,2.609,9.652,-0.809,-18.490,-7.811,0.000,3.303,9.224,-0.931,0.134,0.000,0.209,-0.132,3,-0.970,-0.955,0,0,4095,1,2.564,9.613
3257,0.000,-5.812,7.152,0.137,2.688,9.640,-0.992,-18.534,-7.811,0.005,3.277,9.224,-1.053,0.134,0.000,0.209,-0.132,3,-0.971,-0.956,0,0,4095,0,2.564,9.613
3258,0.000,-5.856,7.152,0.126,2.695,9.631,-0.931,-18.556,-7.811,0.000,3.308,9.245,-0.961,0.134,0.000,0.209,-0.132,3,-0.971,-0.956,0,0,4095,1,2.564,9.613
3259,0.000,-5.900,7.152,0.126,2.680,9.604,-1.022,-18.600,-7.811,0.000,3.322,9.248,-0.931,0.134,0.000,0.209,-0.132,3,-0.969,-0.956,0,0,4095,0,2.655,9.613
3260,0.000,-5.944,7.152,0.115,2.769,9.626,-1.053,-18.622,-7.811,0.016,3.291,9.241,-0.961,0.134,0.000,0.209,-0.132,3,-0.971,-0.956,0,0,4095,1,2.655,9.613
3261,0.000,-5.966,7.152,0.137,2.747,9.648,-0.992,-18.644,-7.811,0.000,3.353,9.205,-1.175,0.134,0.000,0.209,-0.132,3,-0.970,-0.956,0,0,4095,1,2.655,9.522
3262,0.000,-6.010,7.152,0.115,2.702,9.597,-1.144,-18.666,-7.811,0.000,3.351,9.157,-1.389,0.134,0.000,0.209,-0.132,3,-0.970,-0.956,0,0,4095,1,2.747,9.613
3263,0.000,-6.032,7.152,0.126,2.800,9.573,-1.175,-18.688,-7.811,0.000,3.339,9.147,-1.328,0.134,0.000,0.209,-0.132,3,-0.970,-0.955,0,0,4095,1,2.747,9.613
3264,0.000,-6.054,7.152,0.126,2.884,9.607,-1.266,-18.710,-7.811,-0.005,3.387,9.159,-1.297,0.134,0.000,0.209,-0.132,3,-0.970,-0.956,0,0,4095,0,2.655,9.522
3265,0.000,-6.076,7.152,0.126,2.877,9.607,-1.297,-18.732,-7.811,0.005,3.420,9.159,-1.389,0.134,0.000,0.209,-0.132,3,-0.969,-0.957,0,0,4095,0,2.747,9.522
3266,0.000,-6.098,7.152,0.126,2.858,9.604,-1.358,-18.754,-7.811,-0.005,3.432,9.176,-1.389,0.134,0.000,0.209,-0.132,3,-0.970,-0.956,1,0,4095,2,2.838,9.522
3267,0.000,-6.119,7.152,0.115,2.846,9.585,-1.450,-18.754,-7.811,0.016,3.437,9.164,-1.419,0.134,0.000,0.209,-0.132,3,-0.970,-0.956,0,0,4095,1,2.838,9.522
3268,0.000,-6.141,7.152,0.115,2.903,9.561,-1.328,-18.776,-7.811,0.000,3.447,9.123,-1.480,0.134,0.000,0.209,-0.132,3,-0.970,-0.957,0,0,4095,1,2.838,9.522
3269,0.000,-6.141,7.152,0.137,2.975,9.561,-1.358,-18.776,-7.811,0.005,3.461,9.133,-1.602,0.134,0.000,0.209,-0.132,3,-0.969,-0.956,0,0,4095,2,2.838,9.522
3270,0.000,-6.163,7.152,0.126,3.001,9.559,-1.541,-18.776,-7.811,0.000,3.478,9.135,-1.602,0.134,0.000,0.209,-0.132,3,-0.970,-0.957,0,0,4095,1,2.838,9.522
3271,0.000,-6.163,7.152,0.126,3.049,9.533,-1.663,-18.776,-7.811,-0.005,3.526,9.114,-1.572,0.134,0.000,0.209,-0.132,3,-0.969,-0.956,3,1,4095,0,2.930,9.522
3272,0.000,-6.141,7.152,0.137,3.039,9.482,-1.785,-18.776,-7.811,0.005,3.535,9.121,-1.602,0.134,0.000,0.209,-0.132,3,-0.969,-0.956,0,0,4095,1,2.930,9.522
3273,0.000,-6.141,7.152,0.137,3.042,9.475,-1.663,-18.776,-7.811,-0.005,3.511,9.128,-1.541,0.134,0.000,0.209,-0.132,3,-0.970,-0.958,0,0,4095,2,3.021,9.522
3274,0.000,-6.141,7.152,0.115,3.099,9.470,-1.816,-18.776,-7.811,0.005,3.523,9.111,-1.633,0.134,0.000,0.209,-0.132,3,-0.969,-0.956,0,0,4095,2,3.021,9.430
3275,0.000,-6.119,7.152,0.115,3.090,9.470,-1.846,-18.776,-7.811,0.005,3.573,9.128,-1.755,0.134,0.000,0.209,-0.132,3,-0.970,-0.955,1,0,4095,2,3.021,9.430
3276,0.000,-6.119,7.152,0.126,3.107,9.454,-1.663,-18.776,-7.811,0.000,3.633,9.130,-1.816,0.134,0.000,0.209,-0.132,3,-0.969,-0.956,0,0,4095,0,3.021,9.430
3277,0.000,-6.098,7.152,0.126,3.219,9.468,-1.602,-18.754,-7.811,0.005,3.621,9.145,-1.846,0.134,0.000,0.209,-0.132,3,-0.969,-0.957,0,1,4095,0,3.021,9.430
3278,0.000,-6.076,7.152,0.115,3.284,9.494,-1.755,-18.754,-7.811,0.005,3.645,9.145,-1.877,0.134,0.000,0.209,-0.132,3,-0.970,-0.957,2,0,4095,6,3.021,9.430
3279,0.000,-6.054,7.152,0.126,3.265,9.425,-1.907,-18.732,-7.811,0.000,3.660,9.111,-1.663,0.134,0.000,0.209,-0.132,3,-0.969,-0.956,0,0,4095,0,3.204,9.430
3280,0.000,-6.032,7.152,0.137,3.320,9.430,-1.907,-18.732,-7.811,0.000,3.688,9.095,-1.663,0.134,0.000,0.209,-0.132,3,-0.970,-0.957,0,0,4095,0,3.204,9.430
3281,0.000,-5.988,7.152,0.115,3.329,9.437,-1.663,-18.710,-7.811,0.000,3.727,9.116,-1.663,0.134,0.000,0.209,-0.132,3,-0.969,-0.956,0,0,4095,0,3.204,9.339
3282,0.000,-5.966,7.152,0.104,3.367,9.456,-1.602,-18.688,-7.811,0.000,3.786,9.111,-1.633,0.134,0.000,0.209,-0.132,3,-0.970,-0.956,0,0,4095,3,3.296,9.430
3283,0.000,-5.922,7.152,0.115,3.394,9.403,-1.755,-18.644,-7.811,-0.005,3.873,9.097,-1.633,0.134,0.000,0.209,-0.132,3,-0.970,-0.956,2,0,4095,2,3.296,9.430
3284,0.000,-5.878,7.152,0.126,3.401,9.346,-1.846,-18.622,-7.811,0.000,3.842,9.176,-1.785,0.134,0.000,0.209,-0.132,3,-0.969,-0.956,0,1,4095,2,3.296,9.430
3285,0.000,-5.834,7.152,0.115,3.454,9.348,-1.785,-18.600,-7.811,0.000,3.806,9.169,-1.816,0.134,0.000,0.209,-0.132,3,-0.971,-0.955,0,0,4095,2,3.388,9.339
3286,0.000,-5.790,7.152,0.126,3.506,9.329,-1.755,-18.578,-7.811,0.000,3.837,9.162,-1.907,0.134,0.000,0.209,-0.132,3,-0.972,-0.956,0,0,4095,0,3.388,9.339
3287,0.000,-5.746,7.152,0.104,3.540,9.346,-1.724,-18.556,-7.811,-0.005,3.892,9.205,-1.846,0.134,0.000,0.209,-0.132,3,-0.971,-0.956,0,0,4095,0,3.388,9.339
3288,0.000,-5.702,7.152,0.115,3.523,9.315,-1.694,-18.512,-7.811,0.000,3.947,9.214,-1.755,0.134,0.000,0.209,-0.132,3,-0.971,-0.956,2,0,4095,5,3.479,9.247
3289,0.000,-5.636,7.152,0.137,3.502,9.245,-1.694,-18.468,-7.811,0.000,3.990,9.193,-1.572,0.134,0.000,0.209,-0.132,3,-0.972,-0.956,0,3,4095,1,3.479,9.339
3290,0.000,-5.592,7.152,0.115,3.573,9.257,-1.816,-18.446,-7.811,0.005,3.995,9.166,-1.450,0.134,0.000,0.209,-0.132,3,-0.972,-0.954,1,0,4095,2,3.479,9.247
3291,0.000,-5.526,7.152,0.126,3.626,9.262,-1.755,-18.402,-7.811,0.000,3.992,9.176,-1.389,0.134,0.000,0.209,-0.132,3,-0.971,-0.956,0,0,4095,1,3.479,9.155
3292,0.000,-5.482,7.152,0.126,3.624,9.245,-1.633,-18.358,-7.811,0.000,4.074,9.159,-1.480,0.134,0.000,0.209,-0.132,3,-0.970,-0.957,0,0,4095,1,3.571,9.247
3293,0.000,-5.416,7.152,0.115,3.628,9.209,-1.480,-18.314,-7.811,-0.005,4.059,9.135,-1.450,0.134,0.000,0.209,-0.132,3,-0.969,-0.956,0,0,4095,1,3.571,9.247
3294,0.000,-5.350,7.152,0.137,3.655,9.166,-1.511,-18.271,-7.811,-0.005,4.088,9.133,-1.266,0.134,0.000,0.209,-0.132,3,-0.970,-0.955,0,1,4095,2,3.571,9.155
3295,0.000,-5.285,7.152,0.115,3.696,9.181,-1.541,-18.227,-7.811,0.000,4.150,9.140,-1.205,0.134,0.000,0.209,-0.132,3,-0.970,-0.954,0,0,4095,1,3.571,9.155
3296,0.000,-5.219,7.152,0.115,3.751,9.214,-1.450,-18.161,-7.811,0.000,4.165,9.123,-1.175,0.134,0.000,0.209,-0.132,3,-0.971,-0.956,0,0,4095,0,3.571,9.155
3297,0.000,-5.153,7.152,0.126,3.741,9.202,-1.328,-18.117,-7.811,0.000,4.126,9.104,-1.266,0.134,0.000,0.209,-0.132,3,-0.971,-0.957,0,0,4095,1,3.662,9.155
3298,0.000,-5.087,7.152,0.104,3.724,9.212,-1.297,-18.073,-7.811,0.000,4.141,9.121,-1.358,0.134,0.000,0.209,-0.132,3,-0.971,-0.956,0,0,4095,1,3.662,9.155
3299,0.000,-5.021,7.152,0.137,3.796,9.171,-1.328,-18.029,-7.811,0.000,4.177,9.114,-1.328,0.134,0.000,0.209,-0.132,3,-0.970,-0.956,0,0,4095,0,3.662,9.155
3300,0.000,-4.955,7.152,0.115,3.885,9.121,-1.205,-17.963,-7.811,0.000,4.143,9.063,-1.175,0.134,0.000,0.209,-0.132,3,-0.970,-0.956,0,0,4095,2,3.662,9.155
3301,0.000,-4.867,7.152,0.115,3.813,9.123,-1.236,-17.919,-7.811,0.000,4.170,9.030,-1.114,0.134,0.000,0.209,-0.132,3,-0.970,-0.956,0,0,4095,1,3.754,9.155
3302,0.000,-4.801,7.152,0.115,3.789,9.140,-1.236,-17.875,-7.811,-0.005,4.208,9.051,-1.144,0.134,0.000,0.209,-0.132,3,-0.970,-0.955,0,0,4095,1,3.845,9.064
3303,0.000,-4.735,7.152,0.126,3.899,9.159,-1.114,-17.809,-7.811,0.005,4.217,9.049,-1.205,0.134,0.000,0.209,-0.132,3,-0.970,-0.956,0,0,4095,1,3.754,9.064
3304,0.000,-4.647,7.152,0.137,3.921,9.183,-1.144,-17.765,-7.811,0.005,4.251,9.001,-1.053,0.134,0.000,0.209,-0.132,3,-0.969,-0.957,0,0,4095,0,3.754,9.064
3305,0.000,-4.581,7.152,0.126,3.894,9.166,-1.022,-17.699,-7.811,0.005,4.217,9.004,-0.931,0.134,0.000,0.209,-0.132,3,-0.970,-0.956,1,0,4095,2,3.845,9.155
3306,0.000,-4.515,7.152,0.137,3.930,9.185,-0.839,-17.655,-7.811,0.000,4.184,9.020,-0.687,0.134,0.000,0.209,-0.132,3,-0.970,-0.956,0,0,4095,0,3.845,9.155
3307,0.000,-4.428,7.152,0.126,3.988,9.231,-0.717,-17.611,-7.811,0.000,4.213,8.999,-0.687,0.134,0.000,0.209,-0.132,3,-0.970,-0.957,0,0,4095,1,3.845,9.155
3308,0.000,-4.362,7.152,0.126,4.031,9.214,-0.748,-17.545,-7.811,0.000,4.241,8.984,-0.748,0.134,0.000,0.209,-0.132,3,-0.969,-0.956,0,0,4095,0,3.845,9.155
3309,0.000,-4.274,7.152,0.115,3.997,9.176,-0.839,-17.501,-7.811,0.005,4.263,8.975,-0.626,0.134,0.000,0.209,-0.132,3,-0.970,-0.956,0,0,4095,1,3.937,9.155
3310,0.000,-4.208,7.152,0.137,3.961,9.142,-0.595,-17.436,-7.811,0.000,4.280,8.960,-0.565,0.134,0.000,0.209,-0.132,3,-0.969,-0.956,3,1,4095,0,4.028,9.155
3311,0.000,-4.142,7.152,0.115,4.026,9.169,-0.565,-17.392,-7.811,0.000,4.256,8.970,-0.626,0.134,0.000,0.209,-0.132,3,-0.969,-0.955,0,0,4095,0,3.937,9.155
3312,0.000,-4.054,7.152,0.115,4.021,9.166,-0.443,-17.326,-7.811,0.005,4.256,8.975,-0.412,0.134,0.000,0.209,-0.132,3,-0.971,-0.957,1,0,4095,4,3.937,9.064
3313,0.000,-3.988,7.152,0.126,3.988,9.130,-0.412,-17.282,-7.811,0.000,4.318,8.956,-0.320,0.134,0.000,0.209,-0.132,3,-0.969,-0.956,0,0,4095,2,3.937,9.155
3314,0.000,-3.922,7.152,0.115,4.007,9.123,-0.504,-17.216,-7.811,-0.005,4.337,8.965,-0.198,0.134,0.000,0.209,-0.132,3,-0.971,-0.955,2,0,4095,1,3.937,9.155
3315,0.000,-3.834,7.152,0.126,4.043,9.166,-0.473,-17.172,-7.811,-0.005,4.287,8.982,-0.107,0.134,0.000,0.209,-0.132,3,-0.969,-0.956,2,0,4095,0,3.937,9.064
3316,0.000,-3.768,7.152,0.137,4.071,9.188,-0.229,-17.106,-7.811,-0.016,4.304,8.984,-0.229,0.134,0.000,0.209,-0.132,3,-0.970,-0.956,0,0,4095,7,3.937,9.064
3317,0.000,-3.702,7.152,0.115,4.083,9.178,0.000,-17.062,-7.811,0.005,4.337,9.030,-0.137,0.134,0.000,0.209,-0.132,3,-0.970,-0.957,4,0,4095,6,4.028,9.155
3318,0.000,-3.637,7.152,0.115,4.067,9.195,0.000,-17.018,-7.811,0.005,4.308,9.042,-0.015,0.134,0.000,0.209,-0.132,3,-0.968,-0.956,0,0,4095,0,4.028,9.155
3319,0.000,-3.549,7.152,0.126,4.059,9.188,-0.107,-16.974,-7.811,0.005,4.330,9.039,0.107,0.134,0.000,0.209,-0.132,3,-0.970,-0.955,0,0,4095,3,4.028,9.155
3320,0.000,-3.483,7.152,0.126,4.114,9.185,0.015,-16.908,-7.811,0.000,4.342,9.011,0.229,0.134,0.000,0.209,-0.132,3,-0.970,-0.956,0,0,4095,3,4.028,9.155
3321,0.000,-3.417,7.152,0.126,4.095,9.159,0.290,-16.864,-7.811,0.000,4.349,8.994,0.198,0.134,0.000,0.209,-0.132,3,-0.970,-0.956,0,0,4095,3,4.028,9.155
3322,0.000,-3.351,7.152,0.115,4.028,9.140,0.229,-16.820,-7.811,0.000,4.352,9.018,0.198,0.134,0.000,0.209,-0.132,3,-0.969,-0.956,2,0,4095,2,4.028,9.155
3323,0.000,-3.285,7.152,0.126,4.047,9.157,0.351,-16.776,-7.811,0.000,4.340,9.023,0.320,0.134,0.000,0.209,-0.132,3,-0.970,-0.956,0,1,4095,1,4.028,9.155
3324,0.000,-3.241,7.152,0.126,4.040,9.185,0.381,-16.732,-7.811,0.000,4.366,9.063,0.504,0.134,0.000,0.209,-0.132,3,-0.970,-0.956,0,0,4095,2,4.028,9.064
3325,0.000,-3.175,7.152,0.126,4.035,9.207,0.626,-16.688,-7.811,-0.016,4.366,9.087,0.595,0.134,0.000,0.209,-0.132,3,-0.972,-0.956,0,1,4095,1,4.028,9.155
3326,0.000,-3.109,7.152,0.126,4.057,9.185,0.748,-16.645,-7.811,-0.005,4.308,9.073,0.656,0.134,0.000,0.209,-0.132,3,-0.969,-0.957,0,0,4095,1,4.028,9.155
3327,0.000,-3.065,7.152,0.115,4.055,9.188,0.717,-16.601,-7.811,0.000,4.275,9.054,0.565,0.134,0.000,0.209,-0.132,3,-0.969,-0.956,0,0,4095,1,4.028,9.155
3328,0.000,-2.999,7.152,0.137,3.971,9.164,0.656,-16.579,-7.811,0.000,4.268,9.061,0.687,0.134,0.000,0.209,-0.132,3,-0.971,-0.956,0,3,4095,1,4.028,9.155
3329,0.000,-2.955,7.152,0.126,3.897,9.178,0.656,-16.535,-7.811,-0.005,4.284,9.090,0.870,0.134,0.000,0.209,-0.132,3,-0.969,-0.957,3,0,4095,2,4.028,9.155
3330,0.000,-2.933,7.152,0.137,3.873,9.174,0.687,-16.513,-7.811,-0.005,4.292,9.114,0.839,0.134,0.000,0.209,-0.132,3,-0.969,-0.956,0,0,4095,1,3.937,9.155
3331,0.000,-2.889,7.152,0.126,3.863,9.147,0.748,-16.469,-7.811,0.000,4.289,9.133,0.992,0.134,0.000,0.209,-0.132,3,-0.969,-0.957,0,0,4095,1,3.845,9.155
3332,0.000,-2.846,7.152,0.104,3.899,9.162,0.992,-16.447,-7.811,0.000,4.237,9.128,1.114,0.134,0.000,0.209,-0.132,3,-0.969,-0.956,0,0,4095,1,3.845,9.155
3333,0.000,-2.824,7.152,0.137,3.928,9.162,1.175,-16.425,-7.811,-0.016,4.203,9.109,1.144,0.134,0.000,0.209,-0.132,3,-0.969,-0.955,0,0,4095,3,3.845,9.064
3334,0.000,-2.780,7.152,0.104,3.952,9.178,1.358,-16.403,-7.811,-0.005,4.296,9.097,1.083,0.134,0.000,0.209,-0.132,3,-0.970,-0.955,0,0,4095,1,3.845,9.155
3335,0.000,-2.736,7.152,0.126,3.909,9.188,1.419,-16.381,-7.811,0.005,4.186,9.111,1.114,0.134,0.000,0.209,-0.132,3,-0.970,-0.956,0,0,4095,0,3.845,9.155
3336,0.000,-2.714,7.152,0.148,3.820,9.183,1.389,-16.359,-7.811,0.005,4.141,9.111,1.297,0.134,0.000,0.209,-0.132,3,-0.970,-0.954,0,0,4095,2,3.937,9.155
3337,0.000,-2.670,7.152,0.126,3.794,9.166,1.450,-16.337,-7.811,0.005,4.146,9.123,1.328,0.134,0.000,0.209,-0.132,3,-0.969,-0.956,0,0,4095,0,3.845,9.155
3338,0.000,-2.648,7.152,0.137,3.767,9.190,1.419,-16.337,-7.811,0.000,4.158,9.109,1.236,0.134,0.000,0.209,-0.132,3,-0.970,-0.956,0,0,4095,1,3.754,9.155
3339,0.000,-2.648,7.152,0.115,3.703,9.233,1.511,-16.315,-7.811,0.000,4.119,9.075,1.297,0.134,0.000,0.209,-0.132,3,-0.969,-0.956,2,0,4095,2,3.754,9.155
3340,0.000,-2.626,7.152,0.126,3.636,9.152,1.694,-16.293,-7.811,0.000,4.112,9.063,1.450,0.134,0.000,0.209,-0.132,3,-0.970,-0.956,0,0,4095,1,3.754,9.155
3341,0.000,-2.626,7.152,0.104,3.645,9.133,1.633,-16.293,-7.811,0.000,4.105,9.066,1.450,0.134,0.000,0.209,-0.132,3,-0.970,-0.955,0,0,4095,1,3.662,9.155
3342,0.000,-2.626,7.152,0.126,3.667,9.217,1.541,-16.293,-7.811,-0.005,4.047,9.061,1.511,0.134,0.000,0.209,-0.132,3,-0.970,-0.956,0,0,4095,0,3.571,9.064
3343,0.000,-2.604,7.152,0.126,3.652,9.217,1.602,-16.271,-7.811,0.000,4.009,9.061,1.541,0.134,0.000,0.209,-0.132,3,-0.970,-0.957,0,0,4095,0,3.571,9.064
3344,0.000,-2.604,7.152,0.115,3.597,9.212,1.572,-16.271,-7.811,0.005,4.019,9.080,1.480,0.134,0.000,0.209,-0.132,3,-0.970,-0.956,1,0,4095,2,3.662,9.155
3345,0.000,-2.604,7.152,0.115,3.549,9.202,1.724,-16.271,-7.811,0.005,3.992,9.066,1.572,0.134,0.000,0.209,-0.132,3,-0.970,-0.956,0,0,4095,2,3.571,9.155
3346,0.000,-2.626,7.152,0.126,3.523,9.250,1.633,-16.293,-7.811,0.000,3.949,9.061,1.541,0.134,0.000,0.209,-0.132,3,-0.970,-0.956,0,0,4095,1,3.571,9.155
3347,0.000,-2.626,7.152,0.126,3.497,9.272,1.694,-16.293,-7.811,-0.005,3.933,9.056,1.541,0.134,0.000,0.209,-0.132,3,-0.969,-0.956,0,0,4095,0,3.479,9.155
3348,0.000,-2.648,7.152,0.126,3.470,9.288,1.785,-16.293,-7.811,0.005,3.921,9.078,1.572,0.134,0.000,0.209,-0.132,3,-0.970,-0.956,0,0,4095,1,3.479,9.247
3349,0.000,-2.648,7.152,0.126,3.425,9.293,1.785,-16.315,-7.811,0.005,3.909,9.135,1.633,0.134,0.000,0.209,-0.132,3,-0.969,-0.956,0,1,4095,0,3.479,9.247
3350,0.000,-2.670,7.152,0.137,3.442,9.279,1.816,-16.315,-7.811,0.000,3.901,9.109,1.755,0.134,0.000,0.209,-0.132,3,-0.970,-0.956,0,0,4095,1,3.388,9.247
3351,0.000,-2.692,7.152,0.126,3.425,9.281,1.999,-16.337,-7.811,0.005,3.873,9.102,1.785,0.134,0.000,0.209,-0.132,3,-0.971,-0.958,0,0,4095,3,3.388,9.247
3352,0.000,-2.714,7.152,0.126,3.372,9.317,2.152,-16.337,-7.811,0.000,3.803,9.121,1.633,0.134,0.000,0.209,-0.132,3,-0.969,-0.956,0,1,4095,2,3.388,9.247
3353,0.000,-2.736,7.152,0.126,3.332,9.334,1.938,-16.359,-7.811,0.016,3.842,9.142,1.480,0.134,0.000,0.209,-0.132,3,-0.970,-0.955,2,0,4095,2,3.388,9.247
3354,0.000,-2.780,7.152,0.137,3.274,9.324,1.877,-16.381,-7.811,-0.005,3.854,9.166,1.480,0.134,0.000,0.209,-0.132,3,-0.969,-0.956,2,0,4095,0,3.296,9.247
3355,0.000,-2.802,7.152,0.126,3.272,9.363,1.938,-16.403,-7.811,0.000,3.791,9.205,1.541,0.134,0.000,0.209,-0.132,3,-0.970,-0.956,0,0,4095,4,3.296,9.247
3356,0.000,-2.846,7.152,0.126,3.260,9.403,1.968,-16.425,-7.811,-0.005,3.777,9.231,1.480,0.134,0.000,0.209,-0.132,3,-0.970,-0.957,5,0,4095,5,3.204,9.247
3357,0.000,-2.889,7.152,0.126,3.253,9.418,1.846,-16.447,-7.811,-0.005,3.767,9.205,1.572,0.134,0.000,0.209,-0.132,3,-0.969,-0.956,0,1,4095,1,3.204,9.339
3358,0.000,-2.911,7.152,0.115,3.226,9.415,1.755,-16.469,-7.811,-0.005,3.770,9.195,1.572,0.134,0.000,0.209,-0.132,3,-0.969,-0.958,0,0,4095,0,3.204,9.339
3359,0.000,-2.955,7.152,0.126,3.157,9.396,1.785,-16.513,-7.811,0.000,3.767,9.236,1.541,0.134,0.000,0.209,-0.132,3,-0.970,-0.956,0,1,4095,3,3.204,9.339
3360,0.000,-3.021,7.152,0.126,3.121,9.413,1.785,-16.535,-7.811,0.005,3.727,9.257,1.450,0.134,0.000,0.209,-0.132,3,-0.970,-0.956,0,0,4095,3,3.204,9.339
3361,0.000,-3.065,7.152,0.115,3.097,9.432,1.785,-16.557,-7.811,0.000,3.684,9.265,1.511,0.134,0.000,0.209,-0.132,3,-0.969,-0.956,2,0,4095,3,3.113,9.339
3362,0.000,-3.109,7.152,0.126,3.111,9.468,1.633,-16.601,-7.811,0.005,3.664,9.296,1.450,0.134,0.000,0.209,-0.132,3,-0.969,-0.956,0,1,4095,2,3.113,9.339
3363,0.000,-3.153,7.152,0.137,3.109,9.499,1.602,-16.645,-7.811,-0.005,3.650,9.276,1.358,0.134,0.000,0.209,-0.132,3,-0.971,-0.956,0,0,4095,2,3.021,9.430
3364,0.000,-3.219,7.152,0.148,3.073,9.494,1.694,-16.667,-7.811,-0.005,3.621,9.296,1.205,0.134,0.000,0.209,-0.132,3,-0.972,-0.956,0,0,4095,2,3.021,9.430
3365,0.000,-3.263,7.152,0.137,3.075,9.499,1.724,-16.710,-7.811,0.016,3.636,9.303,1.266,0.134,0.000,0.209,-0.132,3,-0.969,-0.957,0,0,4095,0,3.021,9.430
3366,0.000,-3.307,7.152,0.115,3.035,9.492,1.602,-16.754,-7.811,0.000,3.621,9.253,1.175,0.134,0.000,0.209,-0.132,3,-0.973,-0.956,5,0,4095,6,3.021,9.430
3367,0.000,-3.373,7.152,0.126,2.970,9.525,1.450,-16.798,-7.811,0.000,3.588,9.272,1.419,0.134,0.000,0.209,-0.132,3,-0.970,-0.956,0,2,4095,1,3.021,9.430
3368,0.000,-3.439,7.152,0.115,2.927,9.571,1.511,-16.820,-7.811,0.016,3.578,9.288,1.236,0.134,0.000,0.209,-0.132,3,-0.973,-0.954,1,0,4095,1,3.021,9.430
3369,0.000,-3.505,7.152,0.126,2.891,9.504,1.541,-16.864,-7.811,-0.005,3.578,9.255,1.114,0.134,0.000,0.209,-0.132,3,-0.969,-0.956,0,1,4095,1,2.930,9.522
3370,0.000,-3.571,7.152,0.126,2.932,9.458,1.450,-16.908,-7.811,-0.005,3.545,9.248,1.205,0.134,0.000,0.209,-0.132,3,-0.969,-0.957,0,0,4095,1,2.838,9.522
3371,0.000,-3.615,7.152,0.137,2.929,9.528,1.266,-16.952,-7.811,0.000,3.504,9.274,1.114,0.134,0.000,0.209,-0.132,3,-0.969,-0.957,0,0,4095,1,2.838,9.430
3372,0.000,-3.680,7.152,0.115,2.874,9.571,1.541,-16.996,-7.811,0.000,3.492,9.276,0.931,0.134,0.000,0.209,-0.132,3,-0.970,-0.955,0,1,4095,3,2.930,9.430
3373,0.000,-3.746,7.152,0.126,2.860,9.559,1.358,-17.040,-7.811,0.000,3.516,9.241,0.839,0.134,0.000,0.209,-0.132,3,-0.970,-0.955,0,0,4095,2,2.930,9.522
3374,0.000,-3.812,7.152,0.137,2.858,9.547,1.175,-17.084,-7.811,0.000,3.494,9.245,0.748,0.134,0.000,0.209,-0.132,3,-0.970,-0.957,0,0,4095,0,2.838,9.522
3375,0.000,-3.878,7.152,0.115,2.850,9.545,1.053,-17.128,-7.811,0.005,3.408,9.257,0.839,0.134,0.000,0.209,-0.132,3,-0.971,-0.955,0,0,4095,2,2.838,9.522
3376,0.000,-3.944,7.152,0.137,2.781,9.537,0.931,-17.172,-7.811,0.000,3.406,9.207,0.961,0.134,0.000,0.209,-0.132,3,-0.968,-0.956,0,0,4095,0,2.838,9.522
3377,0.000,-4.010,7.152,0.126,2.798,9.554,0.961,-17.216,-7.811,0.005,3.408,9.193,0.839,0.134,0.000,0.209,-0.132,3,-0.970,-0.957,0,0,4095,1,2.838,9.522
3378,0.000,-4.076,7.152,0.137,2.810,9.581,0.961,-17.282,-7.811,0.000,3.372,9.169,0.687,0.134,0.000,0.209,-0.132,3,-0.970,-0.956,0,0,4095,2,2.747,9.522
3379,0.000,-4.142,7.152,0.137,2.702,9.573,0.839,-17.326,-7.811,0.005,3.377,9.181,0.626,0.134,0.000,0.209,-0.132,3,-0.970,-0.956,0,1,4095,0,2.747,9.522
3380,0.000,-4.230,7.152,0.126,2.759,9.559,0.809,-17.370,-7.811,0.000,3.360,9.181,0.626,0.134,0.000,0.209,-0.132,3,-0.970,-0.955,0,0,4095,1,2.747,9.522
3381,0.000,-4.296,7.152,0.137,2.798,9.545,0.748,-17.414,-7.811,0.000,3.312,9.181,0.626,0.134,0.000,0.209,-0.132,3,-0.970,-0.956,0,0,4095,0,2.655,9.522
3382,0.000,-4.340,7.152,0.126,2.755,9.561,0.565,-17.480,-7.811,0.000,3.286,9.188,0.504,0.134,0.000,0.209,-0.132,3,-0.969,-0.957,0,0,4095,0,2.747,9.522
3383,0.000,-4.406,7.152,0.137,2.743,9.595,0.412,-17.523,-7.811,-0.016,3.288,9.171,0.443,0.134,0.000,0.209,-0.132,3,-0.970,-0.956,1,0,4095,2,2.747,9.522
3384,0.000,-4.472,7.152,0.137,2.719,9.619,0.412,-17.567,-7.811,-0.016,3.303,9.150,0.534,0.134,0.000,0.209,-0.132,3,-0.970,-0.956,0,0,4095,2,2.747,9.522
3385,0.000,-4.537,7.152,0.115,2.700,9.578,0.320,-17.633,-7.811,0.000,3.310,9.147,0.473,0.134,0.000,0.209,-0.132,3,-0.970,-0.957,0,0,4095,1,2.655,9.522
3386,0.000,-4.625,7.152,0.126,2.659,9.528,0.168,-17.677,-7.811,0.000,3.300,9.142,0.290,0.134,0.000,0.209,-0.132,3,-0.969,-0.956,0,0,4095,0,2.655,9.613
3387,0.000,-4.691,7.152,0.126,2.695,9.559,0.046,-17.721,-7.811,0.000,3.296,9.150,0.168,0.134,0.000,0.209,-0.132,3,-0.970,-0.956,0,0,4095,2,2.655,9.522
3388,0.000,-4.735,7.152,0.115,2.747,9.576,0.107,-17.765,-7.811,0.000,3.291,9.147,0.229,0.134,0.000,0.209,-0.132,3,-0.969,-0.956,1,0,4095,0,2.655,9.522
3389,0.000,-4.801,7.152,0.137,2.702,9.578,0.076,-17.809,-7.811,-0.005,3.305,9.166,0.229,0.134,0.000,0.209,-0.132,3,-0.970,-0.956,0,0,4095,4,2.655,9.522
3390,0.000,-4.867,7.152,0.126,2.673,9.571,0.015,-17.853,-7.811,0.000,3.341,9.169,0.000,0.134,0.000,0.209,-0.132,3,-0.971,-0.958,1,0,4095,3,2.747,9.522
3391,0.000,-4.933,7.152,0.126,2.688,9.583,-0.076,-17.897,-7.811,0.000,3.336,9.157,0.000,0.134,0.000,0.209,-0.132,3,-0.969,-0.956,0,1,4095,2,2.655,9.522
3392,0.000,-4.977,7.152,0.137,2.714,9.571,-0.229,-17.941,-7.811,0.000,3.238,9.188,-0.076,0.134,0.000,0.209,-0.132,3,-0.970,-0.956,1,0,4095,1,2.655,9.522
3393,0.000,-5.043,7.152,0.104,2.738,9.554,-0.198,-17.985,-7.811,0.000,3.233,9.176,-0.259,0.134,0.000,0.209,-0.132,3,-0.969,-0.957,1,0,4095,0,2.655,9.522
3394,0.000,-5.087,7.152,0.126,2.714,9.593,-0.107,-18.029,-7.811,-0.016,3.293,9.166,-0.443,0.134,0.000,0.209,-0.132,3,-0.970,-0.957,0,0,4095,2,2.655,9.522
3395,0.000,-5.153,7.152,0.126,2.700,9.597,-0.290,-18.073,-7.811,0.000,3.334,9.181,-0.320,0.134,0.000,0.209,-0.132,3,-0.970,-0.957,5,0,4095,6,2.655,9.522
3396,0.000,-5.197,7.152,0.137,2.676,9.569,-0.565,-18.095,-7.811,0.000,3.300,9.169,-0.259,0.134,0.000,0.209,-0.132,3,-0.969,-0.956,0,1,4095,0,2.655,9.522
3397,0.000,-5.263,7.152,0.126,2.738,9.583,-0.626,-18.139,-7.811,0.000,3.274,9.188,-0.198,0.134,0.000,0.209,-0.132,3,-0.969,-0.958,0,0,4095,0,2.655,9.522
3398,0.000,-5.306,7.152,0.115,2.759,9.602,-0.717,-18.183,-7.811,0.000,3.322,9.219,-0.443,0.134,0.000,0.209,-0.132,3,-0.969,-0.957,0,0,4095,0,2.655,9.522
3399,0.000,-5.350,7.152,0.126,2.745,9.604,-0.778,-18.227,-7.811,-0.005,3.360,9.200,-0.687,0.134,0.000,0.209,-0.132,3,-0.969,-0.957,0,0,4095,3,2.655,9.522
3400,0.000,-5.394,7.152,0.137,2.747,9.588,-0.717,-18.249,-7.811,-0.005,3.320,9.164,-0.778,0.134,0.000,0.209,-0.132,3,-0.969,-0.956,2,0,4095,3,2.747,9.522
3401,0.000,-5.438,7.152,0.115,2.779,9.597,-0.656,-18.293,-7.811,0.005,3.291,9.159,-0.778,0.134,0.000,0.209,-0.132,3,-0.970,-0.957,0,2,4095,3,2.655,9.522
3402,0.000,-5.482,7.152,0.126,2.826,9.602,-0.595,-18.314,-7.811,-0.016,3.310,9.176,-0.778,0.134,0.000,0.209,-0.132,3,-0.972,-0.956,0,0,4095,2,2.747,9.522
3403,0.000,-5.526,7.152,0.115,2.812,9.590,-0.900,-18.358,-7.811,0.005,3.293,9.185,-0.870,0.134,0.000,0.209,-0.132,3,-0.972,-0.957,0,0,4095,0,2.747,9.522
3404,0.000,-5.548,7.152,0.137,2.805,9.593,-1.114,-18.380,-7.811,-0.005,3.315,9.188,-0.839,0.134,0.000,0.209,-0.132,3,-0.970,-0.956,0,0,4095,0,2.747,9.522
3405,0.000,-5.592,7.152,0.137,2.841,9.609,-1.083,-18.424,-7.811,0.005,3.365,9.181,-0.809,0.134,0.000,0.209,-0.132,3,-0.970,-0.956,2,0,4095,4,2.747,9.522
3406,0.000,-5.614,7.152,0.137,2.884,9.600,-0.809,-18.446,-7.811,0.000,3.377,9.154,-0.931,0.134,0.000,0.209,-0.132,3,-0.973,-0.956,0,5,4095,1,2.747,9.522
3407,0.000,-5.636,7.152,0.115,2.846,9.569,-0.778,-18.468,-7.811,0.000,3.370,9.162,-0.992,0.134,0.000,0.209,-0.132,3,-0.971,-0.956,0,0,4095,1,2.838,9.522
3408,0.000,-5.680,7.152,0.126,2.858,9.581,-1.144,-18.490,-7.811,0.005,3.394,9.176,-1.053,0.134,0.000,0.209,-0.132,3,-0.970,-0.956,0,0,4095,1,2.838,9.522
3409,0.000,-5.702,7.152,0.126,2.934,9.559,-1.114,-18.512,-7.811,0.000,3.442,9.135,-1.053,0.134,0.000,0.209,-0.132,3,-0.969,-0.955,1,0,4095,2,2.838,9.522
3410,0.000,-5.724,7.152,0.115,2.984,9.564,-0.900,-18.512,-7.811,0.000,3.473,9.121,-1.144,0.134,0.000,0.209,-0.132,3,-0.970,-0.957,0,0,4095,2,2.838,9.522
3411,0.000,-5.724,7.152,0.093,3.004,9.571,-0.992,-18.534,-7.811,0.000,3.451,9.152,-1.083,0.134,0.000,0.209,-0.132,3,-0.970,-0.956,0,0,4095,2,2.930,9.522
3412,0.000,-5.746,7.152,0.126,2.994,9.559,-1.114,-18.556,-7.811,0.000,3.432,9.202,-1.144,0.134,0.000,0.209,-0.132,3,-0.970,-0.955,0,0,4095,1,2.930,9.522
3413,0.000,-5.746,7.152,0.126,3.030,9.530,-1.266,-18.556,-7.811,0.005,3.444,9.171,-1.205,0.134,0.000,0.209,-0.132,3,-0.971,-0.957,0,0,4095,0,2.930,9.522
3414,0.000,-5.746,7.152,0.115,3.054,9.554,-1.480,-18.578,-7.811,0.005,3.494,9.140,-1.205,0.134,0.000,0.209,-0.132,3,-0.971,-0.956,0,0,4095,1,2.930,9.522
3415,0.000,-5.768,7.152,0.126,3.047,9.585,-1.450,-18.578,-7.811,0.005,3.561,9.128,-1.144,0.134,0.000,0.209,-0.132,3,-0.968,-0.956,0,0,4095,0,3.021,9.522
3416,0.000,-5.768,7.152,0.126,3.028,9.588,-1.205,-18.578,-7.811,0.005,3.566,9.092,-1.266,0.134,0.000,0.209,-0.132,3,-0.969,-0.957,0,0,4095,0,3.021,9.522
3417,0.000,-5.768,7.152,0.115,3.095,9.552,-1.144,-18.578,-7.811,-0.005,3.564,9.121,-1.419,0.134,0.000,0.209,-0.132,3,-0.969,-0.957,0,0,4095,1,3.021,9.522
3418,0.000,-5.768,7.152,0.137,3.207,9.504,-1.114,-18.578,-7.811,0.000,3.588,9.140,-1.572,0.134,0.000,0.209,-0.132,3,-0.970,-0.956,0,1,4095,1,3.021,9.522
3419,0.000,-5.746,7.152,0.115,3.214,9.473,-1.328,-18.578,-7.811,0.005,3.593,9.123,-1.572,0.134,0.000,0.209,-0.132,3,-0.970,-0.956,0,0,4095,0,3.021,9.522
3420,0.000,-5.746,7.152,0.126,3.224,9.499,-1.419,-18.578,-7.811,-0.027,3.590,9.121,-1.419,0.134,0.000,0.209,-0.132,3,-0.970,-0.957,0,0,4095,0,3.204,9.430
3421,0.000,-5.724,7.152,0.115,3.217,9.502,-1.389,-18.556,-7.811,0.000,3.696,9.063,-1.236,0.134,0.000,0.209,-0.132,3,-0.970,-0.957,0,0,4095,0,3.204,9.430
3422,0.000,-5.724,7.152,0.115,3.162,9.504,-1.480,-18.556,-7.811,0.005,3.688,9.061,-1.205,0.134,0.000,0.209,-0.132,3,-0.970,-0.957,1,0,4095,2,3.204,9.430
3423,0.000,-5.702,7.152,0.115,3.186,9.468,-1.541,-18.534,-7.811,-0.005,3.645,9.095,-1.328,0.134,0.000,0.209,-0.132,3,-0.970,-0.956,0,0,4095,0,3.204,9.430
3424,0.000,-5.702,7.152,0.126,3.274,9.420,-1.541,-18.534,-7.811,0.000,3.674,9.109,-1.572,0.134,0.000,0.209,-0.132,3,-0.970,-0.957,0,0,4095,2,3.113,9.430
3425,0.000,-5.680,7.152,0.126,3.296,9.420,-1.541,-18.512,-7.811,0.000,3.734,9.090,-1.419,0.134,0.000,0.209,-0.132,3,-0.969,-0.957,0,0,4094,0,3.113,9.430
3426,0.000,-5.658,7.152,0.115,3.336,9.413,-1.480,-18.490,-7.811,-0.005,3.748,9.080,-1.358,0.134,0.000,0.209,-0.132,3,-0.969,-0.956,0,0,4087,1,3.204,9.339
3427,0.000,-5.614,7.152,0.137,3.418,9.451,-1.511,-18.468,-7.811,-0.005,3.794,9.095,-1.419,0.134,0.000,0.209,-0.132,3,-0.969,-0.957,3,1,4085,1,3.296,9.339
3428,0.000,-5.592,7.152,0.126,3.415,9.442,-1.541,-18.446,-7.811,0.000,3.825,9.092,-1.541,0.134,0.000,0.209,-0.132,3,-0.969,-0.956,0,0,4080,0,3.296,9.339
3429,0.000,-5.548,7.152,0.126,3.363,9.377,-1.480,-18.424,-7.811,0.005,3.837,9.109,-1.541,0.134,0.000,0.209,-0.132,3,-0.971,-0.956,0,0,4081,0,3.388,9.430
3430,0.000,-5.526,7.152,0.115,3.406,9.387,-1.419,-18.402,-7.811,-0.005,3.880,9.135,-1.389,0.134,0.000,0.209,-0.132,3,-0.969,-0.957,0,2,4080,1,3.388,9.430
3431,0.000,-5.482,7.152,0.126,3.468,9.425,-1.297,-18.358,-7.811,0.016,3.945,9.116,-1.389,0.134,0.000,0.209,-0.132,3,-0.970,-0.956,2,0,4078,1,3.296,9.339
3432,0.000,-5.460,7.152,0.115,3.487,9.420,-1.389,-18.336,-7.811,0.005,3.933,9.092,-1.358,0.134,0.000,0.209,-0.132,3,-0.970,-0.957,2,0,4080,0,3.388,9.339
3433,0.000,-5.416,7.152,0.115,3.485,9.367,-1.450,-18.293,-7.811,-0.005,3.928,9.121,-1.389,0.134,0.000,0.209,-0.132,3,-0.970,-0.956,0,0,4071,7,3.388,9.339
3434,0.000,-5.372,7.152,0.115,3.461,9.329,-1.328,-18.271,-7.811,0.000,3.997,9.159,-1.389,0.134,0.000,0.209,-0.132,3,-0.970,-0.957,5,0,4071,6,3.479,9.339
3435,0.000,-5.328,7.152,0.126,3.497,9.324,-1.297,-18.227,-7.811,0.005,4.012,9.159,-1.297,0.134,0.000,0.209,-0.132,3,-0.968,-0.957,0,0,4073,0,3.479,9.339
3436,0.000,-5.306,7.152,0.115,3.518,9.286,-1.328,-18.205,-7.811,0.005,3.971,9.116,-1.205,0.134,0.000,0.209,-0.132,3,-0.970,-0.958,0,0,4062,0,3.388,9.247
3437,0.000,-5.263,7.152,0.115,3.540,9.262,-1.358,-18.161,-7.811,-0.005,3.949,9.123,-1.236,0.134,0.000,0.209,-0.132,3,-0.969,-0.957,0,0,4057,0,3.479,9.247
3438,0.000,-5.197,7.152,0.137,3.576,9.286,-1.266,-18.139,-7.811,0.000,4.021,9.121,-1.022,0.134,0.000,0.209,-0.132,3,-0.970,-0.956,0,0,4056,3,3.479,9.247
3439,0.000,-5.153,7.152,0.115,3.573,9.291,-1.144,-18.095,-7.811,-0.005,4.071,9.126,-0.961,0.134,0.000,0.209,-0.132,3,-0.970,-0.957,0,0,4054,1,3.479,9.247
3440,0.000,-5.109,7.152,0.115,3.616,9.255,-1.236,-18.051,-7.811,-0.005,4.105,9.157,-1.175,0.134,0.000,0.209,-0.132,3,-0.969,-0.957,0,1,4051,3,3.571,9.247
3441,0.000,-5.065,7.152,0.126,3.614,9.202,-1.266,-18.007,-7.811,-0.005,4.117,9.116,-1.205,0.134,0.000,0.209,-0.132,3,-0.972,-0.956,0,0,4050,1,3.571,9.247
3442,0.000,-5.021,7.152,0.137,3.583,9.214,-1.144,-17.963,-7.811,0.005,4.069,9.075,-1.114,0.134,0.000,0.209,-0.132,3,-0.972,-0.957,0,0,4046,1,3.571,9.247
3443,0.000,-4.955,7.152,0.137,3.660,9.257,-1.205,-17.919,-7.811,-0.005,4.103,9.063,-0.900,0.134,0.000,0.209,-0.132,3,-0.970,-0.957,0,0,4041,0,3.571,9.155
3444,0.000,-4.911,7.152,0.115,3.748,9.260,-1.083,-17.875,-7.811,0.000,4.146,9.047,-0.900,0.134,0.000,0.209,-0.132,3,-0.969,-0.957,0,0,4038,1,3.571,9.155
3445,0.000,-4.845,7.152,0.115,3.772,9.245,-0.961,-17.831,-7.811,-0.005,4.146,9.063,-0.839,0.134,0.000,0.209,-0.132,3,-0.971,-0.957,0,3,4036,5,3.571,9.247
3446,0.000,-4.779,7.152,0.126,3.753,9.233,-0.992,-17.787,-7.811,-0.027,4.114,9.087,-0.870,0.134,0.000,0.209,-0.132,3,-0.969,-0.958,0,0,4033,1,3.662,9.247
3447,0.000,-4.735,7.152,0.126,3.703,9.200,-0.900,-17.743,-7.811,0.016,4.136,9.047,-0.809,0.134,0.000,0.209,-0.132,3,-0.969,-0.957,0,0,4032,1,3.754,9.155
3448,0.000,-4.669,7.152,0.126,3.707,9.150,-1.053,-17.699,-7.811,0.005,4.150,8.996,-0.778,0.134,0.000,0.209,-0.132,3,-0.969,-0.957,0,0,4026,2,3.754,9.155
3449,0.000,-4.625,7.152,0.126,3.748,9.174,-0.870,-17.655,-7.811,0.016,4.131,9.013,-0.656,0.134,0.000,0.209,-0.132,3,-0.970,-0.957,3,1,4018,1,3.662,9.155
3450,0.000,-4.559,7.152,0.104,3.763,9.202,-0.717,-17.611,-7.811,0.000,4.153,9.032,-0.626,0.134,0.000,0.209,-0.132,3,-0.970,-0.956,0,1,4009,2,3.662,9.064
3451,0.000,-4.493,7.152,0.126,3.784,9.176,-0.687,-17.567,-7.811,0.000,4.141,9.030,-0.626,0.134,0.000,0.209,-0.132,3,-0.970,-0.956,0,0,4004,1,3.662,9.155
3452,0.000,-4.450,7.152,0.115,3.822,9.183,-0.656,-17.523,-7.811,-0.005,4.150,9.039,-0.595,0.134,0.000,0.209,-0.132,3,-0.971,-0.957,0,0,3997,0,3.754,9.155
3453,0.000,-4.384,7.152,0.126,3.815,9.159,-0.687,-17.480,-7.811,0.005,4.167,8.999,-0.443,0.134,0.000,0.209,-0.132,3,-0.971,-0.955,0,0,3991,1,3.754,9.155
3454,0.000,-4.318,7.152,0.115,3.791,9.102,-0.656,-17.436,-7.811,0.000,4.189,8.972,-0.443,0.134,0.000,0.209,-0.132,3,-0.970,-0.957,0,0,3983,1,3.754,9.155
3455,0.000,-4.252,7.152,0.115,3.868,9.109,-0.565,-17.392,-7.811,0.005,4.205,8.989,-0.412,0.134,0.000,0.209,-0.132,3,-0.970,-0.957,0,0,3977,1,3.754,9.155
3456,0.000,-4.186,7.152,0.126,3.901,9.154,-0.473,-17.348,-7.811,0.000,4.198,9.006,-0.320,0.134,0.000,0.209,-0.132,3,-0.970,-0.957,0,0,3971,2,3.754,9.064
3457,0.000,-4.120,7.152,0.115,3.889,9.188,-0.443,-17.304,-7.811,0.005,4.167,8.987,-0.229,0.134,0.000,0.209,-0.132,3,-0.970,-0.957,0,3,3970,2,3.845,9.064
3458,0.000,-4.076,7.152,0.126,3.887,9.195,-0.259,-17.260,-7.811,0.016,4.210,8.982,-0.259,0.134,0.000,0.209,-0.132,3,-0.970,-0.956,0,0,3961,1,3.845,9.155
3459,0.000,-4.010,7.152,0.126,3.889,9.150,-0.290,-17.216,-7.811,0.000,4.258,9.011,-0.320,0.134,0.000,0.209,-0.132,3,-0.970,-0.957,0,0,3951,2,3.845,9.155
3460,0.000,-3.944,7.152,0.148,3.913,9.152,-0.320,-17.172,-7.811,0.000,4.213,9.035,-0.290,0.134,0.000,0.209,-0.132,3,-0.970,-0.957,0,0,3946,1,3.845,9.155
3461,0.000,-3.878,7.152,0.137,3.930,9.226,-0.198,-17.128,-7.811,-0.005,4.215,9.061,-0.137,0.134,0.000,0.209,-0.132,3,-0.970,-0.957,0,0,3933,2,3.845,9.064
3462,0.000,-3.834,7.152,0.126,3.942,9.209,0.000,-17.084,-7.811,0.005,4.253,9.080,-0.107,0.134,0.000,0.209,-0.132,3,-0.970,-0.957,0,0,3928,0,3.845,9.064
3463,0.000,-3.768,7.152,0.126,3.925,9.164,0.107,-17.040,-7.811,0.000,4.249,9.104,-0.046,0.134,0.000,0.209,-0.132,3,-0.970,-0.957,0,0,3925,0,3.845,9.155
3464,0.000,-3.702,7.152,0.115,3.918,9.195,-0.137,-16.996,-7.811,-0.027,4.251,9.080,-0.046,0.134,0.000,0.209,-0.132,3,-0.969,-0.957,0,0,3916,0,3.937,9.155
3465,0.000,-3.659,7.152,0.148,3.921,9.195,0.015,-16.974,-7.811,0.005,4.229,9.116,0.107,0.134,0.000,0.209,-0.132,3,-0.970,-0.957,1,0,3901,1,3.845,9.155
3466,0.000,-3.615,7.152,0.126,3.911,9.188,0.168,-16.930,-7.811,0.000,4.234,9.126,0.229,0.134,0.000,0.209,-0.132,3,-0.969,-0.957,0,1,3892,0,3.845,9.155
3467,0.000,-3.549,7.152,0.126,3.923,9.197,0.320,-16.886,-7.811,0.000,4.275,9.126,0.076,0.134,0.000,0.209,-0.132,3,-0.970,-0.957,0,0,3885,2,3.845,9.155
3468,0.000,-3.505,7.152,0.126,3.918,9.185,0.351,-16.864,-7.811,0.000,4.244,9.135,0.046,0.134,0.000,0.209,-0.132,3,-0.971,-0.957,3,0,3877,5,3.845,9.155
3469,0.000,-3.461,7.152,0.115,3.851,9.197,0.259,-16.820,-7.811,0.005,4.189,9.162,0.320,0.134,0.000,0.209,-0.132,3,-0.968,-0.957,0,0,3872,0,3.845,9.155
3470,0.000,-3.417,7.152,0.126,3.822,9.185,0.351,-16.798,-7.811,-0.016,4.217,9.169,0.504,0.134,0.000,0.209,-0.132,3,-0.970,-0.957,1,0,3856,0,3.845,9.155
3471,0.000,-3.373,7.152,0.126,3.880,9.145,0.473,-16.776,-7.811,0.000,4.241,9.205,0.595,0.134,0.000,0.209,-0.132,3,-0.969,-0.957,0,0,3850,0,3.845,9.155
3472,0.000,-3.307,7.152,0.104,3.940,9.166,0.565,-16.754,-7.811,-0.005,4.239,9.229,0.565,0.134,0.000,0.209,-0.132,3,-0.970,-0.957,0,0,3843,4,3.754,9.155
3473,0.000,-3.263,7.152,0.115,3.937,9.221,0.687,-16.732,-7.811,0.000,4.237,9.193,0.351,0.134,0.000,0.209,-0.132,3,-0.970,-0.958,6,0,3831,6,3.845,9.064
3474,0.000,-3.219,7.152,0.137,3.873,9.214,0.809,-16.688,-7.811,0.005,4.186,9.195,0.504,0.134,0.000,0.209,-0.132,3,-0.968,-0.957,0,2,3826,1,3.937,9.155
3475,0.000,-3.175,7.152,0.137,3.849,9.197,0.839,-16.667,-7.811,0.000,4.167,9.176,0.626,0.134,0.000,0.209,-0.132,3,-0.969,-0.959,0,0,3813,0,3.937,9.155
3476,0.000,-3.153,7.152,0.137,3.870,9.200,0.870,-16.645,-7.811,-0.016,4.205,9.188,0.687,0.134,0.000,0.209,-0.132,3,-0.970,-0.957,0,1,3809,2,3.845,9.155
3477,0.000,-3.109,7.152,0.126,3.827,9.195,0.839,-16.623,-7.811,-0.005,4.232,9.195,0.656,0.134,0.000,0.209,-0.132,3,-0.970,-0.957,0,0,3796,3,3.845,9.155
3478,0.000,-3.087,7.152,0.126,3.741,9.197,0.900,-16.601,-7.811,-0.005,4.182,9.142,0.534,0.134,0.000,0.209,-0.132,3,-0.969,-0.957,1,0,3785,2,3.845,9.155
3479,0.000,-3.065,7.152,0.137,3.724,9.248,0.900,-16.601,-7.811,0.005,4.110,9.164,0.626,0.134,0.000,0.209,-0.132,3,-0.973,-0.957,0,1,3776,1,3.754,9.155
3480,0.000,-3.043,7.152,0.115,3.763,9.229,0.931,-16.579,-7.811,0.000,4.134,9.176,0.931,0.134,0.000,0.209,-0.132,3,-0.971,-0.957,0,0,3766,1,3.662,9.155
3481,0.000,-2.999,7.152,0.126,3.772,9.286,1.205,-16.557,-7.811,-0.016,4.150,9.159,1.114,0.134,0.000,0.209,-0.132,3,-0.971,-0.957,0,0,3754,0,3.662,9.247
3482,0.000,-2.977,7.152,0.137,3.746,9.284,1.328,-16.557,-7.811,0.005,4.095,9.140,1.205,0.134,0.000,0.209,-0.132,3,-0.969,-0.958,0,0,3751,0,3.754,9.155
3483,0.000,-2.977,7.152,0.137,3.688,9.236,1.175,-16.535,-7.811,0.000,4.062,9.111,1.083,0.134,0.000,0.209,-0.132,3,-0.969,-0.957,1,0,3741,3,3.754,9.247
3484,0.000,-2.955,7.152,0.104,3.662,9.193,1.297,-16.535,-7.811,0.000,4.074,9.083,0.992,0.134,0.000,0.209,-0.132,3,-0.973,-0.957,0,5,3728,1,3.662,9.247
3485,0.000,-2.933,7.152,0.115,3.616,9.157,1.358,-16.513,-7.811,0.000,4.031,9.071,1.083,0.134,0.000,0.209,-0.132,3,-0.971,-0.956,0,0,3724,1,3.662,9.155
3486,0.000,-2.933,7.152,0.137,3.595,9.162,1.144,-16.513,-7.811,0.000,4.000,9.092,1.175,0.134,0.000,0.209,-0.132,3,-0.969,-0.958,0,0,3726,1,3.662,9.155
3487,0.000,-2.933,7.152,0.126,3.600,9.195,1.083,-16.513,-7.811,0.000,4.035,9.087,1.205,0.134,0.000,0.209,-0.132,3,-0.969,-0.957,0,0,3713,1,3.571,9.155
3488,0.000,-2.911,7.152,0.137,3.581,9.195,1.114,-16.491,-7.811,0.000,4.019,9.075,1.236,0.134,0.000,0.209,-0.132,3,-0.970,-0.957,0,0,3705,1,3.571,9.155
3489,0.000,-2.911,7.152,0.115,3.542,9.212,1.328,-16.491,-7.811,0.000,3.976,9.051,1.175,0.134,0.000,0.209,-0.132,3,-0.971,-0.957,0,1,3691,2,3.571,9.155
3490,0.000,-2.911,7.152,0.126,3.569,9.269,1.389,-16.491,-7.811,0.000,3.959,9.059,1.114,0.134,0.000,0.209,-0.132,3,-0.970,-0.956,0,0,3680,1,3.571,9.155
3491,0.000,-2.911,7.152,0.115,3.581,9.272,1.480,-16.491,-7.811,0.000,3.935,9.085,1.266,0.134,0.000,0.209,-0.132,3,-0.971,-0.957,0,0,3676,1,3.479,9.155
3492,0.000,-2.911,7.152,0.126,3.466,9.231,1.480,-16.491,-7.811,0.016,3.928,9.073,1.175,0.134,0.000,0.209,-0.132,3,-0.972,-0.956,0,0,3667,1,3.479,9.247
3493,0.000,-2.933,7.152,0.126,3.387,9.238,1.480,-16.491,-7.811,0.000,3.942,9.087,1.205,0.134,0.000,0.209,-0.132,3,-0.970,-0.957,0,0,3647,1,3.571,9.247
3494,0.000,-2.933,7.152,0.137,3.351,9.241,1.328,-16.491,-7.811,0.000,3.916,9.102,1.175,0.134,0.000,0.209,-0.132,3,-0.970,-0.958,0,0,3636,0,3.388,9.155
3495,0.000,-2.955,7.152,0.126,3.351,9.229,1.389,-16.513,-7.811,0.005,3.887,9.104,1.236,0.134,0.000,0.209,-0.132,3,-0.970,-0.958,0,0,3622,2,3.388,9.155
3496,0.000,-2.977,7.152,0.126,3.427,9.260,1.419,-16.513,-7.811,0.000,3.854,9.126,1.266,0.134,0.000,0.209,-0.132,3,-0.970,-0.958,0,2,3607,1,3.296,9.155
3497,0.000,-2.999,7.152,0.115,3.415,9.291,1.450,-16.535,-7.811,0.000,3.834,9.154,1.205,0.134,0.000,0.209,-0.132,3,-0.970,-0.956,0,0,3602,2,3.296,9.155
3498,0.000,-2.999,7.152,0.104,3.344,9.291,1.419,-16.557,-7.811,0.000,3.846,9.193,1.114,0.134,0.000,0.209,-0.132,3,-0.970,-0.957,0,0,3594,0,3.388,9.247
3499,0.000,-3.021,7.152,0.126,3.344,9.279,1.480,-16.557,-7.811,0.000,3.854,9.197,1.175,0.134,0.000,0.209,-0.132,3,-0.970,-0.957,0,0,3575,2,3.388,9.247
3500,0.000,-3.043,7.152,0.126,3.365,9.293,1.572,-16.579,-7.811,0.005,3.861,9.162,1.389,0.134,0.000,0.209,-0.132,3,-0.971,-0.958,1,0,3563,2,3.296,9.247
3501,0.000,-3.065,7.152,0.126,3.327,9.358,1.572,-16.601,-7.811,-0.005,3.801,9.150,1.419,0.134,0.000,0.209,-0.132,3,-0.970,-0.958,0,0,3553,0,3.296,9.247
3502,0.000,-3.087,7.152,0.126,3.221,9.382,1.511,-16.623,-7.811,-0.005,3.724,9.197,1.236,0.134,0.000,0.209,-0.132,3,-0.970,-0.958,0,0,3541,0,3.296,9.247
3503,0.000,-3.131,7.152,0.137,3.205,9.348,1.419,-16.645,-7.811,0.000,3.758,9.245,1.236,0.134,0.000,0.209,-0.132,3,-0.969,-0.958,0,0,3532,1,3.296,9.339
3504,0.000,-3.175,7.152,0.126,3.202,9.324,1.419,-16.667,-7.811,0.000,3.803,9.250,1.328,0.134,0.000,0.209,-0.132,3,-0.970,-0.957,0,0,3511,2,3.204,9.339
3505,0.000,-3.197,7.152,0.137,3.140,9.320,1.328,-16.688,-7.811,0.000,3.753,9.238,1.389,0.134,0.000,0.209,-0.132,3,-0.969,-0.958,0,1,3503,0,3.204,9.339
3506,0.000,-3.241,7.152,0.104,3.166,9.391,1.358,-16.710,-7.811,0.016,3.712,9.238,1.328,0.134,0.000,0.209,-0.132,3,-0.970,-0.957,0,0,3490,3,3.113,9.247
3507,0.000,-3.285,7.152,0.126,3.157,9.418,1.389,-16.732,-7.811,0.000,3.664,9.284,1.114,0.134,0.000,0.209,-0.132,3,-0.971,-0.958,3,0,3477,3,3.113,9.247
3508,0.000,-3.329,7.152,0.126,3.085,9.399,1.480,-16.776,-7.811,0.005,3.626,9.320,1.022,0.134,0.000,0.209,-0.132,3,-0.969,-0.957,0,0,3471,0,3.113,9.339
3509,0.000,-3.373,7.152,0.115,3.099,9.415,1.480,-16.820,-7.811,0.000,3.650,9.274,1.022,0.134,0.000,0.209,-0.132,3,-0.970,-0.957,0,0,3455,1,3.113,9.339
3510,0.000,-3.417,7.152,0.148,3.118,9.444,1.328,-16.842,-7.811,-0.005,3.609,9.248,1.053,0.134,0.000,0.209,-0.132,3,-0.969,-0.958,1,0,3459,0,3.021,9.339
3511,0.000,-3.461,7.152,0.104,3.083,9.449,1.236,-16.886,-7.811,0.000,3.607,9.241,0.931,0.134,0.000,0.209,-0.132,3,-0.970,-0.958,0,0,3435,4,3.021,9.339
3512,0.000,-3.505,7.152,0.148,3.044,9.466,1.236,-16.908,-7.811,0.000,3.619,9.267,0.870,0.134,0.000,0.209,-0.132,3,-0.970,-0.958,5,0,3427,3,3.113,9.430
3513,0.000,-3.549,7.152,0.126,3.025,9.537,1.083,-16.952,-7.811,0.005,3.650,9.298,1.083,0.134,0.000,0.209,-0.132,3,-0.969,-0.958,0,0,3422,0,3.021,9.430
3514,0.000,-3.593,7.152,0.115,2.999,9.518,1.083,-16.974,-7.811,-0.005,3.626,9.279,1.022,0.134,0.000,0.209,-0.132,3,-0.970,-0.959,0,0,3417,0,3.021,9.430
3515,0.000,-3.659,7.152,0.126,3.001,9.506,1.083,-17.018,-7.811,-0.005,3.564,9.253,0.992,0.134,0.000,0.209,-0.132,3,-0.970,-0.958,0,1,3400,4,3.021,9.522
3516,0.000,-3.702,7.152,0.104,3.023,9.557,1.236,-17.062,-7.811,0.000,3.521,9.229,1.022,0.134,0.000,0.209,-0.132,3,-0.969,-0.958,0,0,3383,1,2.930,9.430
3517,0.000,-3.746,7.152,0.115,3.008,9.595,1.297,-17.084,-7.811,-0.005,3.506,9.233,0.992,0.134,0.000,0.209,-0.132,3,-0.969,-0.958,2,0,3367,2,2.930,9.430
3518,0.000,-3.812,7.152,0.137,2.941,9.600,1.205,-17.128,-7.811,-0.005,3.458,9.243,0.961,0.134,0.000,0.209,-0.132,3,-0.971,-0.958,0,1,3353,2,3.021,9.522
3519,0.000,-3.878,7.152,0.126,2.920,9.566,1.083,-17.172,-7.811,0.000,3.408,9.188,0.961,0.134,0.000,0.209,-0.132,3,-0.969,-0.958,0,0,3345,0,2.930,9.522
3520,0.000,-3.922,7.152,0.126,2.922,9.542,0.900,-17.216,-7.811,0.000,3.447,9.159,0.961,0.134,0.000,0.209,-0.132,3,-0.969,-0.958,0,0,3327,0,2.930,9.522
3521,0.000,-3.988,7.152,0.126,2.951,9.559,0.961,-17.260,-7.811,0.000,3.461,9.164,0.900,0.134,0.000,0.209,-0.132,3,-0.969,-0.958,0,0,3306,2,2.838,9.522
3522,0.000,-4.032,7.152,0.115,2.958,9.588,0.992,-17.304,-7.811,0.000,3.425,9.197,0.656,0.134,0.000,0.209,-0.132,3,-0.971,-0.958,3,0,3293,6,2.838,9.522
3523,0.000,-4.076,7.152,0.126,2.853,9.583,0.900,-17.348,-7.811,0.000,3.382,9.229,0.565,0.134,0.000,0.209,-0.132,3,-0.973,-0.958,0,5,3279,1,2.930,9.522
3524,0.000,-4.142,7.152,0.137,2.834,9.573,0.809,-17.392,-7.811,0.005,3.415,9.209,0.687,0.134,0.000,0.209,-0.132,3,-0.973,-0.956,0,0,3265,2,2.930,9.522
3525,0.000,-4.208,7.152,0.137,2.843,9.583,0.748,-17.436,-7.811,0.000,3.442,9.162,0.626,0.134,0.000,0.209,-0.132,3,-0.969,-0.958,0,0,3259,0,2.838,9.522
3526,0.000,-4.252,7.152,0.115,2.879,9.585,0.595,-17.480,-7.811,-0.005,3.387,9.147,0.534,0.134,0.000,0.209,-0.132,3,-0.970,-0.957,1,0,3237,2,2.747,9.522
3527,0.000,-4.318,7.152,0.126,2.874,9.566,0.565,-17.523,-7.811,0.000,3.351,9.135,0.351,0.134,0.000,0.209,-0.132,3,-0.969,-0.958,1,1,3223,1,2.838,9.522
3528,0.000,-4.362,7.152,0.137,2.810,9.590,0.443,-17.567,-7.811,0.005,3.363,9.118,0.290,0.134,0.000,0.209,-0.132,3,-0.970,-0.957,0,2,3190,2,2.838,9.522
3529,0.000,-4.428,7.152,0.115,2.817,9.583,0.443,-17.611,-7.811,0.000,3.406,9.138,0.198,0.134,0.000,0.209,-0.132,3,-0.971,-0.958,6,0,3167,2,2.838,9.522
3530,0.000,-4.493,7.152,0.137,2.824,9.549,0.351,-17.633,-7.811,0.000,3.408,9.140,0.229,0.134,0.000,0.209,-0.132,3,-0.971,-0.958,0,0,3153,0,2.747,9.522
3531,0.000,-4.537,7.152,0.148,2.838,9.588,0.137,-17.677,-7.811,-0.005,3.365,9.126,0.198,0.134,0.000,0.209,-0.132,3,-0.971,-0.956,0,0,3135,2,2.747,9.522
3532,0.000,-4.603,7.152,0.115,2.829,9.578,0.015,-17.721,-7.811,0.000,3.353,9.106,0.046,0.134,0.000,0.209,-0.132,3,-0.969,-0.958,0,0,3105,0,2.747,9.522
3533,0.000,-4.647,7.152,0.148,2.814,9.585,-0.076,-17.743,-7.811,-0.005,3.403,9.104,0.000,0.134,0.000,0.209,-0.132,3,-0.970,-0.958,0,0,3092,0,2.838,9.522
3534,0.000,-4.691,7.152,0.137,2.829,9.557,-0.046,-17.787,-7.811,0.005,3.408,9.063,0.000,0.134,0.000,0.209,-0.132,3,-0.970,-0.958,0,0,3068,1,2.747,9.522
3535,0.000,-4.735,7.152,0.126,2.826,9.523,0.046,-17.809,-7.811,0.000,3.403,9.073,-0.107,0.134,0.000,0.209,-0.132,3,-0.970,-0.958,0,1,3038,1,2.747,9.522
3536,0.000,-4.801,7.152,0.137,2.829,9.516,-0.015,-17.853,-7.811,0.000,3.396,9.169,-0.198,0.134,0.000,0.209,-0.132,3,-0.970,-0.957,0,0,3029,0,2.747,9.522
3537,0.000,-4.845,7.152,0.137,2.824,9.516,-0.137,-17.875,-7.811,0.000,3.375,9.200,-0.290,0.134,0.000,0.209,-0.132,3,-0.970,-0.958,0,0,3007,0,2.747,9.522
3538,0.000,-4.889,7.152,0.104,2.810,9.564,-0.290,-17.919,-7.811,0.000,3.377,9.200,-0.198,0.134,0.000,0.209,-0.132,3,-0.970,-0.958,0,0,2987,0,2.747,9.430
3539,0.000,-4.933,7.152,0.126,2.795,9.576,-0.412,-17.963,-7.811,0.000,3.377,9.202,-0.259,0.134,0.000,0.209,-0.132,3,-0.970,-0.958,0,0,2966,0,2.747,9.430
3540,0.000,-4.977,7.152,0.115,2.774,9.549,-0.381,-17.985,-7.811,-0.005,3.375,9.183,-0.259,0.134,0.000,0.209,-0.132,3,-0.970,-0.958,0,0,2946,0,2.747,9.522
3541,0.000,-5.043,7.152,0.115,2.790,9.506,-0.320,-18.029,-7.811,0.000,3.413,9.195,-0.320,0.134,0.000,0.209,-0.132,3,-0.970,-0.957,0,0,2920,0,2.747,9.522
3542,0.000,-5.065,7.152,0.126,2.846,9.466,-0.412,-18.051,-7.811,0.000,3.437,9.205,-0.381,0.134,0.000,0.209,-0.132,3,-0.969,-0.958,0,0,2885,0,2.747,9.522
3543,0.000,-5.109,7.152,0.137,2.829,9.511,-0.412,-18.073,-7.811,0.000,3.423,9.176,-0.443,0.134,0.000,0.209,-0.132,3,-0.970,-0.958,0,0,2849,1,2.747,9.430
3544,0.000,-5.153,7.152,0.126,2.829,9.607,-0.443,-18.095,-7.811,-0.005,3.480,9.188,-0.412,0.134,0.000,0.209,-0.132,3,-0.969,-0.958,0,1,2825,0,2.838,9.430
3545,0.000,-5.197,7.152,0.137,2.841,9.590,-0.473,-18.117,-7.811,-0.005,3.478,9.214,-0.534,0.134,0.000,0.209,-0.132,3,-0.970,-0.958,0,0,2794,2,2.747,9.430
3546,0.000,-5.241,7.152,0.137,2.779,9.528,-0.504,-18.139,-7.811,0.005,3.430,9.214,-0.595,0.134,0.000,0.209,-0.132,3,-0.971,-0.958,1,0,2769,0,2.747,9.522
3547,0.000,-5.285,7.152,0.115,2.865,9.552,-0.504,-18.183,-7.811,-0.016,3.461,9.219,-0.687,0.134,0.000,0.209,-0.132,3,-0.969,-0.958,0,2,2739,3,2.838,9.522
3548,0.000,-5.306,7.152,0.126,2.879,9.564,-0.504,-18.205,-7.811,0.005,3.468,9.221,-0.748,0.134,0.000,0.209,-0.132,3,-0.970,-0.958,1,0,2719,0,2.747,9.522
3549,0.000,-5.350,7.152,0.126,2.898,9.583,-0.565,-18.227,-7.811,0.000,3.449,9.233,-0.656,0.134,0.000,0.209,-0.132,3,-0.970,-0.958,0,0,2675,3,2.838,9.522
3550,0.000,-5.372,7.152,0.126,2.944,9.569,-0.656,-18.249,-7.811,0.000,3.475,9.250,-0.778,0.134,0.000,0.209,-0.132,3,-0.970,-0.958,0,0,2640,3,2.838,9.522
3551,0.000,-5.394,7.152,0.126,2.951,9.521,-0.778,-18.249,-7.811,0.000,3.526,9.181,-0.931,0.134,0.000,0.209,-0.132,3,-0.970,-0.958,3,0,2617,1,2.838,9.522
3552,0.000,-5.416,7.152,0.115,2.965,9.518,-0.870,-18.271,-7.811,0.000,3.444,9.209,-0.931,0.134,0.000,0.209,-0.132,3,-0.968,-0.958,0,0,2588,0,2.930,9.522
3553,0.000,-5.438,7.152,0.126,2.987,9.537,-0.778,-18.293,-7.811,-0.005,3.480,9.226,-0.870,0.134,0.000,0.209,-0.132,3,-0.970,-0.959,0,0,2550,0,2.930,9.522
3554,0.000,-5.460,7.152,0.148,2.987,9.564,-0.687,-18.314,-7.811,0.005,3.528,9.183,-0.961,0.134,0.000,0.209,-0.132,3,-0.970,-0.958,0,0,2512,2,2.930,9.430
3555,0.000,-5.460,7.152,0.126,2.977,9.547,-0.839,-18.314,-7.811,0.000,3.564,9.138,-1.053,0.134,0.000,0.209,-0.132,3,-0.970,-0.958,0,0,2478,1,2.930,9.522
3556,0.000,-5.482,7.152,0.126,2.970,9.535,-0.931,-18.314,-7.811,0.000,3.588,9.090,-0.870,0.134,0.000,0.209,-0.132,3,-0.971,-0.958,1,0,2453,1,2.930,9.522
3557,0.000,-5.504,7.152,0.115,2.994,9.540,-0.961,-18.314,-7.811,0.000,3.561,9.078,-0.748,0.134,0.000,0.209,-0.132,3,-0.972,-0.958,0,2,2402,2,2.930,9.522
3558,0.000,-5.526,7.152,0.126,3.068,9.523,-1.022,-18.336,-7.811,0.000,3.590,9.071,-0.748,0.134,0.000,0.209,-0.132,3,-0.972,-0.958,0,0,2344,2,2.930,9.522
3559,0.000,-5.526,7.152,0.126,3.123,9.523,-1.022,-18.336,-7.811,0.005,3.585,9.039,-0.931,0.134,0.000,0.209,-0.132,3,-0.969,-0.958,0,0,2291,1,2.930,9.522
3560,0.000,-5.526,7.152,0.126,3.085,9.521,-1.114,-18.336,-7.811,0.000,3.564,9.008,-1.114,0.134,0.000,0.209,-0.132,3,-0.968,-0.959,0,0,2248,0,3.021,9.522
3561,0.000,-5.526,7.152,0.104,3.056,9.511,-1.175,-18.336,-7.811,-0.005,3.585,9.016,-1.053,0.134,0.000,0.209,-0.132,3,-0.969,-0.958,0,0,2198,3,3.113,9.522
3562,0.000,-5.526,7.152,0.126,3.128,9.487,-1.205,-18.314,-7.811,0.000,3.607,9.035,-1.114,0.134,0.000,0.209,-0.132,3,-0.973,-0.958,0,5,2163,1,3.021,9.522
3563,0.000,-5.526,7.152,0.137,3.233,9.494,-1.144,-18.314,-7.811,0.000,3.607,9.044,-1.083,0.134,0.000,0.209,-0.132,3,-0.973,-0.957,1,0,2124,1,3.021,9.430
3564,0.000,-5.526,7.152,0.137,3.265,9.537,-0.992,-18.314,-7.811,-0.005,3.595,9.054,-1.022,0.134,0.000,0.209,-0.132,3,-0.970,-0.958,0,0,2076,0,3.113,9.430
3565,0.000,-5.504,7.152,0.115,3.214,9.542,-1.114,-18.314,-7.811,0.005,3.633,9.054,-1.236,0.134,0.000,0.209,-0.132,3,-0.970,-0.958,0,0,2046,1,3.204,9.430
3566,0.000,-5.504,7.152,0.115,3.214,9.470,-1.358,-18.314,-7.811,-0.005,3.686,9.025,-1.205,0.134,0.000,0.209,-0.132,3,-0.970,-0.958,3,1,1988,1,3.204,9.522
3567,0.000,-5.482,7.152,0.115,3.272,9.463,-1.297,-18.293,-7.811,-0.005,3.669,9.023,-1.114,0.134,0.000,0.209,-0.132,3,-0.970,-0.958,0,3,1951,1,3.204,9.522
3568,0.000,-5.482,7.152,0.115,3.279,9.509,-1.236,-18.293,-7.811,0.005,3.640,9.018,-1.175,0.134,0.000,0.209,-0.132,3,-0.971,-0.957,0,0,1855,0,3.204,9.430
3569,0.000,-5.460,7.152,0.126,3.286,9.511,-1.114,-18.271,-7.811,-0.005,3.715,9.020,-1.297,0.134,0.000,0.209,-0.132,3,-0.969,-0.958,0,2,1782,0,3.204,9.430
3570,0.000,-5.438,7.152,0.126,3.305,9.499,-1.144,-18.271,-7.811,-0.005,3.760,9.061,-1.236,0.134,0.000,0.209,-0.132,3,-0.971,-0.956,0,0,1709,0,3.204,9.430
3571,0.000,-5.438,7.152,0.115,3.312,9.427,-1.297,-18.249,-7.811,0.005,3.770,9.049,-1.236,0.134,0.000,0.209,-0.132,3,-0.969,-0.958,0,0,1661,0,3.204,9.430
3572,0.000,-5.416,7.152,0.115,3.358,9.389,-1.328,-18.227,-7.811,-0.005,3.777,9.039,-1.205,0.134,0.000,0.209,-0.132,3,-0.970,-0.958,0,0,1600,0,3.296,9.430
3573,0.000,-5.372,7.152,0.115,3.458,9.454,-1.358,-18.205,-7.811,0.005,3.770,9.047,-1.205,0.134,0.000,0.209,-0.132,3,-0.970,-0.958,0,0,1501,1,3.296,9.339
3574,0.000,-5.350,7.152,0.115,3.456,9.463,-1.175,-18.205,-7.811,0.000,3.818,9.059,-1.236,0.134,0.000,0.209,-0.132,3,-0.971,-0.958,0,0,1450,0,3.296,9.339
3575,0.000,-5.328,7.152,0.115,3.384,9.439,-1.114,-18.183,-7.811,-0.005,3.834,9.114,-1.236,0.134,0.000,0.209,-0.132,3,-0.970,-0.958,0,0,1381,0,3.388,9.430
3576,0.000,-5.285,7.152,0.126,3.403,9.408,-1.266,-18.161,-7.811,-0.005,3.851,9.154,-1.175,0.134,0.000,0.209,-0.132,3,-0.970,-0.958,0,0,1339,0,3.388,9.430
3577,0.000,-5.263,7.152,0.104,3.494,9.401,-1.236,-18.139,-7.811,0.000,3.899,9.147,-1.053,0.134,0.000,0.209,-0.132,3,-0.970,-0.959,0,0,1307,0,3.296,9.430
3578,0.000,-5.219,7.152,0.126,3.514,9.384,-1.114,-18.117,-7.811,0.005,3.894,9.133,-1.175,0.134,0.000,0.209,-0.132,3,-0.971,-0.958,2,0,1330,1,3.388,9.339
3579,0.000,-5.197,7.152,0.126,3.506,9.391,-1.266,-18.095,-7.811,0.000,3.899,9.130,-1.297,0.134,0.000,0.209,-0.132,3,-0.971,-0.958,0,0,1259,0,3.479,9.339
3580,0.000,-5.153,7.152,0.126,3.566,9.427,-1.083,-18.051,-7.811,0.000,3.947,9.152,-1.114,0.134,0.000,0.209,-0.132,3,-0.970,-0.958,0,0,1215,0,3.479,9.339
3581,0.000,-5.109,7.152,0.126,3.578,9.396,-0.870,-18.029,-7.811,0.000,3.971,9.185,-1.053,0.134,0.000,0.209,-0.132,3,-0.970,-0.958,0,0,1222,0,3.479,9.339
3582,0.000,-5.065,7.152,0.126,3.552,9.375,-0.900,-18.007,-7.811,0.000,3.968,9.214,-0.992,0.134,0.000,0.209,-0.132,3,-0.971,-0.958,0,0,1208,0,3.479,9.339
3583,0.000,-5.021,7.152,0.115,3.571,9.329,-1.022,-17.985,-7.811,0.000,3.983,9.202,-1.053,0.134,0.000,0.209,-0.132,3,-0.970,-0.958,1,0,1192,0,3.571,9.339
3584,0.000,-4.999,7.152,0.115,3.552,9.327,-1.053,-17.941,-7.811,-0.005,4.024,9.200,-0.900,0.134,0.000,0.209,-0.132,3,-0.971,-0.958,0,0,1202,2,3.479,9.339
3585,0.000,-4.955,7.152,0.104,3.559,9.344,-0.900,-17.919,-7.811,-0.005,4.045,9.212,-0.931,0.134,0.000,0.209,-0.132,3,-0.972,-0.959,3,0,1200,3,3.571,9.247
3586,0.000,-4.911,7.152,0.126,3.638,9.336,-0.717,-17.897,-7.811,0.005,4.021,9.183,-0.992,0.134,0.000,0.209,-0.132,3,-0.970,-0.958,0,1,1183,0,3.479,9.247
3587,0.000,-4.867,7.152,0.104,3.616,9.312,-0.809,-17.853,-7.811,0.000,3.973,9.176,-0.992,0.134,0.000,0.209,-0.132,3,-0.970,-0.959,0,0,1183,0,3.479,9.339
3588,0.000,-4.823,7.152,0.126,3.590,9.253,-0.900,-17.831,-7.811,0.000,3.980,9.152,-0.870,0.134,0.000,0.209,-0.132,3,-0.971,-0.958,0,0,1204,0,3.571,9.247
3589,0.000,-4.779,7.152,0.137,3.640,9.197,-0.900,-17.809,-7.811,0.005,4.028,9.097,-0.778,0.134,0.000,0.209,-0.132,3,-0.971,-0.958,0,0,1203,0,3.571,9.247
3590,0.000,-4.735,7.152,0.126,3.691,9.219,-0.626,-17.765,-7.811,0.016,4.067,9.080,-0.778,0.134,0.000,0.209,-0.132,3,-0.971,-0.958,5,0,1192,3,3.571,9.247
3591,0.000,-4.669,7.152,0.137,3.707,9.250,-0.534,-17.743,-7.811,0.005,4.079,9.092,-0.687,0.134,0.000,0.209,-0.132,3,-0.969,-0.958,0,0,1193,0,3.571,9.155
3592,0.000,-4.625,7.152,0.104,3.684,9.248,-0.595,-17.699,-7.811,-0.005,4.088,9.087,-0.656,0.134,0.000,0.209,-0.132,3,-0.970,-0.960,0,0,1195,0,3.662,9.155
3593,0.000,-4.581,7.152,0.126,3.636,9.207,-0.504,-17.655,-7.811,0.000,4.047,9.111,-0.656,0.134,0.000,0.209,-0.132,3,-0.971,-0.958,0,0,1177,0,3.662,9.247
3594,0.000,-4.537,7.152,0.115,3.686,9.157,-0.534,-17.633,-7.811,-0.005,4.083,9.073,-0.565,0.134,0.000,0.209,-0.132,3,-0.970,-0.958,0,0,1149,2,3.662,9.247
3595,0.000,-4.472,7.152,0.115,3.779,9.133,-0.504,-17.589,-7.811,-0.005,4.100,9.090,-0.565,0.134,0.000,0.209,-0.132,3,-0.970,-0.958,1,0,1147,1,3.571,9.155
3596,0.000,-4.428,7.152,0.115,3.770,9.154,-0.473,-17.567,-7.811,0.005,4.035,9.063,-0.626,0.134,0.000,0.209,-0.132,3,-0.974,-0.958,0,2,1127,2,3.662,9.155
3597,0.000,-4.362,7.152,0.126,3.710,9.174,-0.443,-17.523,-7.811,0.000,4.064,9.049,-0.595,0.134,0.000,0.209,-0.132,3,-0.973,-0.958,1,0,1125,0,3.754,9.064
3598,0.000,-4.318,7.152,0.115,3.705,9.164,-0.504,-17.501,-7.811,-0.005,4.114,9.042,-0.473,0.134,0.000,0.209,-0.132,3,-0.973,-0.958,0,0,1109,0,3.754,9.155
3599,0.000,-4.274,7.152,0.126,3.710,9.147,-0.565,-17.458,-7.811,0.000,4.114,9.030,-0.412,0.134,0.000,0.209,-0.132,3,-0.974,-0.958,0,0,1097,3,3.662,9.155
3600,0.000,-4.230,7.152,0.126,3.758,9.126,-0.534,-17.414,-7.811,0.000,4.110,9.016,-0.229,0.134,0.000,0.209,-0.132,3,-0.971,-0.959,1,0,1090,3,3.662,9.155
3601,0.000,-4.164,7.152,0.126,3.779,9.128,-0.290,-17.392,-7.811,0.000,4.091,9.018,-0.076,0.134,0.000,0.209,-0.132,3,-0.973,-0.958,0,3,1094,1,3.662,9.064
3602,0.000,-4.120,7.152,0.126,3.746,9.159,-0.107,-17.348,-7.811,0.000,4.114,9.023,-0.168,0.134,0.000,0.209,-0.132,3,-0.974,-0.957,1,0,1079,1,3.754,9.064
3603,0.000,-4.076,7.152,0.126,3.746,9.193,-0.229,-17.304,-7.811,0.000,4.141,9.025,-0.229,0.134,0.000,0.209,-0.132,3,-0.970,-0.958,0,0,1076,0,3.754,9.064
3604,0.000,-4.032,7.152,0.126,3.798,9.174,-0.168,-17.282,-7.811,0.027,4.146,9.013,-0.107,0.134,0.000,0.209,-0.132,3,-0.971,-0.958,1,0,1070,1,3.662,9.155
3605,0.000,-3.966,7.152,0.126,3.837,9.140,-0.198,-17.238,-7.811,0.000,4.091,9.020,0.000,0.134,0.000,0.209,-0.132,3,-0.972,-0.958,0,0,1066,0,3.662,9.155
3606,0.000,-3.922,7.152,0.126,3.806,9.157,-0.076,-17.216,-7.811,0.000,4.081,9.035,-0.015,0.134,0.000,0.209,-0.132,3,-0.972,-0.958,0,0,1069,0,3.754,9.155
3607,0.000,-3.878,7.152,0.137,3.808,9.236,0.046,-17.194,-7.811,-0.005,4.117,9.032,-0.015,0.134,0.000,0.209,-0.132,3,-0.973,-0.958,0,0,1064,0,3.754,9.064
3608,0.000,-3.834,7.152,0.126,3.789,9.238,0.015,-17.150,-7.811,0.005,4.160,9.054,0.015,0.134,0.000,0.209,-0.132,3,-0.972,-0.958,0,1,1060,0,3.754,9.155
3609,0.000,-3.790,7.152,0.104,3.767,9.181,0.015,-17.106,-7.811,-0.005,4.167,9.059,0.000,0.134,0.000,0.209,-0.132,3,-0.970,-0.961,0,0,1041,0,3.754,9.155
3610,0.000,-3.746,7.152,0.104,3.789,9.178,0.107,-17.084,-7.811,-0.005,4.124,9.066,0.046,0.134,0.000,0.209,-0.132,3,-0.970,-0.958,0,0,1038,0,3.754,9.155
3611,0.000,-3.702,7.152,0.126,3.818,9.217,0.107,-17.062,-7.811,0.000,4.119,9.080,0.076,0.134,0.000,0.209,-0.132,3,-0.972,-0.959,0,0,1029,0,3.754,9.155
3612,0.000,-3.659,7.152,0.115,3.796,9.207,0.168,-17.040,-7.811,0.005,4.124,9.111,0.107,0.134,0.000,0.209,-0.132,3,-0.972,-0.958,0,0,1024,1,3.754,9.155
3613,0.000,-3.615,7.152,0.126,3.796,9.169,0.198,-16.996,-7.811,0.000,4.134,9.164,0.198,0.134,0.000,0.209,-0.132,3,-0.972,-0.958,0,2,1007,0,3.754,9.155
3614,0.000,-3.571,7.152,0.137,3.806,9.171,0.320,-16.974,-7.811,0.005,4.160,9.140,0.259,0.134,0.000,0.209,-0.132,3,-0.972,-0.958,0,0,993,0,3.754,9.155
3615,0.000,-3.527,7.152,0.126,3.808,9.166,0.320,-16.952,-7.811,0.000,4.162,9.109,0.351,0.134,0.000,0.209,-0.132,3,-0.972,-0.958,0,0,988,0,3.754,9.155
3616,0.000,-3.483,7.152,0.137,3.731,9.190,0.290,-16.930,-7.811,0.016,4.150,9.133,0.320,0.134,0.000,0.209,-0.132,3,-0.972,-0.958,0,0,980,1,3.754,9.155
3617,0.000,-3.461,7.152,0.115,3.691,9.212,0.443,-16.908,-7.811,0.000,4.146,9.169,0.412,0.134,0.000,0.209,-0.132,3,-0.973,-0.958,0,0,969,1,3.754,9.155
3618,0.000,-3.439,7.152,0.126,3.717,9.195,0.626,-16.886,-7.811,-0.016,4.122,9.188,0.504,0.134,0.000,0.209,-0.132,3,-0.972,-0.958,0,0,979,0,3.662,9.155
3619,0.000,-3.395,7.152,0.126,3.727,9.202,0.381,-16.864,-7.811,0.000,4.114,9.195,0.504,0.134,0.000,0.209,-0.132,3,-0.972,-0.958,0,0,957,0,3.662,9.155
3620,0.000,-3.373,7.152,0.126,3.763,9.241,0.351,-16.842,-7.811,-0.005,4.131,9.202,0.534,0.134,0.000,0.209,-0.132,3,-0.971,-0.958,0,0,948,0,3.662,9.155
3621,0.000,-3.329,7.152,0.137,3.755,9.253,0.504,-16.820,-7.811,-0.016,4.119,9.212,0.656,0.134,0.000,0.209,-0.132,3,-0.971,-0.959,1,0,942,0,3.662,9.155
3622,0.000,-3.307,7.152,0.115,3.681,9.241,0.687,-16.820,-7.811,0.027,4.100,9.197,0.687,0.134,0.000,0.209,-0.132,3,-0.971,-0.958,0,1,933,0,3.754,9.155
3623,0.000,-3.285,7.152,0.104,3.638,9.190,0.809,-16.798,-7.811,-0.016,4.088,9.183,0.473,0.134,0.000,0.209,-0.132,3,-0.972,-0.958,0,0,934,2,3.754,9.247
3624,0.000,-3.263,7.152,0.115,3.660,9.217,0.809,-16.776,-7.811,0.016,4.079,9.193,0.565,0.134,0.000,0.209,-0.132,3,-0.973,-0.958,2,0,941,1,3.662,9.155
3625,0.000,-3.263,7.152,0.126,3.669,9.262,0.809,-16.776,-7.811,0.005,4.131,9.181,0.748,0.134,0.000,0.209,-0.132,3,-0.971,-0.959,0,0,925,0,3.571,9.155
3626,0.000,-3.241,7.152,0.126,3.681,9.267,0.992,-16.754,-7.811,-0.005,4.119,9.183,0.931,0.134,0.000,0.209,-0.132,3,-0.972,-0.960,0,0,910,0,3.571,9.155
3627,0.000,-3.219,7.152,0.126,3.638,9.281,0.992,-16.732,-7.811,0.000,4.069,9.197,0.870,0.134,0.000,0.209,-0.132,3,-0.973,-0.959,0,0,919,1,3.662,9.247
3628,0.000,-3.219,7.152,0.115,3.573,9.308,0.992,-16.732,-7.811,0.000,4.086,9.185,0.748,0.134,0.000,0.209,-0.132,3,-0.973,-0.958,0,0,906,5,3.662,9.247
3629,0.000,-3.197,7.152,0.126,3.583,9.308,0.931,-16.710,-7.811,-0.005,4.071,9.188,0.961,0.134,0.000,0.209,-0.132,3,-0.973,-0.959,0,0,913,0,3.571,9.247
3630,0.000,-3.197,7.152,0.126,3.607,9.267,0.992,-16.710,-7.811,0.000,4.040,9.162,0.992,0.134,0.000,0.209,-0.132,3,-0.971,-0.959,0,0,905,0,3.571,9.247
3631,0.000,-3.175,7.152,0.126,3.595,9.241,1.022,-16.688,-7.811,0.000,4.031,9.130,0.900,0.134,0.000,0.209,-0.132,3,-0.973,-0.958,0,0,912,3,3.571,9.247
3632,0.000,-3.175,7.152,0.115,3.530,9.269,1.083,-16.688,-7.811,0.000,3.988,9.157,0.961,0.134,0.000,0.209,-0.132,3,-0.973,-0.958,0,0,907,2,3.571,9.247
3633,0.000,-3.175,7.152,0.126,3.492,9.310,1.053,-16.688,-7.811,0.000,3.933,9.176,1.053,0.134,0.000,0.209,-0.132,3,-0.972,-0.958,0,0,897,2,3.571,9.155
3634,0.000,-3.175,7.152,0.126,3.533,9.324,1.114,-16.688,-7.811,-0.005,3.947,9.150,1.236,0.134,0.000,0.209,-0.132,3,-0.971,-0.959,1,0,881,1,3.479,9.247
3635,0.000,-3.175,7.152,0.126,3.497,9.293,1.175,-16.688,-7.811,0.016,3.930,9.102,1.114,0.134,0.000,0.209,-0.132,3,-0.974,-0.958,0,1,868,1,3.479,9.247
3636,0.000,-3.175,7.152,0.126,3.394,9.272,1.266,-16.688,-7.811,0.000,3.885,9.116,1.022,0.134,0.000,0.209,-0.132,3,-0.973,-0.959,0,0,875,0,3.479,9.247
3637,0.000,-3.197,7.152,0.126,3.425,9.298,1.236,-16.688,-7.811,-0.005,3.880,9.032,0.961,0.134,0.000,0.209,-0.132,3,-0.973,-0.959,0,0,868,0,3.479,9.247
3638,0.000,-3.197,7.152,0.115,3.494,9.327,1.083,-16.710,-7.811,0.000,3.849,9.016,1.083,0.134,0.000,0.209,-0.132,3,-0.971,-0.960,0,0,866,0,3.388,9.247
3639,0.000,-3.197,7.152,0.126,3.437,9.360,1.022,-16.710,-7.811,0.005,3.832,9.054,1.114,0.134,0.000,0.209,-0.132,3,-0.973,-0.959,0,0,865,0,3.388,9.247
3640,0.000,-3.219,7.152,0.126,3.351,9.353,1.266,-16.710,-7.811,0.005,3.798,9.102,0.931,0.134,0.000,0.209,-0.132,3,-0.976,-0.959,0,3,851,3,3.479,9.247
3641,0.000,-3.241,7.152,0.137,3.308,9.279,1.358,-16.732,-7.811,0.005,3.779,9.109,0.870,0.134,0.000,0.209,-0.132,3,-0.973,-0.959,0,0,849,0,3.388,9.339
3642,0.000,-3.263,7.152,0.126,3.288,9.238,1.266,-16.754,-7.811,0.000,3.770,9.097,0.992,0.134,0.000,0.209,-0.132,3,-0.972,-0.959,0,0,847,0,3.296,9.339
3643,0.000,-3.285,7.152,0.137,3.324,9.267,1.236,-16.754,-7.811,-0.005,3.786,9.061,1.053,0.134,0.000,0.209,-0.132,3,-0.972,-0.958,1,0,830,0,3.296,9.247
3644,0.000,-3.307,7.152,0.115,3.320,9.317,1.450,-16.776,-7.811,-0.005,3.827,9.083,1.144,0.134,0.000,0.209,-0.132,3,-0.972,-0.959,1,0,809,0,3.204,9.155
3645,0.000,-3.329,7.152,0.104,3.200,9.305,1.175,-16.776,-7.811,0.005,3.815,9.147,1.205,0.134,0.000,0.209,-0.132,3,-0.973,-0.958,0,2,820,1,3.296,9.247
3646,0.000,-3.351,7.152,0.126,3.135,9.291,0.931,-16.798,-7.811,0.000,3.748,9.145,1.205,0.134,0.000,0.209,-0.132,3,-0.974,-0.959,0,0,823,1,3.296,9.247
3647,0.000,-3.395,7.152,0.126,3.188,9.336,0.870,-16.820,-7.811,-0.005,3.676,9.142,1.083,0.134,0.000,0.209,-0.132,3,-0.975,-0.959,0,0,828,0,3.113,9.247
3648,0.000,-3.417,7.152,0.137,3.250,9.372,1.022,-16.842,-7.811,0.000,3.698,9.178,0.992,0.134,0.000,0.209,-0.132,3,-0.972,-0.958,0,0,827,0,3.113,9.247
3649,0.000,-3.439,7.152,0.104,3.241,9.377,1.236,-16.864,-7.811,0.000,3.650,9.214,0.992,0.134,0.000,0.209,-0.132,3,-0.974,-0.959,0,0,821,0,3.113,9.247
3650,0.000,-3.461,7.152,0.126,3.202,9.387,1.328,-16.908,-7.811,-0.005,3.585,9.224,1.022,0.134,0.000,0.209,-0.132,3,-0.973,-0.959,0,0,813,0,3.204,9.339
3651,0.000,-3.505,7.152,0.137,3.157,9.415,1.175,-16.930,-7.811,0.000,3.679,9.226,1.022,0.134,0.000,0.209,-0.132,3,-0.973,-0.959,0,0,809,1,3.204,9.339
3652,0.000,-3.549,7.152,0.126,3.109,9.375,1.083,-16.952,-7.811,0.005,3.760,9.202,0.931,0.134,0.000,0.209,-0.132,3,-0.973,-0.959,0,1,806,0,3.113,9.339
3653,0.000,-3.571,7.152,0.137,3.123,9.372,0.961,-16.974,-7.811,0.000,3.688,9.221,0.992,0.134,0.000,0.209,-0.132,3,-0.973,-0.958,0,0,798,0,3.113,9.339
3654,0.000,-3.615,7.152,0.115,3.150,9.413,0.931,-16.996,-7.811,-0.016,3.667,9.265,0.992,0.134,0.000,0.209,-0.132,3,-0.974,-0.959,0,0,801,0,3.021,9.339
3655,0.000,-3.637,7.152,0.137,3.092,9.418,1.022,-17.018,-7.811,0.005,3.703,9.291,0.961,0.134,0.000,0.209,-0.132,3,-0.973,-0.959,0,0,790,0,3.113,9.339
3656,0.000,-3.680,7.152,0.104,3.078,9.434,1.022,-17.040,-7.811,0.005,3.696,9.310,0.900,0.134,0.000,0.209,-0.132,3,-0.973,-0.959,0,0,787,0,3.113,9.339
3657,0.000,-3.724,7.152,0.126,3.142,9.434,1.083,-17.084,-7.811,0.005,3.662,9.265,0.992,0.134,0.000,0.209,-0.132,3,-0.973,-0.959,0,0,776,0,3.021,9.339
3658,0.000,-3.746,7.152,0.126,3.109,9.444,1.114,-17.106,-7.811,0.016,3.595,9.245,0.870,0.134,0.000,0.209,-0.132,3,-0.973,-0.958,0,0,753,1,3.021,9.430
3659,0.000,-3.790,7.152,0.126,3.030,9.439,0.870,-17.128,-7.811,0.000,3.576,9.303,0.656,0.134,0.000,0.209,-0.132,3,-0.972,-0.959,0,0,754,0,3.113,9.430
3660,0.000,-3.834,7.152,0.137,3.025,9.458,0.717,-17.172,-7.811,0.005,3.602,9.279,0.626,0.134,0.000,0.209,-0.132,3,-0.973,-0.959,1,0,746,0,3.021,9.430
3661,0.000,-3.878,7.152,0.115,3.001,9.494,0.778,-17.194,-7.811,0.000,3.614,9.250,0.687,0.134,0.000,0.209,-0.132,3,-0.973,-0.959,0,1,751,0,3.021,9.430
3662,0.000,-3.922,7.152,0.148,2.965,9.521,0.870,-17.238,-7.811,0.000,3.576,9.288,0.717,0.134,0.000,0.209,-0.132,3,-0.973,-0.959,0,0,750,2,3.021,9.430
3663,0.000,-3.988,7.152,0.126,2.994,9.521,0.961,-17.260,-7.811,0.000,3.547,9.300,0.717,0.134,0.000,0.209,-0.132,3,-0.974,-0.960,3,0,741,2,2.930,9.430
3664,0.000,-4.032,7.152,0.126,3.013,9.533,1.022,-17.304,-7.811,0.000,3.585,9.308,0.687,0.134,0.000,0.209,-0.132,3,-0.973,-0.959,0,1,723,1,2.930,9.522
3665,0.000,-4.076,7.152,0.137,2.994,9.569,0.809,-17.326,-7.811,0.000,3.590,9.281,0.565,0.134,0.000,0.209,-0.132,3,-0.973,-0.960,0,0,714,0,2.930,9.522
3666,0.000,-4.120,7.152,0.126,2.956,9.559,0.626,-17.348,-7.811,0.000,3.530,9.209,0.534,0.134,0.000,0.209,-0.132,3,-0.974,-0.959,0,0,702,3,2.930,9.522
3667,0.000,-4.164,7.152,0.137,2.965,9.557,0.687,-17.392,-7.811,0.000,3.499,9.164,0.656,0.134,0.000,0.209,-0.132,3,-0.974,-0.959,0,0,698,5,2.930,9.522
3668,0.000,-4.208,7.152,0.137,2.965,9.523,0.748,-17.414,-7.811,0.005,3.502,9.162,0.626,0.134,0.000,0.209,-0.132,3,-0.974,-0.959,2,0,705,0,2.930,9.522
3669,0.000,-4.252,7.152,0.115,2.874,9.502,0.565,-17.458,-7.811,0.000,3.437,9.152,0.534,0.134,0.000,0.209,-0.132,3,-0.973,-0.959,0,0,691,1,2.930,9.522
3670,0.000,-4.318,7.152,0.126,2.874,9.552,0.412,-17.501,-7.811,-0.005,3.430,9.147,0.381,0.134,0.000,0.209,-0.132,3,-0.974,-0.960,0,0,683,0,2.930,9.522
3671,0.000,-4.362,7.152,0.126,2.975,9.545,0.381,-17.523,-7.811,0.005,3.499,9.126,0.198,0.134,0.000,0.209,-0.132,3,-0.974,-0.959,0,0,671,2,2.838,9.430
3672,0.000,-4.406,7.152,0.126,2.987,9.497,0.320,-17.545,-7.811,-0.005,3.468,9.085,0.198,0.134,0.000,0.209,-0.132,3,-0.974,-0.959,0,0,649,2,2.838,9.522
3673,0.000,-4.428,7.152,0.137,2.956,9.511,0.320,-17.589,-7.811,0.000,3.439,9.063,0.290,0.134,0.000,0.209,-0.132,3,-0.975,-0.960,1,0,642,1,2.930,9.522
3674,0.000,-4.472,7.152,0.137,2.922,9.559,0.229,-17.611,-7.811,0.000,3.427,9.061,0.320,0.134,0.000,0.209,-0.132,3,-0.976,-0.959,0,1,641,1,2.930,9.430
3675,0.000,-4.515,7.152,0.126,2.865,9.578,0.229,-17.655,-7.811,0.000,3.442,9.109,0.168,0.134,0.000,0.209,-0.132,3,-0.976,-0.958,0,0,639,1,2.930,9.430
3676,0.000,-4.581,7.152,0.126,2.850,9.518,0.168,-17.677,-7.811,-0.005,3.475,9.126,-0.015,0.134,0.000,0.209,-0.132,3,-0.973,-0.959,0,0,639,0,2.838,9.522
3677,0.000,-4.625,7.152,0.115,2.915,9.516,0.107,-17.699,-7.811,0.005,3.439,9.051,-0.015,0.134,0.000,0.209,-0.132,3,-0.974,-0.960,0,0,633,3,2.838,9.522
3678,0.000,-4.669,7.152,0.115,2.932,9.554,0.076,-17.743,-7.811,-0.005,3.423,9.032,-0.015,0.134,0.000,0.209,-0.132,3,-0.975,-0.959,3,0,629,5,2.838,9.430
3679,0.000,-4.713,7.152,0.115,2.879,9.552,0.015,-17.765,-7.811,-0.005,3.425,9.066,-0.076,0.134,0.000,0.209,-0.132,3,-0.974,-0.959,0,0,626,0,2.838,9.430
3680,0.000,-4.757,7.152,0.126,2.872,9.540,-0.046,-17.787,-7.811,0.000,3.427,9.080,-0.137,0.134,0.000,0.209,-0.132,3,-0.975,-0.958,0,0,624,1,2.930,9.522
3681,0.000,-4.779,7.152,0.137,2.872,9.514,-0.229,-17.809,-7.811,0.000,3.463,9.063,-0.320,0.134,0.000,0.209,-0.132,3,-0.974,-0.959,0,0,630,0,2.838,9.522
3682,0.000,-4.823,7.152,0.115,2.884,9.557,-0.229,-17.853,-7.811,0.000,3.439,9.111,-0.229,0.134,0.000,0.209,-0.132,3,-0.974,-0.958,1,0,624,1,2.838,9.522
3683,0.000,-4.867,7.152,0.137,2.925,9.607,-0.259,-17.875,-7.811,0.005,3.425,9.142,-0.107,0.134,0.000,0.209,-0.132,3,-0.974,-0.959,0,0,609,0,2.838,9.430
3684,0.000,-4.911,7.152,0.115,2.917,9.593,-0.137,-17.897,-7.811,0.000,3.494,9.135,-0.107,0.134,0.000,0.209,-0.132,3,-0.974,-0.959,0,2,610,1,2.838,9.522
3685,0.000,-4.955,7.152,0.126,2.872,9.559,-0.229,-17.919,-7.811,0.005,3.499,9.140,-0.198,0.134,0.000,0.209,-0.132,3,-0.976,-0.959,0,0,589,0,2.838,9.522
3686,0.000,-4.977,7.152,0.115,2.903,9.492,-0.320,-17.941,-7.811,0.000,3.430,9.157,-0.412,0.134,0.000,0.209,-0.132,3,-0.974,-0.959,0,4,588,0,2.838,9.522
3687,0.000,-5.021,7.152,0.126,3.011,9.497,-0.351,-17.963,-7.811,0.000,3.413,9.154,-0.595,0.134,0.000,0.209,-0.132,3,-0.974,-0.958,0,0,584,1,2.838,9.522
3688,0.000,-5.043,7.152,0.093,2.953,9.537,-0.443,-18.007,-7.811,0.000,3.504,9.164,-0.473,0.134,0.000,0.209,-0.132,3,-0.973,-0.960,0,0,575,0,2.838,9.430
3689,0.000,-5.065,7.152,0.126,2.898,9.569,-0.565,-18.007,-7.811,-0.005,3.521,9.209,-0.412,0.134,0.000,0.209,-0.132,3,-0.975,-0.960,0,0,568,0,2.930,9.430
3690,0.000,-5.109,7.152,0.115,2.949,9.557,-0.473,-18.029,-7.811,-0.005,3.490,9.207,-0.443,0.134,0.000,0.209,-0.132,3,-0.975,-0.959,0,0,550,0,2.930,9.522
3691,0.000,-5.131,7.152,0.115,2.944,9.521,-0.443,-18.051,-7.811,-0.005,3.533,9.176,-0.412,0.134,0.000,0.209,-0.132,3,-0.975,-0.960,0,1,539,0,2.838,9.522
3692,0.000,-5.153,7.152,0.126,2.941,9.485,-0.381,-18.073,-7.811,-0.005,3.521,9.188,-0.565,0.134,0.000,0.209,-0.132,3,-0.975,-0.959,0,0,541,0,2.930,9.522
3693,0.000,-5.175,7.152,0.126,3.006,9.504,-0.473,-18.095,-7.811,0.000,3.509,9.195,-0.626,0.134,0.000,0.209,-0.132,3,-0.975,-0.960,0,0,533,0,2.930,9.522
3694,0.000,-5.197,7.152,0.126,3.056,9.533,-0.534,-18.117,-7.811,0.000,3.533,9.174,-0.656,0.134,0.000,0.209,-0.132,3,-0.975,-0.960,0,0,524,0,2.930,9.430
3695,0.000,-5.219,7.152,0.115,3.042,9.509,-0.626,-18.117,-7.811,0.000,3.576,9.193,-0.656,0.134,0.000,0.209,-0.132,3,-0.975,-0.960,0,0,514,1,2.930,9.430
3696,0.000,-5.241,7.152,0.115,3.025,9.542,-0.626,-18.139,-7.811,0.000,3.612,9.224,-0.626,0.134,0.000,0.209,-0.132,3,-0.975,-0.959,0,1,519,0,3.021,9.522
3697,0.000,-5.241,7.152,0.126,3.030,9.506,-0.748,-18.139,-7.811,0.005,3.554,9.212,-0.717,0.134,0.000,0.209,-0.132,3,-0.975,-0.958,0,0,523,1,3.021,9.430
3698,0.000,-5.263,7.152,0.126,3.054,9.437,-0.687,-18.161,-7.811,0.005,3.480,9.190,-0.839,0.134,0.000,0.209,-0.132,3,-0.975,-0.960,0,0,520,1,3.021,9.522
3699,0.000,-5.263,7.152,0.115,3.150,9.458,-0.717,-18.183,-7.811,0.000,3.490,9.190,-0.900,0.134,0.000,0.209,-0.132,3,-0.975,-0.961,0,0,521,0,3.021,9.430
3700,0.000,-5.263,7.152,0.126,3.176,9.478,-0.809,-18.183,-7.811,0.000,3.576,9.171,-0.870,0.134,0.000,0.209,-0.132,3,-0.974,-0.960,1,1,518,0,3.021,9.430
3701,0.000,-5.285,7.152,0.126,3.116,9.533,-0.809,-18.205,-7.811,-0.005,3.640,9.116,-0.778,0.134,0.000,0.209,-0.132,3,-0.975,-0.959,0,0,515,2,3.113,9.430
3702,0.000,-5.285,7.152,0.126,3.073,9.530,-0.809,-18.205,-7.811,-0.005,3.605,9.123,-0.778,0.134,0.000,0.209,-0.132,3,-0.976,-0.959,0,0,515,0,3.113,9.430
3703,0.000,-5.306,7.152,0.115,3.083,9.497,-0.748,-18.205,-7.811,0.000,3.605,9.154,-0.778,0.134,0.000,0.209,-0.132,3,-0.975,-0.960,0,2,504,2,3.113,9.522
3704,0.000,-5.306,7.152,0.115,3.150,9.492,-0.717,-18.205,-7.811,0.000,3.612,9.111,-0.839,0.134,0.000,0.209,-0.132,3,-0.975,-0.961,0,0,497,0,3.021,9.522
3705,0.000,-5.306,7.152,0.126,3.214,9.516,-0.687,-18.205,-7.811,-0.005,3.569,9.066,-0.931,0.134,0.000,0.209,-0.132,3,-0.975,-0.960,0,0,503,0,3.021,9.430
3706,0.000,-5.306,7.152,0.115,3.193,9.497,-0.687,-18.205,-7.811,0.000,3.585,9.061,-0.961,0.134,0.000,0.209,-0.132,3,-0.975,-0.960,0,0,495,0,3.113,9.430
3707,0.000,-5.285,7.152,0.115,3.241,9.480,-0.900,-18.205,-7.811,-0.005,3.609,9.066,-0.931,0.134,0.000,0.209,-0.132,3,-0.975,-0.960,0,0,499,0,3.204,9.430
3708,0.000,-5.285,7.152,0.126,3.351,9.497,-1.022,-18.205,-7.811,0.000,3.672,9.090,-0.931,0.134,0.000,0.209,-0.132,3,-0.974,-0.960,0,0,498,0,3.113,9.430
3709,0.000,-5.263,7.152,0.115,3.293,9.434,-1.083,-18.205,-7.811,0.005,3.691,9.078,-0.931,0.134,0.000,0.209,-0.132,3,-0.976,-0.959,0,0,492,1,3.204,9.430
3710,0.000,-5.263,7.152,0.126,3.260,9.430,-1.083,-18.205,-7.811,0.005,3.652,9.032,-0.778,0.134,0.000,0.209,-0.132,3,-0.976,-0.960,0,1,489,3,3.296,9.430
3711,0.000,-5.241,7.152,0.126,3.305,9.487,-0.931,-18.183,-7.811,-0.005,3.655,9.027,-1.022,0.134,0.000,0.209,-0.132,3,-0.975,-0.959,0,0,495,0,3.204,9.430
3712,0.000,-5.241,7.152,0.126,3.303,9.461,-0.961,-18.183,-7.811,-0.005,3.676,9.032,-1.144,0.134,0.000,0.209,-0.132,3,-0.974,-0.960,2,0,497,1,3.204,9.430
3713,0.000,-5.219,7.152,0.126,3.322,9.423,-1.022,-18.183,-7.811,0.000,3.693,9.008,-1.022,0.134,0.000,0.209,-0.132,3,-0.979,-0.959,0,1,490,1,3.296,9.430
3714,0.000,-5.197,7.152,0.115,3.396,9.418,-0.992,-18.161,-7.811,-0.005,3.719,9.008,-0.931,0.134,0.000,0.209,-0.132,3,-0.978,-0.959,0,0,487,0,3.296,9.430
3715,0.000,-5.175,7.152,0.137,3.411,9.389,-1.053,-18.161,-7.811,0.000,3.734,9.049,-0.992,0.134,0.000,0.209,-0.132,3,-0.974,-0.960,0,0,484,0,3.296,9.339
3716,0.000,-5.153,7.152,0.126,3.377,9.389,-1.022,-18.139,-7.811,0.005,3.779,9.063,-0.992,0.134,0.000,0.209,-0.132,3,-0.976,-0.961,0,0,482,4,3.388,9.339
3717,0.000,-5.131,7.152,0.137,3.384,9.415,-0.961,-18.117,-7.811,-0.005,3.839,9.027,-1.114,0.134,0.000,0.209,-0.132,3,-0.978,-0.960,4,0,481,4,3.388,9.339
3718,0.000,-5.109,7.152,0.137,3.418,9.437,-0.870,-18.095,-7.811,0.000,3.839,9.042,-1.022,0.134,0.000,0.209,-0.132,3,-0.979,-0.960,0,4,474,0,3.296,9.339
3719,0.000,-5.087,7.152,0.148,3.411,9.406,-0.870,-18.073,-7.811,0.000,3.815,9.097,-0.992,0.134,0.000,0.209,-0.132,3,-0.975,-0.961,3,0,471,1,3.296,9.339
3720,0.000,-5.065,7.152,0.126,3.411,9.384,-1.053,-18.073,-7.811,-0.005,3.798,9.130,-0.961,0.134,0.000,0.209,-0.132,3,-0.975,-0.960,0,0,473,0,3.388,9.430
3721,0.000,-5.021,7.152,0.137,3.478,9.389,-1.236,-18.051,-7.811,0.000,3.839,9.114,-0.778,0.134,0.000,0.209,-0.132,3,-0.976,-0.959,0,0,463,0,3.388,9.339
3722,0.000,-4.999,7.152,0.115,3.533,9.372,-1.205,-18.029,-7.811,0.000,3.913,9.095,-0.870,0.134,0.000,0.209,-0.132,3,-0.976,-0.960,1,1,458,1,3.388,9.339
3723,0.000,-4.955,7.152,0.137,3.526,9.355,-0.992,-18.007,-7.811,-0.005,3.945,9.116,-0.931,0.134,0.000,0.209,-0.132,3,-0.976,-0.959,0,1,456,1,3.388,9.339
3724,0.000,-4.933,7.152,0.126,3.514,9.348,-0.839,-17.985,-7.811,0.000,3.894,9.166,-0.839,0.134,0.000,0.209,-0.132,3,-0.978,-0.960,0,0,449,1,3.479,9.339
3725,0.000,-4.889,7.152,0.115,3.487,9.351,-0.931,-17.963,-7.811,-0.005,3.918,9.159,-0.870,0.134,0.000,0.209,-0.132,3,-0.977,-0.960,0,1,448,0,3.479,9.339
3726,0.000,-4.867,7.152,0.126,3.492,9.336,-0.961,-17.941,-7.811,0.005,3.911,9.152,-0.931,0.134,0.000,0.209,-0.132,3,-0.974,-0.960,0,0,456,0,3.479,9.339
3727,0.000,-4.845,7.152,0.115,3.540,9.329,-0.809,-17.919,-7.811,0.000,3.964,9.114,-0.809,0.134,0.000,0.209,-0.132,3,-0.974,-0.960,0,0,460,0,3.479,9.339
3728,0.000,-4.801,7.152,0.126,3.545,9.355,-0.900,-17.875,-7.811,0.000,3.971,9.102,-0.687,0.134,0.000,0.209,-0.132,3,-0.976,-0.961,0,0,461,0,3.479,9.247
3729,0.000,-4.779,7.152,0.126,3.511,9.351,-0.870,-17.853,-7.811,0.000,4.000,9.145,-0.717,0.134,0.000,0.209,-0.132,3,-0.976,-0.960,1,0,459,0,3.479,9.247
3730,0.000,-4.735,7.152,0.137,3.528,9.303,-0.839,-17.831,-7.811,0.000,4.004,9.154,-0.870,0.134,0.000,0.209,-0.132,3,-0.977,-0.960,0,2,455,1,3.479,9.339
3731,0.000,-4.713,7.152,0.115,3.559,9.279,-0.778,-17.787,-7.811,0.005,4.000,9.128,-0.656,0.134,0.000,0.209,-0.132,3,-0.976,-0.960,0,0,457,0,3.479,9.339
3732,0.000,-4.669,7.152,0.115,3.633,9.284,-0.687,-17.765,-7.811,-0.005,4.007,9.135,-0.443,0.134,0.000,0.209,-0.132,3,-0.976,-0.960,0,0,457,0,3.479,9.247
3733,0.000,-4.625,7.152,0.115,3.655,9.286,-0.595,-17.743,-7.811,0.005,4.012,9.174,-0.473,0.134,0.000,0.209,-0.132,3,-0.976,-0.961,0,0,451,0,3.479,9.247
3734,0.000,-4.581,7.152,0.115,3.684,9.312,-0.595,-17.721,-7.811,0.005,4.040,9.185,-0.565,0.134,0.000,0.209,-0.132,3,-0.977,-0.960,0,0,452,0,3.571,9.247
3735,0.000,-4.537,7.152,0.126,3.657,9.281,-0.656,-17.677,-7.811,0.005,4.088,9.162,-0.595,0.134,0.000,0.209,-0.132,3,-0.976,-0.960,0,0,451,0,3.571,9.247
3736,0.000,-4.493,7.152,0.104,3.576,9.303,-0.748,-17.655,-7.811,0.000,4.059,9.150,-0.534,0.134,0.000,0.209,-0.132,3,-0.977,-0.958,0,0,445,1,3.662,9.247
3737,0.000,-4.472,7.152,0.137,3.624,9.293,-0.412,-17.633,-7.811,-0.005,3.978,9.140,-0.565,0.134,0.000,0.209,-0.132,3,-0.976,-0.960,0,1,445,1,3.571,9.247
3738,0.000,-4.428,7.152,0.126,3.660,9.224,-0.290,-17.611,-7.811,0.000,4.012,9.150,-0.504,0.134,0.000,0.209,-0.132,3,-0.976,-0.960,1,0,446,0,3.571,9.247
3739,0.000,-4.384,7.152,0.115,3.664,9.250,-0.443,-17.567,-7.811,0.000,4.045,9.138,-0.412,0.134,0.000,0.209,-0.132,3,-0.977,-0.960,0,1,443,2,3.571,9.247
3740,0.000,-4.340,7.152,0.115,3.686,9.296,-0.412,-17.545,-7.811,0.005,4.035,9.102,-0.381,0.134,0.000,0.209,-0.132,3,-0.977,-0.960,0,0,440,2,3.571,9.155
3741,0.000,-4.296,7.152,0.115,3.686,9.293,-0.473,-17.523,-7.811,0.000,4.079,9.116,-0.443,0.134,0.000,0.209,-0.132,3,-0.978,-0.960,2,0,429,0,3.662,9.247
3742,0.000,-4.252,7.152,0.126,3.693,9.226,-0.473,-17.480,-7.811,-0.005,4.086,9.111,-0.443,0.134,0.000,0.209,-0.132,3,-0.976,-0.960,0,0,428,0,3.662,9.247
3743,0.000,-4.208,7.152,0.126,3.722,9.200,-0.229,-17.458,-7.811,0.005,4.081,9.090,-0.168,0.134,0.000,0.209,-0.132,3,-0.976,-0.962,0,0,425,0,3.662,9.247
3744,0.000,-4.164,7.152,0.126,3.676,9.181,-0.107,-17.414,-7.811,0.016,4.107,9.083,0.000,0.134,0.000,0.209,-0.132,3,-0.977,-0.960,0,0,439,0,3.662,9.155
3745,0.000,-4.142,7.152,0.115,3.648,9.200,-0.046,-17.392,-7.811,0.000,4.091,9.078,-0.107,0.134,0.000,0.209,-0.132,3,-0.977,-0.960,0,0,429,1,3.662,9.155
3746,0.000,-4.098,7.152,0.126,3.657,9.200,-0.076,-17.370,-7.811,0.000,4.069,9.085,-0.168,0.134,0.000,0.209,-0.132,3,-0.977,-0.960,0,0,426,0,3.662,9.155
3747,0.000,-4.054,7.152,0.137,3.681,9.169,-0.290,-17.326,-7.811,-0.016,4.119,9.071,-0.198,0.134,0.000,0.209,-0.132,3,-0.975,-0.960,0,0,431,0,3.571,9.155
3748,0.000,-4.010,7.152,0.115,3.786,9.202,-0.259,-17.304,-7.811,0.005,4.148,9.073,-0.076,0.134,0.000,0.209,-0.132,3,-0.977,-0.961,0,0,428,0,3.571,9.155
3749,0.000,-3.966,7.152,0.126,3.741,9.253,-0.076,-17.260,-7.811,0.005,4.107,9.114,-0.015,0.134,0.000,0.209,-0.132,3,-0.976,-0.961,0,0,421,1,3.662,9.155
3750,0.000,-3.944,7.152,0.126,3.681,9.245,0.000,-17.238,-7.811,0.000,4.107,9.116,-0.107,0.134,0.000,0.209,-0.132,3,-0.977,-0.960,0,0,419,1,3.754,9.155
3751,0.000,-3.900,7.152,0.104,3.777,9.243,0.107,-17.216,-7.811,0.000,4.095,9.114,-0.046,0.134,0.000,0.209,-0.132,3,-0.978,-0.960,1,0,416,2,3.662,9.247
3752,0.000,-3.856,7.152,0.126,3.753,9.212,0.198,-17.194,-7.811,0.000,4.069,9.090,0.000,0.134,0.000,0.209,-0.132,3,-0.980,-0.961,0,1,417,1,3.662,9.155
3753,0.000,-3.812,7.152,0.126,3.676,9.207,0.076,-17.172,-7.811,0.000,4.045,9.075,0.107,0.134,0.000,0.209,-0.132,3,-0.978,-0.961,0,0,422,0,3.754,9.155
3754,0.000,-3.790,7.152,0.126,3.700,9.207,0.015,-17.128,-7.811,0.000,4.071,9.083,0.137,0.134,0.000,0.209,-0.132,3,-0.975,-0.961,0,0,416,0,3.754,9.155
3755,0.000,-3.746,7.152,0.126,3.727,9.200,0.107,-17.106,-7.811,0.000,4.114,9.078,0.046,0.134,0.000,0.209,-0.132,3,-0.978,-0.961,0,0,420,3,3.662,9.155
3756,0.000,-3.702,7.152,0.126,3.715,9.217,0.137,-17.084,-7.811,-0.005,4.067,9.092,0.137,0.134,0.000,0.209,-0.132,3,-0.978,-0.960,3,0,420,1,3.662,9.155
3757,0.000,-3.680,7.152,0.115,3.684,9.212,0.229,-17.062,-7.811,0.000,4.081,9.085,0.229,0.134,0.000,0.209,-0.132,3,-0.978,-0.960,0,0,420,0,3.662,9.155
3758,0.000,-3.659,7.152,0.137,3.681,9.190,0.381,-17.040,-7.811,0.005,4.136,9.095,0.351,0.134,0.000,0.209,-0.132,3,-0.978,-0.960,0,0,424,0,3.662,9.155
3759,0.000,-3.615,7.152,0.115,3.679,9.221,0.351,-17.018,-7.811,0.000,4.138,9.106,0.473,0.134,0.000,0.209,-0.132,3,-0.977,-0.960,0,1,425,1,3.662,9.155
3760,0.000,-3.593,7.152,0.148,3.703,9.219,0.198,-16.996,-7.811,0.000,4.107,9.123,0.412,0.134,0.000,0.209,-0.132,3,-0.977,-0.960,0,0,420,0,3.662,9.155
3761,0.000,-3.549,7.152,0.115,3.681,9.193,0.198,-16.974,-7.811,0.000,4.131,9.159,0.412,0.134,0.000,0.209,-0.132,3,-0.977,-0.961,2,1,416,0,3.662,9.155
3762,0.000,-3.527,7.152,0.126,3.662,9.253,0.412,-16.952,-7.811,0.000,4.122,9.162,0.473,0.134,0.000,0.209,-0.132,3,-0.978,-0.960,0,2,419,0,3.662,9.155
3763,0.000,-3.505,7.152,0.126,3.712,9.265,0.504,-16.930,-7.811,0.000,4.040,9.169,0.534,0.134,0.000,0.209,-0.132,3,-0.979,-0.961,0,0,417,0,3.662,9.155
3764,0.000,-3.483,7.152,0.115,3.681,9.250,0.565,-16.908,-7.811,0.000,4.064,9.171,0.534,0.134,0.000,0.209,-0.132,3,-0.978,-0.961,0,3,416,0,3.662,9.247
3765,0.000,-3.461,7.152,0.137,3.669,9.267,0.626,-16.886,-7.811,0.000,4.134,9.169,0.565,0.134,0.000,0.209,-0.132,3,-0.976,-0.960,0,0,414,0,3.662,9.247
3766,0.000,-3.439,7.152,0.115,3.681,9.260,0.534,-16.864,-7.811,0.005,4.122,9.154,0.626,0.134,0.000,0.209,-0.132,3,-0.979,-0.961,0,0,413,0,3.662,9.247
3767,0.000,-3.417,7.152,0.126,3.621,9.233,0.504,-16.864,-7.811,0.000,4.059,9.154,0.656,0.134,0.000,0.209,-0.132,3,-0.977,-0.961,0,0,409,0,3.662,9.247
3768,0.000,-3.395,7.152,0.115,3.576,9.250,0.626,-16.842,-7.811,0.005,4.007,9.243,0.687,0.134,0.000,0.209,-0.132,3,-0.978,-0.960,1,0,410,1,3.662,9.247
3769,0.000,-3.395,7.152,0.104,3.607,9.286,0.717,-16.842,-7.811,-0.005,4.016,9.195,0.717,0.134,0.000,0.209,-0.132,3,-0.977,-0.960,0,1,403,0,3.571,9.155
3770,0.000,-3.373,7.152,0.126,3.633,9.243,0.809,-16.842,-7.811,0.000,3.952,9.162,0.778,0.134,0.000,0.209,-0.132,3,-0.978,-0.960,0,0,406,0,3.571,9.247
3771,0.000,-3.351,7.152,0.115,3.576,9.241,0.748,-16.820,-7.811,0.000,4.021,9.200,0.717,0.134,0.000,0.209,-0.132,3,-0.977,-0.960,0,0,405,0,3.571,9.247
3772,0.000,-3.351,7.152,0.126,3.595,9.284,0.839,-16.820,-7.811,0.000,4.062,9.209,0.717,0.134,0.000,0.209,-0.132,3,-0.978,-0.961,0,0,401,0,3.571,9.155
3773,0.000,-3.329,7.152,0.115,3.545,9.260,1.053,-16.820,-7.811,0.000,3.990,9.166,0.687,0.134,0.000,0.209,-0.132,3,-0.978,-0.961,0,0,405,0,3.571,9.155
3774,0.000,-3.329,7.152,0.126,3.449,9.274,0.961,-16.798,-7.811,0.000,3.942,9.145,0.748,0.134,0.000,0.209,-0.132,3,-0.978,-0.961,0,0,405,0,3.571,9.247
3775,0.000,-3.329,7.152,0.104,3.482,9.303,0.870,-16.798,-7.811,0.000,3.949,9.169,0.870,0.134,0.000,0.209,-0.132,3,-0.978,-0.959,0,0,399,1,3.479,9.247
3776,0.000,-3.329,7.152,0.115,3.511,9.288,0.931,-16.798,-7.811,0.005,3.940,9.162,0.931,0.134,0.000,0.209,-0.132,3,-0.977,-0.961,0,0,396,0,3.388,9.247
3777,0.000,-3.329,7.152,0.126,3.478,9.231,0.992,-16.798,-7.811,0.000,3.906,9.152,0.961,0.134,0.000,0.209,-0.132,3,-0.977,-0.961,0,0,401,0,3.479,9.247
3778,0.000,-3.329,7.152,0.115,3.442,9.229,1.053,-16.798,-7.811,-0.005,3.901,9.140,0.839,0.134,0.000,0.209,-0.132,3,-0.977,-0.961,0,1,401,0,3.479,9.247
3779,0.000,-3.329,7.152,0.115,3.454,9.272,1.083,-16.820,-7.811,0.000,3.880,9.121,0.870,0.134,0.000,0.209,-0.132,3,-0.978,-0.960,0,2,401,0,3.388,9.155
3780,0.000,-3.329,7.152,0.115,3.439,9.308,1.175,-16.820,-7.811,0.000,3.846,9.140,1.022,0.134,0.000,0.209,-0.132,3,-0.979,-0.960,2,0,398,1,3.388,9.155
3781,0.000,-3.351,7.152,0.137,3.353,9.305,1.114,-16.820,-7.811,-0.005,3.825,9.169,1.083,0.134,0.000,0.209,-0.132,3,-0.977,-0.961,0,0,396,0,3.388,9.247
3782,0.000,-3.351,7.152,0.126,3.341,9.281,1.022,-16.842,-7.811,0.005,3.856,9.174,0.992,0.134,0.000,0.209,-0.132,3,-0.977,-0.962,1,0,394,0,3.388,9.247
3783,0.000,-3.373,7.152,0.126,3.379,9.312,1.114,-16.842,-7.811,0.000,3.856,9.171,0.931,0.134,0.000,0.209,-0.132,3,-0.978,-0.961,0,0,396,0,3.296,9.247
3784,0.000,-3.395,7.152,0.137,3.329,9.358,1.022,-16.842,-7.811,0.005,3.849,9.176,0.992,0.134,0.000,0.209,-0.132,3,-0.978,-0.961,0,0,397,0,3.296,9.247
3785,0.000,-3.395,7.152,0.137,3.303,9.344,0.992,-16.864,-7.811,0.000,3.849,9.169,0.931,0.134,0.000,0.209,-0.132,3,-0.977,-0.960,0,0,403,0,3.296,9.247
3786,0.000,-3.417,7.152,0.115,3.315,9.322,1.083,-16.864,-7.811,0.016,3.820,9.169,0.961,0.134,0.000,0.209,-0.132,3,-0.977,-0.961,0,1,396,2,3.296,9.339
3787,0.000,-3.439,7.152,0.126,3.300,9.379,1.114,-16.886,-7.811,0.000,3.796,9.181,0.992,0.134,0.000,0.209,-0.132,3,-0.978,-0.960,0,0,399,2,3.296,9.339
3788,0.000,-3.461,7.152,0.126,3.269,9.384,1.083,-16.886,-7.811,0.000,3.772,9.159,0.900,0.134,0.000,0.209,-0.132,3,-0.978,-0.961,0,2,398,1,3.296,9.247
3789,0.000,-3.483,7.152,0.115,3.253,9.339,1.022,-16.908,-7.811,-0.005,3.731,9.130,0.839,0.134,0.000,0.209,-0.132,3,-0.980,-0.961,0,0,397,1,3.296,9.339
3790,0.000,-3.505,7.152,0.137,3.284,9.317,1.053,-16.930,-7.811,0.000,3.688,9.130,0.778,0.134,0.000,0.209,-0.132,3,-0.977,-0.961,1,0,394,0,3.204,9.339
3791,0.000,-3.527,7.152,0.126,3.260,9.332,1.175,-16.952,-7.811,-0.005,3.743,9.150,0.931,0.134,0.000,0.209,-0.132,3,-0.980,-0.961,0,2,394,1,3.204,9.339
3792,0.000,-3.549,7.152,0.115,3.178,9.370,1.144,-16.974,-7.811,0.000,3.772,9.205,1.053,0.134,0.000,0.209,-0.132,3,-0.979,-0.961,1,0,398,0,3.204,9.247
3793,0.000,-3.571,7.152,0.126,3.166,9.372,1.144,-16.974,-7.811,0.000,3.700,9.207,1.022,0.134,0.000,0.209,-0.132,3,-0.977,-0.961,0,0,393,0,3.204,9.247
3794,0.000,-3.615,7.152,0.126,3.188,9.382,0.931,-16.996,-7.811,-0.005,3.664,9.162,0.870,0.134,0.000,0.209,-0.132,3,-0.977,-0.962,0,0,395,2,3.113,9.339
3795,0.000,-3.637,7.152,0.126,3.186,9.411,0.931,-17.018,-7.811,0.000,3.676,9.171,0.839,0.134,0.000,0.209,-0.132,3,-0.980,-0.961,4,0,392,3,3.113,9.339
3796,0.000,-3.659,7.152,0.104,3.145,9.413,0.992,-17.062,-7.811,0.000,3.621,9.190,0.870,0.134,0.000,0.209,-0.132,3,-0.978,-0.961,0,0,387,0,3.113,9.339
3797,0.000,-3.702,7.152,0.137,3.114,9.437,1.083,-17.084,-7.811,-0.005,3.614,9.176,0.809,0.134,0.000,0.209,-0.132,3,-0.978,-0.962,0,0,390,0,3.113,9.339
3798,0.000,-3.746,7.152,0.126,3.121,9.449,1.022,-17.106,-7.811,-0.005,3.669,9.176,0.778,0.134,0.000,0.209,-0.132,3,-0.977,-0.961,0,0,391,0,3.113,9.339
3799,0.000,-3.768,7.152,0.137,3.075,9.425,0.992,-17.128,-7.811,0.000,3.643,9.185,0.778,0.134,0.000,0.209,-0.132,3,-0.978,-0.962,0,0,386,0,3.113,9.430
3800,0.000,-3.812,7.152,0.126,3.059,9.425,0.809,-17.150,-7.811,0.000,3.585,9.193,0.656,0.134,0.000,0.209,-0.132,3,-0.978,-0.961,1,0,378,1,3.113,9.430
3801,0.000,-3.856,7.152,0.115,3.075,9.427,0.809,-17.172,-7.811,0.000,3.631,9.176,0.626,0.134,0.000,0.209,-0.132,3,-0.979,-0.960,0,1,385,1,3.021,9.339
3802,0.000,-3.900,7.152,0.137,3.087,9.454,0.839,-17.194,-7.811,-0.005,3.624,9.185,0.656,0.134,0.000,0.209,-0.132,3,-0.979,-0.962,2,0,385,1,3.021,9.339
3803,0.000,-3.922,7.152,0.126,3.061,9.444,0.870,-17.238,-7.811,0.000,3.576,9.219,0.656,0.134,0.000,0.209,-0.132,3,-0.977,-0.961,0,2,394,0,3.021,9.339
3804,0.000,-3.966,7.152,0.104,3.037,9.449,0.839,-17.260,-7.811,-0.005,3.590,9.200,0.687,0.134,0.000,0.209,-0.132,3,-0.977,-0.959,0,0,392,0,3.021,9.430
3805,0.000,-4.010,7.152,0.126,3.066,9.478,0.595,-17.282,-7.811,-0.005,3.581,9.145,0.839,0.134,0.000,0.209,-0.132,3,-0.977,-0.961,0,0,393,0,3.021,9.430
3806,0.000,-4.032,7.152,0.126,3.063,9.487,0.534,-17.304,-7.811,0.000,3.559,9.147,0.656,0.134,0.000,0.209,-0.132,3,-0.979,-0.961,0,0,393,0,3.021,9.430
3807,0.000,-4.076,7.152,0.137,3.051,9.521,0.748,-17.348,-7.811,-0.005,3.571,9.202,0.443,0.134,0.000,0.209,-0.132,3,-0.978,-0.961,2,0,395,1,3.021,9.430
3808,0.000,-4.120,7.152,0.104,3.030,9.537,0.687,-17.370,-7.811,0.000,3.600,9.197,0.504,0.134,0.000,0.209,-0.132,3,-0.978,-0.961,0,1,397,0,3.021,9.430
3809,0.000,-4.164,7.152,0.137,2.987,9.514,0.534,-17.392,-7.811,-0.005,3.545,9.164,0.412,0.134,0.000,0.209,-0.132,3,-0.978,-0.961,1,0,394,1,3.021,9.522
3810,0.000,-4.208,7.152,0.126,2.982,9.482,0.473,-17.414,-7.811,-0.005,3.530,9.164,0.412,0.134,0.000,0.209,-0.132,3,-0.978,-0.961,0,0,387,0,3.021,9.522
3811,0.000,-4.230,7.152,0.126,3.051,9.506,0.412,-17.458,-7.811,0.000,3.480,9.214,0.473,0.134,0.000,0.209,-0.132,3,-0.979,-0.961,0,0,372,0,2.930,9.430
3812,0.000,-4.274,7.152,0.137,3.028,9.530,0.534,-17.480,-7.811,0.000,3.504,9.197,0.351,0.134,0.000,0.209,-0.132,3,-0.978,-0.961,0,0,377,0,2.930,9.430
3813,0.000,-4.318,7.152,0.126,2.968,9.564,0.656,-17.523,-7.811,-0.005,3.530,9.178,0.168,0.134,0.000,0.209,-0.132,3,-0.979,-0.961,0,0,377,0,3.021,9.430
3814,0.000,-4.362,7.152,0.126,2.989,9.571,0.534,-17.545,-7.811,0.005,3.506,9.188,0.168,0.134,0.000,0.209,-0.132,3,-0.979,-0.959,0,0,371,1,3.021,9.522
3815,0.000,-4.384,7.152,0.115,3.016,9.576,0.412,-17.567,-7.811,0.000,3.509,9.183,0.168,0.134,0.000,0.209,-0.132,3,-0.978,-0.961,0,0,378,0,2.930,9.522
3816,0.000,-4.428,7.152,0.126,2.984,9.612,0.229,-17.611,-7.811,0.000,3.528,9.183,0.290,0.134,0.000,0.209,-0.132,3,-0.978,-0.962,0,0,385,0,2.930,9.522
3817,0.000,-4.472,7.152,0.104,2.989,9.602,0.137,-17.633,-7.811,0.005,3.494,9.209,0.320,0.134,0.000,0.209,-0.132,3,-0.978,-0.961,0,1,383,0,2.930,9.522
3818,0.000,-4.515,7.152,0.126,2.944,9.559,0.198,-17.655,-7.811,0.000,3.497,9.214,0.107,0.134,0.000,0.209,-0.132,3,-0.979,-0.961,0,0,386,3,2.930,9.522
3819,0.000,-4.559,7.152,0.115,3.001,9.559,0.076,-17.677,-7.811,0.000,3.511,9.159,0.015,0.134,0.000,0.209,-0.132,3,-0.978,-0.960,0,0,383,0,2.930,9.522
3820,0.000,-4.581,7.152,0.126,3.037,9.559,0.046,-17.721,-7.811,-0.005,3.511,9.140,0.015,0.134,0.000,0.209,-0.132,3,-0.978,-0.961,0,0,386,0,2.930,9.522
3821,0.000,-4.625,7.152,0.115,2.987,9.564,0.107,-17.743,-7.811,0.005,3.487,9.171,0.000,0.134,0.000,0.209,-0.132,3,-0.978,-0.962,1,0,384,0,2.930,9.522
3822,0.000,-4.647,7.152,0.137,2.925,9.542,0.046,-17.765,-7.811,0.005,3.482,9.140,0.000,0.134,0.000,0.209,-0.132,3,-0.979,-0.961,0,0,384,2,3.021,9.522
3823,0.000,-4.691,7.152,0.126,2.992,9.559,0.000,-17.787,-7.811,0.000,3.545,9.111,-0.015,0.134,0.000,0.209,-0.132,3,-0.978,-0.961,0,0,388,1,2.930,9.522
3824,0.000,-4.713,7.152,0.126,3.056,9.549,-0.137,-17.809,-7.811,0.000,3.549,9.147,-0.107,0.134,0.000,0.209,-0.132,3,-0.978,-0.961,0,0,383,0,2.838,9.522
3825,0.000,-4.757,7.152,0.126,2.980,9.514,-0.198,-17.831,-7.811,0.016,3.502,9.152,-0.168,0.134,0.000,0.209,-0.132,3,-0.977,-0.961,0,0,379,0,2.930,9.522
3826,0.000,-4.779,7.152,0.126,2.920,9.516,-0.168,-17.853,-7.811,0.000,3.468,9.135,-0.229,0.134,0.000,0.209,-0.132,3,-0.979,-0.960,0,0,373,1,3.021,9.522
3827,0.000,-4.823,7.152,0.137,3.004,9.552,-0.290,-17.875,-7.811,-0.005,3.490,9.142,-0.198,0.134,0.000,0.209,-0.132,3,-0.979,-0.961,0,1,375,1,2.930,9.430
3828,0.000,-4.845,7.152,0.126,3.061,9.528,-0.290,-17.897,-7.811,-0.005,3.549,9.130,-0.229,0.134,0.000,0.209,-0.132,3,-0.977,-0.961,0,0,371,1,2.838,9.430
3829,0.000,-4.867,7.152,0.126,2.968,9.482,-0.168,-17.919,-7.811,0.000,3.530,9.121,-0.229,0.134,0.000,0.209,-0.132,3,-0.979,-0.961,0,0,371,0,2.930,9.522
3830,0.000,-4.911,7.152,0.137,2.925,9.494,-0.381,-17.919,-7.811,0.000,3.480,9.147,-0.168,0.134,0.000,0.209,-0.132,3,-0.980,-0.961,0,1,374,1,3.021,9.522
3831,0.000,-4.933,7.152,0.126,2.968,9.504,-0.320,-17.941,-7.811,-0.005,3.511,9.123,-0.229,0.134,0.000,0.209,-0.132,3,-0.977,-0.963,0,0,374,0,2.930,9.430
3832,0.000,-4.955,7.152,0.115,2.965,9.494,-0.381,-17.963,-7.811,0.000,3.530,9.068,-0.443,0.134,0.000,0.209,-0.132,3,-0.977,-0.961,0,0,378,0,2.838,9.430
3833,0.000,-4.999,7.152,0.115,2.972,9.492,-0.534,-17.985,-7.811,0.000,3.492,9.097,-0.534,0.134,0.000,0.209,-0.132,3,-0.978,-0.962,0,0,382,2,2.930,9.430
3834,0.000,-5.021,7.152,0.104,3.020,9.509,-0.656,-18.007,-7.811,0.000,3.490,9.118,-0.565,0.134,0.000,0.209,-0.132,3,-0.980,-0.961,5,0,380,5,2.930,9.430
3835,0.000,-5.043,7.152,0.137,3.011,9.478,-0.717,-18.029,-7.811,0.005,3.511,9.095,-0.534,0.134,0.000,0.209,-0.132,3,-0.980,-0.961,0,4,381,0,2.930,9.430
3836,0.000,-5.065,7.152,0.115,2.996,9.442,-0.656,-18.029,-7.811,0.000,3.526,9.073,-0.504,0.134,0.000,0.209,-0.132,3,-0.978,-0.963,0,0,379,1,3.021,9.430
3837,0.000,-5.065,7.152,0.115,3.028,9.444,-0.534,-18.051,-7.811,0.000,3.573,9.078,-0.443,0.134,0.000,0.209,-0.132,3,-0.979,-0.961,0,0,379,0,2.930,9.430
3838,0.000,-5.087,7.152,0.126,3.073,9.487,-0.687,-18.051,-7.811,0.000,3.571,9.118,-0.534,0.134,0.000,0.209,-0.132,3,-0.978,-0.960,1,0,377,0,2.930,9.430
3839,0.000,-5.109,7.152,0.126,3.085,9.492,-0.809,-18.073,-7.811,0.005,3.549,9.159,-0.687,0.134,0.000,0.209,-0.132,3,-0.979,-0.961,1,0,378,0,3.021,9.430
3840,0.000,-5.109,7.152,0.137,3.104,9.473,-0.870,-18.073,-7.811,0.000,3.554,9.164,-0.778,0.134,0.000,0.209,-0.132,3,-0.979,-0.961,0,2,379,0,3.021,9.430
3841,0.000,-5.131,7.152,0.115,3.104,9.499,-0.778,-18.095,-7.811,0.005,3.607,9.159,-0.778,0.134,0.000,0.209,-0.132,3,-0.979,-0.962,0,0,378,0,3.021,9.430
3842,0.000,-5.131,7.152,0.126,3.092,9.492,-0.687,-18.095,-7.811,-0.005,3.650,9.140,-0.748,0.134,0.000,0.209,-0.132,3,-0.979,-0.961,0,3,379,0,3.021,9.430
3843,0.000,-5.153,7.152,0.115,3.099,9.478,-0.687,-18.095,-7.811,0.000,3.609,9.135,-0.778,0.134,0.000,0.209,-0.132,3,-0.977,-0.960,0,0,376,0,3.021,9.430
3844,0.000,-5.153,7.152,0.126,3.157,9.506,-0.870,-18.095,-7.811,0.000,3.619,9.138,-0.687,0.134,0.000,0.209,-0.132,3,-0.977,-0.961,0,0,377,0,3.021,9.430
3845,0.000,-5.153,7.152,0.137,3.186,9.521,-0.809,-18.095,-7.811,0.000,3.643,9.138,-0.839,0.134,0.000,0.209,-0.132,3,-0.979,-0.962,0,0,376,0,3.021,9.430
3846,0.000,-5.153,7.152,0.148,3.150,9.494,-0.717,-18.095,-7.811,0.016,3.672,9.142,-0.748,0.134,0.000,0.209,-0.132,3,-0.979,-0.961,2,0,374,1,3.113,9.430
3847,0.000,-5.175,7.152,0.137,3.219,9.478,-0.717,-18.095,-7.811,0.005,3.719,9.133,-0.595,0.134,0.000,0.209,-0.132,3,-0.979,-0.962,0,1,380,0,3.113,9.522
3848,0.000,-5.153,7.152,0.137,3.231,9.480,-0.839,-18.095,-7.811,0.005,3.696,9.150,-0.656,0.134,0.000,0.209,-0.132,3,-0.979,-0.961,0,0,378,0,3.113,9.430
3849,0.000,-5.153,7.152,0.137,3.176,9.461,-0.900,-18.095,-7.811,0.000,3.664,9.138,-0.870,0.134,0.000,0.209,-0.132,3,-0.979,-0.961,0,0,376,0,3.204,9.430
3850,0.000,-5.153,7.152,0.115,3.241,9.492,-0.778,-18.095,-7.811,0.000,3.676,9.135,-0.839,0.134,0.000,0.209,-0.132,3,-0.979,-0.961,0,0,371,0,3.204,9.430
3851,0.000,-5.153,7.152,0.115,3.298,9.485,-0.839,-18.095,-7.811,0.005,3.717,9.128,-0.748,0.134,0.000,0.209,-0.132,3,-0.979,-0.961,0,0,383,0,3.113,9.430
3852,0.000,-5.131,7.152,0.126,3.293,9.463,-0.870,-18.095,-7.811,0.005,3.741,9.095,-0.717,0.134,0.000,0.209,-0.132,3,-0.979,-0.961,0,0,383,0,3.204,9.430
3853,0.000,-5.131,7.152,0.115,3.291,9.499,-0.900,-18.073,-7.811,-0.005,3.775,9.121,-0.717,0.134,0.000,0.209,-0.132,3,-0.979,-0.960,0,0,382,0,3.296,9.430
3854,0.000,-5.131,7.152,0.093,3.284,9.504,-0.839,-18.073,-7.811,-0.005,3.722,9.145,-0.870,0.134,0.000,0.209,-0.132,3,-0.978,-0.961,0,0,380,0,3.204,9.430
3855,0.000,-5.109,7.152,0.115,3.288,9.454,-0.778,-18.051,-7.811,0.000,3.770,9.118,-0.961,0.134,0.000,0.209,-0.132,3,-0.979,-0.962,0,0,385,0,3.204,9.430
3856,0.000,-5.109,7.152,0.126,3.315,9.442,-0.809,-18.051,-7.811,0.016,3.751,9.104,-0.900,0.134,0.000,0.209,-0.132,3,-0.978,-0.961,0,1,381,0,3.204,9.430
3857,0.000,-5.087,7.152,0.126,3.322,9.482,-0.931,-18.051,-7.811,0.000,3.727,9.109,-0.748,0.134,0.000,0.209,-0.132,3,-0.979,-0.961,0,0,387,2,3.204,9.430
3858,0.000,-5.087,7.152,0.126,3.403,9.482,-0.961,-18.029,-7.811,0.000,3.722,9.111,-0.870,0.134,0.000,0.209,-0.132,3,-0.980,-0.962,3,0,388,3,3.296,9.430
3859,0.000,-5.065,7.152,0.126,3.432,9.439,-0.931,-18.029,-7.811,0.005,3.731,9.140,-0.839,0.134,0.000,0.209,-0.132,3,-0.978,-0.961,0,0,379,0,3.296,9.430
3860,0.000,-5.043,7.152,0.104,3.367,9.418,-0.870,-18.029,-7.811,0.000,3.777,9.121,-0.809,0.134,0.000,0.209,-0.132,3,-0.979,-0.963,1,0,379,0,3.388,9.430
3861,0.000,-5.021,7.152,0.115,3.377,9.394,-0.809,-18.007,-7.811,0.000,3.798,9.092,-0.900,0.134,0.000,0.209,-0.132,3,-0.979,-0.961,0,0,376,2,3.388,9.430
3862,0.000,-4.999,7.152,0.137,3.418,9.351,-0.748,-17.985,-7.811,-0.005,3.813,9.056,-0.839,0.134,0.000,0.209,-0.132,3,-0.979,-0.961,0,0,379,0,3.296,9.339
3863,0.000,-4.977,7.152,0.126,3.372,9.353,-0.839,-17.985,-7.811,0.005,3.846,9.027,-0.870,0.134,0.000,0.209,-0.132,3,-0.979,-0.962,1,0,379,0,3.296,9.339
3864,0.000,-4.955,7.152,0.126,3.403,9.391,-0.839,-17.963,-7.811,-0.005,3.844,9.035,-0.931,0.134,0.000,0.209,-0.132,3,-0.978,-0.961,0,0,375,0,3.388,9.339
3865,0.000,-4.933,7.152,0.126,3.473,9.389,-0.961,-17.941,-7.811,0.000,3.865,9.054,-0.809,0.134,0.000,0.209,-0.132,3,-0.979,-0.961,0,0,357,1,3.296,9.339
3866,0.000,-4.911,7.152,0.115,3.451,9.327,-0.931,-17.919,-7.811,-0.005,3.885,9.051,-0.839,0.134,0.000,0.209,-0.132,3,-0.978,-0.961,0,0,363,1,3.388,9.339
3867,0.000,-4.867,7.152,0.115,3.514,9.344,-0.778,-17.897,-7.811,0.016,3.882,9.051,-0.809,0.134,0.000,0.209,-0.132,3,-0.978,-0.962,0,0,356,1,3.388,9.339
3868,0.000,-4.845,7.152,0.115,3.542,9.406,-0.565,-17.875,-7.811,0.000,3.844,9.078,-0.778,0.134,0.000,0.209,-0.132,3,-0.978,-0.961,2,0,344,1,3.388,9.247
3869,0.000,-4.823,7.152,0.126,3.480,9.406,-0.595,-17.853,-7.811,0.000,3.818,9.092,-0.778,0.134,0.000,0.209,-0.132,3,-0.977,-0.962,0,0,344,0,3.479,9.339
3870,0.000,-4.779,7.152,0.137,3.468,9.351,-0.839,-17.831,-7.811,0.000,3.899,9.085,-0.687,0.134,0.000,0.209,-0.132,3,-0.980,-0.961,1,0,345,0,3.479,9.339
3871,0.000,-4.757,7.152,0.115,3.540,9.320,-0.870,-17.809,-7.811,0.000,3.983,9.063,-0.656,0.134,0.000,0.209,-0.132,3,-0.978,-0.961,0,0,344,0,3.479,9.339
3872,0.000,-4.713,7.152,0.115,3.566,9.327,-0.595,-17.787,-7.811,0.005,3.973,9.090,-0.778,0.134,0.000,0.209,-0.132,3,-0.981,-0.962,0,0,343,4,3.388,9.339
3873,0.000,-4.691,7.152,0.104,3.542,9.341,-0.473,-17.765,-7.811,0.005,3.928,9.116,-0.717,0.134,0.000,0.209,-0.132,3,-0.981,-0.961,5,0,336,3,3.479,9.247
3874,0.000,-4.669,7.152,0.126,3.514,9.324,-0.534,-17.743,-7.811,0.000,3.947,9.114,-0.748,0.134,0.000,0.209,-0.132,3,-0.980,-0.962,0,3,340,0,3.479,9.247
3875,0.000,-4.625,7.152,0.126,3.547,9.320,-0.656,-17.721,-7.811,0.016,3.995,9.133,-0.687,0.134,0.000,0.209,-0.132,3,-0.979,-0.963,1,0,340,1,3.479,9.339
3876,0.000,-4.603,7.152,0.137,3.684,9.322,-0.595,-17.699,-7.811,0.000,3.997,9.104,-0.412,0.134,0.000,0.209,-0.132,3,-0.979,-0.961,0,0,341,1,3.479,9.247
3877,0.000,-4.559,7.152,0.115,3.657,9.272,-0.504,-17.655,-7.811,0.000,3.983,9.126,-0.473,0.134,0.000,0.209,-0.132,3,-0.979,-0.960,1,0,329,1,3.479,9.247
3878,0.000,-4.515,7.152,0.115,3.569,9.281,-0.504,-17.633,-7.811,0.005,4.035,9.176,-0.656,0.134,0.000,0.209,-0.132,3,-0.979,-0.961,2,0,328,0,3.662,9.247
3879,0.000,-4.472,7.152,0.126,3.595,9.336,-0.412,-17.611,-7.811,0.000,4.059,9.147,-0.565,0.134,0.000,0.209,-0.132,3,-0.980,-0.961,0,0,328,1,3.571,9.247
3880,0.000,-4.450,7.152,0.126,3.638,9.272,-0.473,-17.589,-7.811,0.000,4.026,9.130,-0.565,0.134,0.000,0.209,-0.132,3,-0.980,-0.961,0,0,324,0,3.479,9.247
3881,0.000,-4.406,7.152,0.115,3.626,9.224,-0.412,-17.545,-7.811,-0.016,4.091,9.169,-0.351,0.134,0.000,0.209,-0.132,3,-0.979,-0.962,0,4,325,0,3.571,9.247
3882,0.000,-4.362,7.152,0.126,3.652,9.296,-0.198,-17.523,-7.811,-0.005,4.107,9.157,-0.259,0.134,0.000,0.209,-0.132,3,-0.978,-0.960,0,0,324,0,3.571,9.247
3883,0.000,-4.340,7.152,0.126,3.600,9.286,-0.229,-17.501,-7.811,0.000,4.045,9.147,-0.259,0.134,0.000,0.209,-0.132,3,-0.978,-0.962,0,0,325,0,3.571,9.155
3884,0.000,-4.296,7.152,0.137,3.660,9.243,-0.320,-17.458,-7.811,0.000,4.071,9.169,-0.381,0.134,0.000,0.209,-0.132,3,-0.979,-0.962,0,0,323,0,3.571,9.247
3885,0.000,-4.252,7.152,0.104,3.734,9.212,-0.290,-17.436,-7.811,-0.005,4.098,9.152,-0.259,0.134,0.000,0.209,-0.132,3,-0.979,-0.961,2,0,322,1,3.571,9.247
3886,0.000,-4.208,7.152,0.137,3.676,9.214,-0.290,-17.414,-7.811,-0.005,4.050,9.150,-0.290,0.134,0.000,0.209,-0.132,3,-0.979,-0.962,0,1,319,0,3.571,9.155
3887,0.000,-4.164,7.152,0.115,3.638,9.217,-0.198,-17.392,-7.811,0.016,4.081,9.128,-0.168,0.134,0.000,0.209,-0.132,3,-0.979,-0.961,0,0,321,0,3.662,9.155
3888,0.000,-4.142,7.152,0.115,3.614,9.200,-0.046,-17.348,-7.811,0.016,4.100,9.135,-0.168,0.134,0.000,0.209,-0.132,3,-0.979,-0.962,0,0,317,0,3.662,9.155
3889,0.000,-4.098,7.152,0.115,3.640,9.219,-0.137,-17.326,-7.811,0.000,4.059,9.152,-0.107,0.134,0.000,0.209,-0.132,3,-0.979,-0.963,0,0,322,0,3.571,9.155
3890,0.000,-4.076,7.152,0.115,3.650,9.212,-0.015,-17.304,-7.811,0.000,4.086,9.116,-0.076,0.134,0.000,0.209,-0.132,3,-0.979,-0.961,0,0,321,0,3.571,9.155
3891,0.000,-4.032,7.152,0.137,3.667,9.197,-0.046,-17.282,-7.811,0.000,4.126,9.092,0.046,0.134,0.000,0.209,-0.132,3,-0.979,-0.961,0,0,320,0,3.571,9.155
3892,0.000,-3.988,7.152,0.126,3.707,9.202,-0.046,-17.238,-7.811,0.000,4.122,9.106,0.000,0.134,0.000,0.209,-0.132,3,-0.979,-0.959,0,0,315,1,3.571,9.155
3893,0.000,-3.966,7.152,0.137,3.693,9.233,0.076,-17.216,-7.811,0.000,4.074,9.128,0.000,0.134,0.000,0.209,-0.132,3,-0.979,-0.961,0,0,313,1,3.662,9.155
3894,0.000,-3.922,7.152,0.104,3.676,9.245,0.076,-17.194,-7.811,0.005,4.045,9.152,0.046,0.134,0.000,0.209,-0.132,3,-0.979,-0.961,0,0,318,0,3.662,9.155
3895,0.000,-3.878,7.152,0.126,3.710,9.207,0.000,-17.172,-7.811,0.000,4.069,9.140,0.198,0.134,0.000,0.209,-0.132,3,-0.979,-0.961,0,1,319,0,3.662,9.155
3896,0.000,-3.856,7.152,0.126,3.684,9.150,0.107,-17.150,-7.811,0.000,4.079,9.145,0.229,0.134,0.000,0.209,-0.132,3,-0.979,-0.961,0,2,319,0,3.662,9.155
3897,0.000,-3.812,7.152,0.115,3.624,9.162,0.137,-17.128,-7.811,0.005,4.076,9.147,0.229,0.134,0.000,0.209,-0.132,3,-0.979,-0.960,1,0,317,0,3.662,9.155
3898,0.000,-3.790,7.152,0.115,3.640,9.217,0.137,-17.106,-7.811,0.027,4.131,9.152,0.229,0.134,0.000,0.209,-0.132,3,-0.979,-0.961,0,1,316,0,3.662,9.064
3899,0.000,-3.768,7.152,0.126,3.633,9.233,0.107,-17.084,-7.811,0.000,4.052,9.142,0.259,0.134,0.000,0.209,-0.132,3,-0.980,-0.960,1,0,316,2,3.571,9.155
3900,0.000,-3.746,7.152,0.126,3.595,9.221,0.259,-17.062,-7.811,-0.005,4.014,9.114,0.320,0.134,0.000,0.209,-0.132,3,-0.979,-0.961,0,0,312,1,3.571,9.155
3901,0.000,-3.702,7.152,0.137,3.619,9.188,0.381,-17.062,-7.811,-0.005,4.019,9.147,0.351,0.134,0.000,0.209,-0.132,3,-0.979,-0.961,0,0,316,0,3.571,9.155
3902,0.000,-3.680,7.152,0.137,3.612,9.164,0.381,-17.040,-7.811,0.000,4.057,9.150,0.381,0.134,0.000,0.209,-0.132,3,-0.979,-0.961,0,0,315,0,3.571,9.155
3903,0.000,-3.659,7.152,0.137,3.566,9.157,0.290,-17.018,-7.811,0.000,4.067,9.121,0.473,0.134,0.000,0.209,-0.132,3,-0.978,-0.961,0,0,311,0,3.571,9.155
3904,0.000,-3.637,7.152,0.137,3.607,9.200,0.320,-16.996,-7.811,0.000,4.052,9.118,0.412,0.134,0.000,0.209,-0.132,3,-0.979,-0.960,1,0,310,2,3.571,9.155
3905,0.000,-3.615,7.152,0.115,3.633,9.190,0.320,-16.974,-7.811,0.000,4.031,9.133,0.381,0.134,0.000,0.209,-0.132,3,-0.980,-0.961,0,1,311,3,3.479,9.155
3906,0.000,-3.593,7.152,0.126,3.588,9.195,0.412,-16.974,-7.811,0.000,3.980,9.130,0.381,0.134,0.000,0.209,-0.132,3,-0.979,-0.962,0,0,311,1,3.571,9.155
3907,0.000,-3.571,7.152,0.115,3.569,9.238,0.443,-16.952,-7.811,0.000,4.040,9.157,0.534,0.134,0.000,0.209,-0.132,3,-0.981,-0.961,1,0,312,1,3.571,9.155
3908,0.000,-3.571,7.152,0.126,3.569,9.250,0.504,-16.952,-7.811,0.005,4.062,9.205,0.595,0.134,0.000,0.209,-0.132,3,-0.982,-0.961,0,2,311,1,3.571,9.155
3909,0.000,-3.549,7.152,0.126,3.581,9.286,0.565,-16.930,-7.811,0.005,3.995,9.176,0.534,0.134,0.000,0.209,-0.132,3,-0.980,-0.960,0,0,312,3,3.479,9.155
3910,0.000,-3.527,7.152,0.104,3.566,9.272,0.473,-16.930,-7.811,0.016,3.976,9.178,0.473,0.134,0.000,0.209,-0.132,3,-0.978,-0.961,0,0,312,0,3.479,9.247
3911,0.000,-3.527,7.152,0.115,3.566,9.296,0.473,-16.908,-7.811,0.005,4.050,9.178,0.504,0.134,0.000,0.209,-0.132,3,-0.982,-0.961,0,0,310,3,3.571,9.247
3912,0.000,-3.505,7.152,0.115,3.576,9.310,0.565,-16.908,-7.811,0.005,4.081,9.157,0.534,0.134,0.000,0.209,-0.132,3,-0.982,-0.961,4,0,310,3,3.479,9.247
3913,0.000,-3.505,7.152,0.126,3.509,9.303,0.565,-16.886,-7.811,-0.005,3.925,9.183,0.595,0.134,0.000,0.209,-0.132,3,-0.979,-0.962,0,0,312,0,3.479,9.247
3914,0.000,-3.505,7.152,0.126,3.499,9.300,0.595,-16.908,-7.811,0.000,3.877,9.183,0.687,0.134,0.000,0.209,-0.132,3,-0.979,-0.963,1,0,311,1,3.571,9.247
3915,0.000,-3.483,7.152,0.115,3.506,9.265,0.717,-16.886,-7.811,-0.016,3.971,9.166,0.687,0.134,0.000,0.209,-0.132,3,-0.979,-0.961,0,2,312,1,3.479,9.247
3916,0.000,-3.483,7.152,0.115,3.540,9.269,0.809,-16.886,-7.811,-0.005,3.966,9.176,0.778,0.134,0.000,0.209,-0.132,3,-0.979,-0.961,1,0,309,0,3.479,9.247
3917,0.000,-3.461,7.152,0.115,3.552,9.255,0.595,-16.886,-7.811,0.000,3.959,9.176,0.778,0.134,0.000,0.209,-0.132,3,-0.979,-0.961,2,0,307,0,3.479,9.247
3918,0.000,-3.461,7.152,0.115,3.521,9.286,0.656,-16.886,-7.811,0.005,3.976,9.176,0.656,0.134,0.000,0.209,-0.132,3,-0.980,-0.961,0,0,307,0,3.479,9.247
3919,0.000,-3.461,7.152,0.126,3.468,9.308,0.778,-16.886,-7.811,0.000,3.940,9.190,0.656,0.134,0.000,0.209,-0.132,3,-0.979,-0.961,3,0,304,1,3.479,9.247
3920,0.000,-3.461,7.152,0.126,3.427,9.298,0.870,-16.886,-7.811,0.000,3.892,9.164,0.656,0.134,0.000,0.209,-0.132,3,-0.979,-0.961,0,3,307,0,3.479,9.247
3921,0.000,-3.461,7.152,0.126,3.490,9.334,0.778,-16.886,-7.811,-0.016,3.928,9.174,0.626,0.134,0.000,0.209,-0.132,3,-0.977,-0.962,0,0,299,0,3.388,9.247
3922,0.000,-3.461,7.152,0.126,3.485,9.315,0.748,-16.886,-7.811,-0.005,3.971,9.219,0.626,0.134,0.000,0.209,-0.132,3,-0.979,-0.961,0,0,297,0,3.388,9.247
3923,0.000,-3.461,7.152,0.126,3.394,9.305,0.778,-16.886,-7.811,-0.005,3.889,9.224,0.748,0.134,0.000,0.209,-0.132,3,-0.979,-0.962,0,0,298,0,3.479,9.247
3924,0.000,-3.461,7.152,0.126,3.341,9.348,0.870,-16.886,-7.811,-0.005,3.887,9.202,0.839,0.134,0.000,0.209,-0.132,3,-0.979,-0.962,3,0,298,0,3.479,9.247
3925,0.000,-3.483,7.152,0.126,3.365,9.387,0.931,-16.886,-7.811,0.000,3.882,9.202,0.870,0.134,0.000,0.209,-0.132,3,-0.979,-0.961,0,1,298,0,3.388,9.247
3926,0.000,-3.505,7.152,0.115,3.384,9.353,0.870,-16.908,-7.811,-0.016,3.818,9.205,0.809,0.134,0.000,0.209,-0.132,3,-0.979,-0.960,0,0,293,0,3.296,9.339
3927,0.000,-3.505,7.152,0.126,3.367,9.329,0.931,-16.908,-7.811,0.000,3.806,9.154,0.900,0.134,0.000,0.209,-0.132,3,-0.979,-0.961,0,0,292,0,3.296,9.339
3928,0.000,-3.527,7.152,0.126,3.367,9.365,0.961,-16.930,-7.811,0.000,3.782,9.130,0.748,0.134,0.000,0.209,-0.132,3,-0.980,-0.961,0,0,294,0,3.296,9.339
3929,0.000,-3.527,7.152,0.126,3.320,9.365,0.961,-16.930,-7.811,-0.005,3.808,9.159,0.717,0.134,0.000,0.209,-0.132,3,-0.979,-0.961,4,0,293,0,3.296,9.247
3930,0.000,-3.549,7.152,0.137,3.277,9.346,0.900,-16.952,-7.811,0.005,3.856,9.183,0.717,0.134,0.000,0.209,-0.132,3,-0.980,-0.961,0,1,295,0,3.296,9.339
3931,0.000,-3.571,7.152,0.115,3.298,9.348,0.961,-16.952,-7.811,0.000,3.803,9.142,0.717,0.134,0.000,0.209,-0.132,3,-0.980,-0.959,0,0,291,1,3.296,9.339
3932,0.000,-3.593,7.152,0.115,3.274,9.358,0.900,-16.952,-7.811,0.005,3.739,9.118,0.778,0.134,0.000,0.209,-0.132,3,-0.979,-0.961,0,0,290,0,3.204,9.339
3933,0.000,-3.615,7.152,0.115,3.221,9.336,0.900,-16.974,-7.811,0.000,3.765,9.147,0.717,0.134,0.000,0.209,-0.132,3,-0.979,-0.961,1,0,296,0,3.296,9.339
3934,0.000,-3.637,7.152,0.126,3.212,9.355,1.022,-16.974,-7.811,-0.005,3.810,9.126,0.626,0.134,0.000,0.209,-0.132,3,-0.979,-0.961,0,1,296,0,3.204,9.339
3935,0.000,-3.659,7.152,0.126,3.272,9.401,1.022,-16.996,-7.811,0.005,3.775,9.121,0.687,0.134,0.000,0.209,-0.132,3,-0.980,-0.960,0,1,296,1,3.204,9.247
3936,0.000,-3.680,7.152,0.137,3.243,9.401,0.961,-17.018,-7.811,0.000,3.722,9.176,0.809,0.134,0.000,0.209,-0.132,3,-0.980,-0.960,0,0,295,0,3.204,9.339
3937,0.000,-3.702,7.152,0.115,3.171,9.406,0.748,-17.018,-7.811,-0.016,3.727,9.150,0.778,0.134,0.000,0.209,-0.132,3,-0.979,-0.961,0,0,296,0,3.204,9.339
3938,0.000,-3.724,7.152,0.126,3.181,9.396,0.748,-17.040,-7.811,0.000,3.684,9.111,0.748,0.134,0.000,0.209,-0.132,3,-0.979,-0.962,0,0,294,0,3.204,9.339
3939,0.000,-3.746,7.152,0.115,3.181,9.375,0.839,-17.062,-7.811,-0.005,3.674,9.135,0.656,0.134,0.000,0.209,-0.132,3,-0.979,-0.961,0,0,299,0,3.113,9.339
3940,0.000,-3.768,7.152,0.126,3.171,9.403,0.809,-17.084,-7.811,-0.005,3.707,9.102,0.626,0.134,0.000,0.209,-0.132,3,-0.979,-0.961,0,0,299,0,3.113,9.339
3941,0.000,-3.812,7.152,0.148,3.138,9.425,0.839,-17.106,-7.811,0.000,3.614,9.159,0.626,0.134,0.000,0.209,-0.132,3,-0.979,-0.961,0,0,299,0,3.113,9.339
3942,0.000,-3.834,7.152,0.126,3.135,9.396,0.717,-17.128,-7.811,0.000,3.640,9.142,0.656,0.134,0.000,0.209,-0.132,3,-0.978,-0.961,0,0,295,0,3.113,9.339
3943,0.000,-3.878,7.152,0.115,3.111,9.348,0.656,-17.150,-7.811,0.000,3.633,9.102,0.687,0.134,0.000,0.209,-0.132,3,-0.979,-0.960,0,0,296,1,3.113,9.339
3944,0.000,-3.900,7.152,0.137,3.090,9.396,0.687,-17.172,-7.811,0.005,3.626,9.085,0.656,0.134,0.000,0.209,-0.132,3,-0.979,-0.961,0,1,296,1,3.113,9.339
3945,0.000,-3.922,7.152,0.115,3.186,9.482,0.778,-17.194,-7.811,0.000,3.664,9.126,0.565,0.134,0.000,0.209,-0.132,3,-0.979,-0.961,0,0,295,0,3.021,9.339
3946,0.000,-3.966,7.152,0.126,3.159,9.461,0.717,-17.216,-7.811,0.005,3.640,9.147,0.443,0.134,0.000,0.209,-0.132,3,-0.982,-0.961,1,0,293,1,3.021,9.339
3947,0.000,-3.988,7.152,0.126,3.078,9.466,0.717,-17.238,-7.811,0.005,3.600,9.130,0.565,0.134,0.000,0.209,-0.132,3,-0.980,-0.961,0,0,294,0,3.113,9.430
3948,0.000,-4.032,7.152,0.115,3.059,9.470,0.595,-17.260,-7.811,0.005,3.612,9.130,0.595,0.134,0.000,0.209,-0.132,3,-0.978,-0.962,0,0,294,0,3.113,9.430
3949,0.000,-4.054,7.152,0.115,3.056,9.506,0.656,-17.282,-7.811,0.005,3.616,9.164,0.534,0.134,0.000,0.209,-0.132,3,-0.982,-0.961,0,0,292,3,3.021,9.430
3950,0.000,-4.098,7.152,0.115,3.063,9.552,0.778,-17.304,-7.811,0.000,3.621,9.197,0.412,0.134,0.000,0.209,-0.132,3,-0.981,-0.961,0,0,293,3,3.021,9.430
3951,0.000,-4.142,7.152,0.137,3.080,9.552,0.717,-17.326,-7.811,0.000,3.628,9.214,0.351,0.134,0.000,0.209,-0.132,3,-0.980,-0.961,3,0,293,1,3.021,9.430
3952,0.000,-4.164,7.152,0.115,3.023,9.518,0.565,-17.348,-7.811,0.005,3.597,9.245,0.259,0.134,0.000,0.209,-0.132,3,-0.979,-0.961,0,0,294,0,3.021,9.522
3953,0.000,-4.208,7.152,0.115,3.030,9.518,0.534,-17.370,-7.811,-0.005,3.581,9.245,0.198,0.134,0.000,0.209,-0.132,3,-0.979,-0.962,0,0,293,1,3.021,9.522
3954,0.000,-4.252,7.152,0.126,3.075,9.552,0.473,-17.392,-7.811,-0.005,3.609,9.195,0.198,0.134,0.000,0.209,-0.132,3,-0.979,-0.961,0,2,295,0,3.021,9.430
3955,0.000,-4.274,7.152,0.115,3.054,9.593,0.320,-17.414,-7.811,0.000,3.576,9.190,0.351,0.134,0.000,0.209,-0.132,3,-0.979,-0.962,0,0,291,0,3.021,9.430
3956,0.000,-4.318,7.152,0.126,3.006,9.569,0.320,-17.436,-7.811,0.005,3.569,9.233,0.381,0.134,0.000,0.209,-0.132,3,-0.980,-0.961,2,0,290,0,3.021,9.522
3957,0.000,-4.362,7.152,0.115,2.977,9.545,0.229,-17.480,-7.811,-0.005,3.583,9.250,0.290,0.134,0.000,0.209,-0.132,3,-0.981,-0.960,0,0,290,1,3.021,9.522
3958,0.000,-4.406,7.152,0.115,2.989,9.535,0.229,-17.501,-7.811,0.005,3.542,9.219,0.137,0.134,0.000,0.209,-0.132,3,-0.981,-0.961,0,0,289,0,2.930,9.522
3959,0.000,-4.428,7.152,0.126,3.020,9.480,0.412,-17.523,-7.811,0.000,3.535,9.183,0.137,0.134,0.000,0.209,-0.132,3,-0.979,-0.961,0,0,292,0,2.930,9.522
3960,0.000,-4.472,7.152,0.115,3.051,9.511,0.473,-17.545,-7.811,0.000,3.585,9.183,0.229,0.134,0.000,0.209,-0.132,3,-0.978,-0.960,0,0,289,0,2.930,9.522
3961,0.000,-4.493,7.152,0.126,3.023,9.590,0.198,-17.567,-7.811,0.000,3.595,9.209,0.107,0.134,0.000,0.209,-0.132,3,-0.980,-0.961,0,0,287,0,3.021,9.430
3962,0.000,-4.537,7.152,0.137,3.006,9.576,0.137,-17.589,-7.811,0.000,3.549,9.178,0.015,0.134,0.000,0.209,-0.132,3,-0.980,-0.961,0,0,286,0,3.021,9.430
3963,0.000,-4.559,7.152,0.137,3.080,9.523,0.046,-17.611,-7.811,0.000,3.535,9.130,0.015,0.134,0.000,0.209,-0.132,3,-0.979,-0.961,1,0,287,0,3.021,9.522
3964,0.000,-4.581,7.152,0.126,3.059,9.516,0.046,-17.633,-7.811,0.016,3.535,9.130,0.107,0.134,0.000,0.209,-0.132,3,-0.979,-0.961,0,1,287,0,2.930,9.522
3965,0.000,-4.625,7.152,0.137,2.992,9.533,0.046,-17.655,-7.811,-0.005,3.516,9.118,0.107,0.134,0.000,0.209,-0.132,3,-0.980,-0.960,0,0,283,0,3.021,9.522
3966,0.000,-4.647,7.152,0.126,2.960,9.537,0.000,-17.677,-7.811,0.000,3.537,9.118,0.107,0.134,0.000,0.209,-0.132,3,-0.980,-0.961,0,0,279,0,3.021,9.430
3967,0.000,-4.691,7.152,0.115,2.975,9.545,0.000,-17.699,-7.811,0.005,3.569,9.106,0.015,0.134,0.000,0.209,-0.132,3,-0.980,-0.961,0,0,280,0,2.930,9.522
3968,0.000,-4.713,7.152,0.126,3.037,9.525,-0.076,-17.721,-7.811,0.000,3.530,9.078,-0.046,0.134,0.000,0.209,-0.132,3,-0.980,-0.960,0,0,285,0,2.930,9.522
3969,0.000,-4.735,7.152,0.115,3.030,9.499,-0.259,-17.743,-7.811,0.000,3.487,9.066,-0.107,0.134,0.000,0.209,-0.132,3,-0.980,-0.961,0,5,270,0,2.930,9.522
3970,0.000,-4.779,7.152,0.115,3.025,9.492,-0.107,-17.765,-7.811,0.000,3.473,9.068,-0.259,0.134,0.000,0.209,-0.132,3,-0.980,-0.958,0,0,275,1,3.021,9.522
3971,0.000,-4.801,7.152,0.126,3.087,9.473,-0.076,-17.787,-7.811,-0.005,3.518,9.083,-0.412,0.134,0.000,0.209,-0.132,3,-0.979,-0.960,0,0,276,0,3.021,9.430
3972,0.000,-4.801,7.152,0.115,3.107,9.490,-0.168,-17.809,-7.811,0.005,3.557,9.075,-0.443,0.134,0.000,0.209,-0.132,3,-0.979,-0.961,1,0,277,0,3.021,9.430
3973,0.000,-4.823,7.152,0.115,3.075,9.511,-0.320,-17.809,-7.811,0.000,3.535,9.047,-0.381,0.134,0.000,0.209,-0.132,3,-0.979,-0.961,0,1,271,0,3.021,9.430
3974,0.000,-4.845,7.152,0.115,3.035,9.490,-0.504,-17.831,-7.811,0.000,3.497,9.054,-0.443,0.134,0.000,0.209,-0.132,3,-0.980,-0.960,0,0,274,2,3.021,9.430
3975,0.000,-4.867,7.152,0.115,3.025,9.511,-0.351,-17.853,-7.811,0.000,3.504,9.071,-0.443,0.134,0.000,0.209,-0.132,3,-0.979,-0.959,0,0,271,0,3.021,9.430
3976,0.000,-4.889,7.152,0.126,3.061,9.533,-0.198,-17.875,-7.811,0.000,3.514,9.073,-0.412,0.134,0.000,0.209,-0.132,3,-0.979,-0.961,0,0,268,0,3.021,9.430
3977,0.000,-4.911,7.152,0.115,3.051,9.535,-0.320,-17.897,-7.811,0.005,3.487,9.056,-0.443,0.134,0.000,0.209,-0.132,3,-0.980,-0.961,1,0,267,0,3.021,9.430
3978,0.000,-4.933,7.152,0.126,3.059,9.557,-0.534,-17.919,-7.811,0.000,3.494,9.051,-0.320,0.134,0.000,0.209,-0.132,3,-0.980,-0.960,0,0,264,2,3.021,9.522
3979,0.000,-4.955,7.152,0.137,3.114,9.561,-0.534,-17.919,-7.811,0.000,3.530,9.061,-0.412,0.134,0.000,0.209,-0.132,3,-0.980,-0.961,0,0,267,0,3.021,9.522
3980,0.000,-4.977,7.152,0.126,3.085,9.540,-0.473,-17.941,-7.811,0.005,3.545,9.075,-0.534,0.134,0.000,0.209,-0.132,3,-0.979,-0.960,0,0,267,0,3.021,9.522
3981,0.000,-4.999,7.152,0.126,3.095,9.521,-0.473,-17.963,-7.811,-0.005,3.518,9.109,-0.626,0.134,0.000,0.209,-0.132,3,-0.979,-0.960,0,0,267,0,3.113,9.522
3982,0.000,-4.999,7.152,0.126,3.130,9.514,-0.565,-17.963,-7.811,0.005,3.552,9.126,-0.717,0.134,0.000,0.209,-0.132,3,-0.980,-0.960,0,0,265,2,3.021,9.522
3983,0.000,-5.021,7.152,0.126,3.107,9.504,-0.504,-17.985,-7.811,0.000,3.616,9.111,-0.809,0.134,0.000,0.209,-0.132,3,-0.980,-0.960,0,0,264,2,3.021,9.522
3984,0.000,-5.021,7.152,0.126,3.068,9.473,-0.565,-17.985,-7.811,-0.005,3.605,9.078,-0.717,0.134,0.000,0.209,-0.132,3,-0.979,-0.960,0,0,263,1,3.113,9.430
3985,0.000,-5.043,7.152,0.126,3.140,9.494,-0.656,-17.985,-7.811,0.000,3.619,9.104,-0.595,0.134,0.000,0.209,-0.132,3,-0.982,-0.960,1,0,261,1,3.021,9.430
3986,0.000,-5.043,7.152,0.126,3.178,9.506,-0.534,-18.007,-7.811,-0.005,3.633,9.152,-0.687,0.134,0.000,0.209,-0.132,3,-0.979,-0.960,0,0,260,0,3.021,9.430
3987,0.000,-5.065,7.152,0.104,3.126,9.502,-0.626,-18.007,-7.811,0.000,3.679,9.166,-0.687,0.134,0.000,0.209,-0.132,3,-0.980,-0.961,0,0,259,0,3.113,9.430
3988,0.000,-5.065,7.152,0.115,3.166,9.470,-0.748,-18.007,-7.811,0.000,3.707,9.157,-0.687,0.134,0.000,0.209,-0.132,3,-0.978,-0.960,0,0,259,0,3.113,9.430
3989,0.000,-5.065,7.152,0.104,3.176,9.466,-0.778,-18.007,-7.811,0.000,3.652,9.164,-0.595,0.134,0.000,0.209,-0.132,3,-0.980,-0.961,0,0,256,0,3.113,9.430
3990,0.000,-5.065,7.152,0.126,3.207,9.514,-0.717,-18.007,-7.811,0.000,3.686,9.171,-0.656,0.134,0.000,0.209,-0.132,3,-0.982,-0.960,3,0,252,1,3.113,9.430
3991,0.000,-5.065,7.152,0.126,3.255,9.514,-0.626,-18.007,-7.811,0.000,3.765,9.159,-0.809,0.134,0.000,0.209,-0.132,3,-0.980,-0.960,0,0,252,0,3.113,9.430
3992,0.000,-5.065,7.152,0.104,3.221,9.499,-0.595,-17.985,-7.811,0.000,3.760,9.159,-0.748,0.134,0.000,0.209,-0.132,3,-0.980,-0.963,0,0,251,1,3.204,9.430
3993,0.000,-5.065,7.152,0.115,3.200,9.456,-0.748,-17.985,-7.811,0.005,3.727,9.157,-0.748,0.134,0.000,0.209,-0.132,3,-0.979,-0.960,0,1,248,1,3.204,9.430
3994,0.000,-5.065,7.152,0.115,3.253,9.420,-0.778,-17.985,-7.811,0.000,3.724,9.197,-0.626,0.134,0.000,0.209,-0.132,3,-0.980,-0.959,0,0,242,0,3.204,9.430
3995,0.000,-5.065,7.152,0.126,3.281,9.420,-0.656,-17.985,-7.811,0.005,3.751,9.195,-0.748,0.134,0.000,0.209,-0.132,3,-0.981,-0.960,1,0,240,0,3.113,9.430
3996,0.000,-5.043,7.152,0.126,3.272,9.463,-0.809,-17.985,-7.811,0.000,3.815,9.159,-0.717,0.134,0.000,0.209,-0.132,3,-0.981,-0.959,0,0,237,2,3.204,9.339
3997,0.000,-5.043,7.152,0.126,3.269,9.466,-0.748,-17.963,-7.811,0.005,3.779,9.150,-0.626,0.134,0.000,0.209,-0.132,3,-0.982,-0.960,0,0,235,0,3.204,9.339
3998,0.000,-5.043,7.152,0.137,3.277,9.425,-0.748,-17.963,-7.811,0.005,3.731,9.092,-0.656,0.134,0.000,0.209,-0.132,3,-0.979,-0.960,0,3,234,0,3.204,9.430
3999,0.000,-5.021,7.152,0.137,3.281,9.360,-0.778,-17.941,-7.811,0.000,3.801,9.051,-0.778,0.134,0.000,0.209,-0.132,3,-0.982,-0.960,0,0,228,0,3.204,9.430
4000,0.000,-5.021,7.152,0.126,3.363,9.355,-0.656,-17.941,-7.811,0.005,3.810,9.073,-0.809,0.134,0.000,0.209,-0.132,3,-0.979,-0.960,0,0,230,0,3.204,9.339
4001,0.000,-4.999,7.152,0.137,3.396,9.387,-0.595,-17.919,-7.811,0.005,3.779,9.114,-0.870,0.134,0.000,0.209,-0.132,3,-0.980,-0.960,0,0,227,1,3.204,9.339
4002,0.000,-4.977,7.152,0.126,3.346,9.379,-0.534,-17.919,-7.811,-0.005,3.794,9.109,-0.870,0.134,0.000,0.209,-0.132,3,-0.980,-0.960,2,0,226,0,3.296,9.339
4003,0.000,-4.955,7.152,0.126,3.332,9.346,-0.687,-17.897,-7.811,0.005,3.796,9.056,-0.778,0.134,0.000,0.209,-0.132,3,-0.980,-0.960,0,1,227,0,3.388,9.339
4004,0.000,-4.933,7.152,0.126,3.375,9.341,-0.778,-17.897,-7.811,0.000,3.770,9.044,-0.595,0.134,0.000,0.209,-0.132,3,-0.980,-0.959,0,0,225,0,3.296,9.339
4005,0.000,-4.933,7.152,0.115,3.423,9.379,-0.748,-17.875,-7.811,0.000,3.734,9.061,-0.595,0.134,0.000,0.209,-0.132,3,-0.980,-0.960,0,0,216,0,3.296,9.339
4006,0.000,-4.911,7.152,0.137,3.367,9.401,-0.778,-17.875,-7.811,-0.005,3.753,9.090,-0.595,0.134,0.000,0.209,-0.132,3,-0.980,-0.961,0,0,209,0,3.296,9.339
4007,0.000,-4.889,7.152,0.137,3.339,9.415,-0.717,-17.853,-7.811,0.000,3.865,9.068,-0.565,0.134,0.000,0.209,-0.132,3,-0.980,-0.960,0,0,213,0,3.388,9.339
4008,0.000,-4.867,7.152,0.115,3.427,9.389,-0.656,-17.853,-7.811,0.000,3.877,9.020,-0.534,0.134,0.000,0.209,-0.132,3,-0.980,-0.960,0,3,203,0,3.296,9.339
4009,0.000,-4.845,7.152,0.126,3.473,9.348,-0.595,-17.831,-7.811,0.000,3.837,9.020,-0.504,0.134,0.000,0.209,-0.132,3,-0.980,-0.961,0,0,205,0,3.296,9.339
4010,0.000,-4.823,7.152,0.115,3.466,9.320,-0.687,-17.809,-7.811,0.005,3.842,9.075,-0.565,0.134,0.000,0.209,-0.132,3,-0.979,-0.960,0,0,201,0,3.388,9.339
4011,0.000,-4.801,7.152,0.115,3.475,9.308,-0.809,-17.787,-7.811,0.016,3.897,9.128,-0.687,0.134,0.000,0.209,-0.132,3,-0.979,-0.961,0,0,204,0,3.388,9.339
4012,0.000,-4.779,7.152,0.115,3.451,9.317,-0.778,-17.765,-7.811,-0.005,3.923,9.087,-0.687,0.134,0.000,0.209,-0.132,3,-0.979,-0.960,0,1,201,0,3.388,9.247
4013,0.000,-4.735,7.152,0.115,3.497,9.367,-0.565,-17.743,-7.811,0.000,3.882,9.063,-0.687,0.134,0.000,0.209,-0.132,3,-0.980,-0.959,0,0,196,3,3.388,9.247
4014,0.000,-4.713,7.152,0.137,3.554,9.375,-0.595,-17.743,-7.811,0.000,3.909,9.063,-0.565,0.134,0.000,0.209,-0.132,3,-0.981,-0.959,1,0,197,0,3.388,9.247
4015,0.000,-4.691,7.152,0.126,3.492,9.348,-0.748,-17.721,-7.811,0.000,3.935,9.066,-0.626,0.134,0.000,0.209,-0.132,3,-0.979,-0.960,0,0,182,0,3.479,9.339
4016,0.000,-4.669,7.152,0.137,3.506,9.327,-0.534,-17.699,-7.811,0.005,3.921,9.128,-0.473,0.134,0.000,0.209,-0.132,3,-0.981,-0.958,1,0,180,4,3.479,9.339
4017,0.000,-4.625,7.152,0.104,3.561,9.336,-0.534,-17.677,-7.811,0.000,3.933,9.164,-0.381,0.134,0.000,0.209,-0.132,3,-0.981,-0.960,0,0,179,3,3.479,9.339
4018,0.000,-4.603,7.152,0.126,3.576,9.322,-0.504,-17.655,-7.811,0.000,3.940,9.126,-0.412,0.134,0.000,0.209,-0.132,3,-0.980,-0.960,0,0,183,0,3.479,9.247
4019,0.000,-4.559,7.152,0.126,3.583,9.281,-0.473,-17.633,-7.811,-0.016,3.937,9.116,-0.259,0.134,0.000,0.209,-0.132,3,-0.980,-0.960,2,0,172,1,3.479,9.247
4020,0.000,-4.515,7.152,0.126,3.588,9.257,-0.381,-17.611,-7.811,0.000,3.942,9.138,-0.259,0.134,0.000,0.209,-0.132,3,-0.979,-0.960,0,0,175,0,3.571,9.247
4021,0.000,-4.493,7.152,0.115,3.590,9.272,-0.381,-17.589,-7.811,0.005,3.966,9.130,-0.168,0.134,0.000,0.209,-0.132,3,-0.981,-0.959,0,0,174,1,3.571,9.247
4022,0.000,-4.450,7.152,0.126,3.578,9.281,-0.443,-17.567,-7.811,0.000,4.002,9.135,-0.259,0.134,0.000,0.209,-0.132,3,-0.979,-0.960,0,0,173,1,3.571,9.247
4023,0.000,-4.428,7.152,0.137,3.540,9.308,-0.381,-17.545,-7.811,0.000,4.021,9.142,-0.229,0.134,0.000,0.209,-0.132,3,-0.981,-0.961,0,0,173,1,3.571,9.247
4024,0.000,-4.406,7.152,0.137,3.552,9.291,-0.412,-17.523,-7.811,0.005,3.973,9.150,-0.351,0.134,0.000,0.209,-0.132,3,-0.983,-0.960,2,0,169,1,3.571,9.247
4025,0.000,-4.362,7.152,0.115,3.537,9.236,-0.534,-17.501,-7.811,-0.005,3.980,9.183,-0.290,0.134,0.000,0.209,-0.132,3,-0.982,-0.960,0,1,168,0,3.479,9.247
4026,0.000,-4.340,7.152,0.137,3.557,9.207,-0.320,-17.480,-7.811,0.005,4.059,9.188,-0.107,0.134,0.000,0.209,-0.132,3,-0.979,-0.960,0,0,159,1,3.479,9.247
4027,0.000,-4.296,7.152,0.115,3.650,9.248,-0.168,-17.458,-7.811,0.005,4.038,9.174,-0.168,0.134,0.000,0.209,-0.132,3,-0.979,-0.960,0,0,153,1,3.479,9.155
4028,0.000,-4.274,7.152,0.137,3.636,9.262,-0.168,-17.436,-7.811,0.000,4.031,9.217,-0.290,0.134,0.000,0.209,-0.132,3,-0.982,-0.960,0,0,154,3,3.479,9.155
4029,0.000,-4.230,7.152,0.093,3.554,9.217,-0.076,-17.414,-7.811,0.016,4.012,9.214,-0.351,0.134,0.000,0.209,-0.132,3,-0.980,-0.960,0,0,153,0,3.571,9.247
4030,0.000,-4.208,7.152,0.104,3.571,9.231,-0.198,-17.392,-7.811,0.005,4.024,9.176,-0.320,0.134,0.000,0.209,-0.132,3,-0.980,-0.960,0,0,154,0,3.571,9.247
4031,0.000,-4.186,7.152,0.126,3.616,9.207,-0.229,-17.370,-7.811,0.016,4.057,9.159,-0.137,0.134,0.000,0.209,-0.132,3,-0.980,-0.962,1,0,155,1,3.479,9.155
4032,0.000,-4.142,7.152,0.104,3.600,9.169,-0.137,-17.348,-7.811,0.005,4.055,9.162,0.046,0.134,0.000,0.209,-0.132,3,-0.980,-0.960,0,3,156,1,3.571,9.155
4033,0.000,-4.120,7.152,0.115,3.581,9.221,-0.015,-17.326,-7.811,-0.005,4.028,9.178,0.015,0.134,0.000,0.209,-0.132,3,-0.980,-0.960,0,0,154,0,3.571,9.155
4034,0.000,-4.076,7.152,0.115,3.588,9.243,0.107,-17.326,-7.811,-0.005,4.014,9.183,-0.137,0.134,0.000,0.209,-0.132,3,-0.981,-0.960,2,0,154,0,3.571,9.155
4035,0.000,-4.054,7.152,0.115,3.547,9.202,0.015,-17.304,-7.811,-0.005,4.014,9.193,-0.168,0.134,0.000,0.209,-0.132,3,-0.982,-0.960,0,0,154,0,3.571,9.155
4036,0.000,-4.032,7.152,0.126,3.571,9.178,-0.046,-17.282,-7.811,-0.005,4.016,9.169,0.000,0.134,0.000,0.209,-0.132,3,-0.980,-0.960,7,0,154,1,3.571,9.155
4037,0.000,-4.010,7.152,0.115,3.669,9.185,0.015,-17.260,-7.811,0.000,4.016,9.123,0.107,0.134,0.000,0.209,-0.132,3,-0.979,-0.960,0,0,157,0,3.479,9.155
4038,0.000,-3.966,7.152,0.126,3.648,9.174,0.015,-17.238,-7.811,0.005,4.004,9.118,0.076,0.134,0.000,0.209,-0.132,3,-0.979,-0.961,0,0,155,0,3.571,9.155
4039,0.000,-3.944,7.152,0.115,3.602,9.188,0.076,-17.216,-7.811,0.005,4.004,9.135,0.107,0.134,0.000,0.209,-0.132,3,-0.982,-0.960,0,0,152,0,3.662,9.155
4040,0.000,-3.900,7.152,0.115,3.626,9.219,0.046,-17.216,-7.811,0.000,4.002,9.140,0.076,0.134,0.000,0.209,-0.132,3,-0.981,-0.960,0,0,151,0,3.571,9.155
4041,0.000,-3.878,7.152,0.137,3.593,9.193,0.168,-17.194,-7.811,0.005,4.024,9.147,0.107,0.134,0.000,0.209,-0.132,3,-0.980,-0.960,2,0,154,0,3.571,9.155
4042,0.000,-3.856,7.152,0.137,3.576,9.162,0.229,-17.172,-7.811,-0.005,4.047,9.140,0.168,0.134,0.000,0.209,-0.132,3,-0.980,-0.960,0,2,151,0,3.571,9.155
4043,0.000,-3.834,7.152,0.137,3.609,9.164,0.107,-17.150,-7.811,0.005,4.045,9.111,0.259,0.134,0.000,0.209,-0.132,3,-0.981,-0.959,0,0,150,0,3.571,9.155
4044,0.000,-3.790,7.152,0.126,3.593,9.188,0.168,-17.128,-7.811,-0.005,4.009,9.090,0.259,0.134,0.000,0.209,-0.132,3,-0.981,-0.960,0,0,148,0,3.571,9.155
4045,0.000,-3.768,7.152,0.126,3.602,9.236,0.198,-17.128,-7.811,0.000,3.985,9.109,0.229,0.134,0.000,0.209,-0.132,3,-0.981,-0.959,0,0,150,0,3.571,9.155
4046,0.000,-3.746,7.152,0.104,3.628,9.241,0.229,-17.106,-7.811,-0.005,4.012,9.138,0.351,0.134,0.000,0.209,-0.132,3,-0.981,-0.959,3,0,149,0,3.571,9.155
4047,0.000,-3.724,7.152,0.137,3.573,9.207,0.351,-17.084,-7.811,-0.005,3.990,9.111,0.473,0.134,0.000,0.209,-0.132,3,-0.982,-0.960,0,2,149,0,3.571,9.155
4048,0.000,-3.702,7.152,0.126,3.521,9.195,0.351,-17.084,-7.811,0.000,3.988,9.118,0.412,0.134,0.000,0.209,-0.132,3,-0.981,-0.958,0,0,146,1,3.571,9.155
4049,0.000,-3.702,7.152,0.137,3.540,9.212,0.290,-17.062,-7.811,0.000,3.978,9.114,0.320,0.134,0.000,0.209,-0.132,3,-0.980,-0.959,0,0,151,0,3.571,9.155
4050,0.000,-3.680,7.152,0.126,3.590,9.236,0.443,-17.062,-7.811,0.005,3.940,9.106,0.351,0.134,0.000,0.209,-0.132,3,-0.980,-0.960,0,0,154,0,3.479,9.155
4051,0.000,-3.659,7.152,0.115,3.559,9.269,0.412,-17.040,-7.811,0.005,3.990,9.159,0.351,0.134,0.000,0.209,-0.132,3,-0.981,-0.960,0,1,153,1,3.479,9.155
4052,0.000,-3.659,7.152,0.137,3.475,9.300,0.473,-17.040,-7.811,0.005,4.045,9.154,0.290,0.134,0.000,0.209,-0.132,3,-0.981,-0.959,0,0,152,0,3.571,9.155
4053,0.000,-3.637,7.152,0.115,3.485,9.262,0.595,-17.018,-7.811,0.005,3.983,9.176,0.259,0.134,0.000,0.209,-0.132,3,-0.981,-0.959,0,0,153,0,3.479,9.247
4054,0.000,-3.637,7.152,0.126,3.549,9.243,0.595,-17.018,-7.811,0.005,3.952,9.193,0.229,0.134,0.000,0.209,-0.132,3,-0.979,-0.960,0,0,149,0,3.388,9.247
4055,0.000,-3.615,7.152,0.115,3.588,9.253,0.534,-16.996,-7.811,-0.005,3.964,9.178,0.351,0.134,0.000,0.209,-0.132,3,-0.981,-0.960,1,0,149,0,3.479,9.247
4056,0.000,-3.593,7.152,0.137,3.581,9.262,0.473,-16.996,-7.811,0.000,3.954,9.185,0.473,0.134,0.000,0.209,-0.132,3,-0.981,-0.960,0,0,152,3,3.479,9.155
4057,0.000,-3.593,7.152,0.137,3.537,9.267,0.443,-16.996,-7.811,0.000,3.968,9.164,0.595,0.134,0.000,0.209,-0.132,3,-0.981,-0.960,0,0,155,0,3.571,9.247
4058,0.000,-3.571,7.152,0.115,3.485,9.241,0.504,-16.996,-7.811,-0.005,3.980,9.154,0.534,0.134,0.000,0.209,-0.132,3,-0.981,-0.960,0,0,151,0,3.571,9.247
4059,0.000,-3.571,7.152,0.137,3.454,9.274,0.565,-16.974,-7.811,0.000,3.983,9.171,0.595,0.134,0.000,0.209,-0.132,3,-0.980,-0.959,0,1,150,1,3.479,9.247
4060,0.000,-3.571,7.152,0.126,3.442,9.267,0.687,-16.974,-7.811,-0.005,3.976,9.207,0.595,0.134,0.000,0.209,-0.132,3,-0.981,-0.958,0,0,152,2,3.479,9.155
4061,0.000,-3.571,7.152,0.115,3.415,9.260,0.626,-16.974,-7.811,0.000,3.947,9.226,0.595,0.134,0.000,0.209,-0.132,3,-0.981,-0.959,0,0,151,0,3.388,9.247
4062,0.000,-3.571,7.152,0.126,3.423,9.303,0.626,-16.974,-7.811,0.000,3.935,9.205,0.626,0.134,0.000,0.209,-0.132,3,-0.981,-0.960,0,0,151,0,3.388,9.247
4063,0.000,-3.571,7.152,0.115,3.497,9.329,0.656,-16.974,-7.811,-0.005,3.923,9.195,0.656,0.134,0.000,0.209,-0.132,3,-0.984,-0.960,1,0,149,0,3.388,9.247
4064,0.000,-3.571,7.152,0.137,3.468,9.334,0.717,-16.974,-7.811,-0.005,3.916,9.181,0.595,0.134,0.000,0.209,-0.132,3,-0.983,-0.959,0,1,148,0,3.388,9.247
4065,0.000,-3.571,7.152,0.093,3.427,9.317,0.565,-16.952,-7.811,0.005,3.921,9.185,0.717,0.134,0.000,0.209,-0.132,3,-0.980,-0.960,0,0,148,0,3.479,9.247
4066,0.000,-3.571,7.152,0.126,3.379,9.324,0.717,-16.974,-7.811,0.000,3.870,9.219,0.809,0.134,0.000,0.209,-0.132,3,-0.982,-0.959,0,0,147,5,3.388,9.247
4067,0.000,-3.571,7.152,0.137,3.382,9.327,0.809,-16.974,-7.811,0.000,3.854,9.202,0.656,0.134,0.000,0.209,-0.132,3,-0.983,-0.960,0,0,146,3,3.388,9.247
4068,0.000,-3.593,7.152,0.137,3.394,9.296,0.900,-16.974,-7.811,0.005,3.880,9.171,0.504,0.134,0.000,0.209,-0.132,3,-0.982,-0.959,1,0,146,0,3.296,9.247
4069,0.000,-3.593,7.152,0.126,3.363,9.315,0.778,-16.974,-7.811,-0.005,3.894,9.178,0.626,0.134,0.000,0.209,-0.132,3,-0.981,-0.960,0,0,145,1,3.296,9.247
4070,0.000,-3.593,7.152,0.126,3.367,9.372,0.778,-16.974,-7.811,0.000,3.880,9.188,0.809,0.134,0.000,0.209,-0.132,3,-0.981,-0.962,0,0,147,1,3.388,9.247
4071,0.000,-3.615,7.152,0.126,3.348,9.372,0.748,-16.974,-7.811,-0.005,3.849,9.181,0.717,0.134,0.000,0.209,-0.132,3,-0.981,-0.959,0,2,146,1,3.296,9.247
4072,0.000,-3.615,7.152,0.126,3.310,9.351,0.839,-16.996,-7.811,-0.005,3.806,9.185,0.778,0.134,0.000,0.209,-0.132,3,-0.981,-0.958,0,0,142,0,3.296,9.339
4073,0.000,-3.637,7.152,0.115,3.322,9.382,0.900,-16.996,-7.811,0.005,3.753,9.174,0.748,0.134,0.000,0.209,-0.132,3,-0.981,-0.959,2,0,144,0,3.296,9.339
4074,0.000,-3.637,7.152,0.104,3.353,9.375,0.778,-17.018,-7.811,0.000,3.715,9.123,0.626,0.134,0.000,0.209,-0.132,3,-0.982,-0.959,0,1,144,1,3.296,9.339
4075,0.000,-3.659,7.152,0.137,3.288,9.339,0.717,-17.040,-7.811,0.000,3.731,9.114,0.626,0.134,0.000,0.209,-0.132,3,-0.982,-0.960,6,0,144,1,3.296,9.339
4076,0.000,-3.680,7.152,0.126,3.272,9.363,0.900,-17.040,-7.811,0.000,3.765,9.123,0.656,0.134,0.000,0.209,-0.132,3,-0.980,-0.959,0,0,148,0,3.296,9.339
4077,0.000,-3.702,7.152,0.115,3.298,9.375,0.992,-17.062,-7.811,0.000,3.736,9.142,0.687,0.134,0.000,0.209,-0.132,3,-0.980,-0.962,0,0,145,0,3.204,9.339
4078,0.000,-3.702,7.152,0.126,3.300,9.348,0.717,-17.084,-7.811,0.005,3.717,9.130,0.717,0.134,0.000,0.209,-0.132,3,-0.981,-0.959,0,0,144,0,3.204,9.339
4079,0.000,-3.724,7.152,0.115,3.265,9.375,0.748,-17.084,-7.811,0.000,3.727,9.106,0.656,0.134,0.000,0.209,-0.132,3,-0.981,-0.960,0,0,142,0,3.296,9.339
4080,0.000,-3.746,7.152,0.126,3.272,9.434,0.870,-17.106,-7.811,0.000,3.698,9.126,0.565,0.134,0.000,0.209,-0.132,3,-0.981,-0.959,2,0,140,0,3.296,9.339
4081,0.000,-3.768,7.152,0.126,3.245,9.432,0.809,-17.128,-7.811,0.000,3.652,9.097,0.595,0.134,0.000,0.209,-0.132,3,-0.981,-0.959,0,1,139,0,3.204,9.339
4082,0.000,-3.790,7.152,0.126,3.171,9.420,0.626,-17.150,-7.811,0.000,3.662,9.092,0.534,0.134,0.000,0.209,-0.132,3,-0.981,-0.958,0,0,139,0,3.204,9.430
4083,0.000,-3.812,7.152,0.126,3.236,9.411,0.656,-17.150,-7.811,0.000,3.710,9.133,0.595,0.134,0.000,0.209,-0.132,3,-0.982,-0.959,0,0,136,0,3.204,9.430
4084,0.000,-3.834,7.152,0.126,3.183,9.415,0.809,-17.172,-7.811,0.005,3.717,9.140,0.534,0.134,0.000,0.209,-0.132,3,-0.981,-0.959,0,0,134,0,3.113,9.339
4085,0.000,-3.856,7.152,0.115,3.150,9.444,0.717,-17.194,-7.811,0.000,3.662,9.135,0.473,0.134,0.000,0.209,-0.132,3,-0.981,-0.959,0,0,137,0,3.204,9.339
4086,0.000,-3.900,7.152,0.115,3.142,9.475,0.717,-17.216,-7.811,-0.005,3.578,9.154,0.534,0.134,0.000,0.209,-0.132,3,-0.982,-0.959,0,5,128,0,3.113,9.339
4087,0.000,-3.922,7.152,0.126,3.162,9.490,0.839,-17.238,-7.811,0.000,3.643,9.157,0.534,0.134,0.000,0.209,-0.132,3,-0.981,-0.958,0,0,132,0,3.113,9.430
4088,0.000,-3.944,7.152,0.115,3.207,9.509,0.809,-17.260,-7.811,0.000,3.684,9.114,0.595,0.134,0.000,0.209,-0.132,3,-0.980,-0.959,0,0,135,0,3.113,9.430
4089,0.000,-3.966,7.152,0.137,3.190,9.487,0.534,-17.260,-7.811,-0.005,3.667,9.121,0.504,0.134,0.000,0.209,-0.132,3,-0.981,-0.958,1,0,134,2,3.113,9.430
4090,0.000,-4.010,7.152,0.126,3.097,9.456,0.412,-17.282,-7.811,0.000,3.684,9.152,0.290,0.134,0.000,0.209,-0.132,3,-0.981,-0.959,0,1,134,0,3.204,9.430
4091,0.000,-4.032,7.152,0.104,3.054,9.473,0.565,-17.304,-7.811,0.000,3.679,9.162,0.259,0.134,0.000,0.209,-0.132,3,-0.982,-0.958,0,0,134,1,3.113,9.430
4092,0.000,-4.076,7.152,0.115,3.107,9.482,0.717,-17.304,-7.811,0.000,3.657,9.154,0.412,0.134,0.000,0.209,-0.132,3,-0.981,-0.958,0,0,132,0,3.021,9.430
4093,0.000,-4.098,7.152,0.137,3.116,9.540,0.656,-17.326,-7.811,-0.005,3.633,9.147,0.381,0.134,0.000,0.209,-0.132,3,-0.980,-0.959,0,0,130,0,3.021,9.430
4094,0.000,-4.142,7.152,0.115,3.056,9.554,0.443,-17.348,-7.811,0.000,3.595,9.202,0.229,0.134,0.000,0.209,-0.132,3,-0.981,-0.961,1,0,128,0,3.021,9.430
4095,0.000,-4.164,7.152,0.126,3.075,9.518,0.443,-17.370,-7.811,0.000,3.576,9.217,0.198,0.134,0.000,0.209,-0.132,3,-0.981,-0.959,0,0,135,2,3.113,9.522
4096,0.000,-4.208,7.152,0.115,3.150,9.530,0.351,-17.414,-7.811,0.000,3.614,9.176,0.259,0.134,0.000,0.209,-0.132,3,-0.981,-0.959,0,0,135,0,3.021,9.522
4097,0.000,-4.230,7.152,0.126,3.111,9.494,0.290,-17.414,-7.811,0.000,3.638,9.178,0.259,0.134,0.000,0.209,-0.132,3,-0.982,-0.959,0,0,134,0,3.021,9.430
4098,0.000,-4.252,7.152,0.126,3.083,9.463,0.412,-17.436,-7.811,0.000,3.645,9.178,0.229,0.134,0.000,0.209,-0.132,3,-0.981,-0.959,0,1,128,2,3.113,9.522
4099,0.000,-4.274,7.152,0.126,3.099,9.454,0.534,-17.458,-7.811,-0.005,3.626,9.200,0.229,0.134,0.000,0.209,-0.132,3,-0.982,-0.959,0,0,133,0,3.021,9.430
4100,0.000,-4.318,7.152,0.137,3.080,9.444,0.351,-17.480,-7.811,0.000,3.583,9.209,0.259,0.134,0.000,0.209,-0.132,3,-0.981,-0.959,0,0,131,1,3.021,9.430
4101,0.000,-4.340,7.152,0.115,3.028,9.497,0.320,-17.501,-7.811,0.000,3.585,9.212,0.168,0.134,0.000,0.209,-0.132,3,-0.982,-0.959,0,0,130,1,3.021,9.430
4102,0.000,-4.384,7.152,0.126,3.037,9.530,0.259,-17.523,-7.811,-0.005,3.590,9.224,0.107,0.134,0.000,0.209,-0.132,3,-0.984,-0.959,1,0,131,1,3.021,9.430
4103,0.000,-4.406,7.152,0.126,3.068,9.504,0.168,-17.545,-7.811,0.000,3.542,9.181,0.000,0.134,0.000,0.209,-0.132,3,-0.984,-0.959,0,1,132,1,3.021,9.430
4104,0.000,-4.428,7.152,0.126,3.071,9.475,0.046,-17.567,-7.811,-0.016,3.561,9.159,0.046,0.134,0.000,0.209,-0.132,3,-0.981,-0.960,0,0,132,0,3.021,9.522
4105,0.000,-4.472,7.152,0.115,3.063,9.497,0.000,-17.589,-7.811,0.000,3.564,9.162,0.000,0.134,0.000,0.209,-0.132,3,-0.983,-0.959,0,0,131,5,3.021,9.430
4106,0.000,-4.493,7.152,0.115,3.030,9.521,0.137,-17.611,-7.811,0.005,3.514,9.154,0.000,0.134,0.000,0.209,-0.132,3,-0.983,-0.959,0,0,130,0,3.021,9.430
4107,0.000,-4.515,7.152,0.126,3.020,9.485,0.229,-17.655,-7.811,0.000,3.523,9.142,0.000,0.134,0.000,0.209,-0.132,3,-0.982,-0.959,1,0,131,0,3.021,9.430
4108,0.000,-4.559,7.152,0.104,3.035,9.466,0.076,-17.677,-7.811,0.005,3.552,9.135,0.015,0.134,0.000,0.209,-0.132,3,-0.981,-0.959,0,0,130,1,3.021,9.522
4109,0.000,-4.581,7.152,0.115,3.030,9.511,0.000,-17.677,-7.811,0.000,3.549,9.095,-0.015,0.134,0.000,0.209,-0.132,3,-0.981,-0.958,0,0,132,1,3.021,9.430
4110,0.000,-4.603,7.152,0.115,3.025,9.533,-0.137,-17.699,-7.811,-0.005,3.540,9.056,-0.168,0.134,0.000,0.209,-0.132,3,-0.981,-0.959,0,2,133,1,3.021,9.430
4111,0.000,-4.647,7.152,0.137,3.032,9.492,-0.259,-17.721,-7.811,0.000,3.569,9.085,-0.229,0.134,0.000,0.209,-0.132,3,-0.982,-0.960,1,0,130,0,3.021,9.430
4112,0.000,-4.669,7.152,0.126,3.047,9.480,-0.259,-17.743,-7.811,0.005,3.569,9.087,-0.229,0.134,0.000,0.209,-0.132,3,-0.982,-0.959,1,0,132,0,3.021,9.522
4113,0.000,-4.691,7.152,0.126,3.075,9.490,-0.076,-17.743,-7.811,-0.016,3.521,9.083,-0.137,0.134,0.000,0.209,-0.132,3,-0.982,-0.958,0,0,130,1,3.021,9.430
4114,0.000,-4.713,7.152,0.115,3.097,9.473,0.000,-17.765,-7.811,0.005,3.571,9.116,-0.137,0.134,0.000,0.209,-0.132,3,-0.982,-0.960,5,0,132,1,3.021,9.430
4115,0.000,-4.735,7.152,0.126,3.104,9.487,-0.015,-17.787,-7.811,0.005,3.552,9.114,-0.198,0.134,0.000,0.209,-0.132,3,-0.980,-0.959,0,0,135,0,3.021,9.430
4116,0.000,-4.757,7.152,0.115,3.126,9.525,-0.198,-17.809,-7.811,0.000,3.545,9.092,-0.320,0.134,0.000,0.209,-0.132,3,-0.982,-0.960,0,0,132,0,3.021,9.430
4117,0.000,-4.757,7.152,0.148,3.123,9.537,-0.290,-17.809,-7.811,0.000,3.559,9.078,-0.320,0.134,0.000,0.209,-0.132,3,-0.983,-0.959,0,0,132,0,3.021,9.430
4118,0.000,-4.779,7.152,0.115,3.080,9.497,-0.351,-17.831,-7.811,-0.016,3.576,9.071,-0.351,0.134,0.000,0.209,-0.132,3,-0.982,-0.960,0,0,133,0,3.113,9.522
4119,0.000,-4.801,7.152,0.115,3.075,9.461,-0.473,-17.853,-7.811,0.000,3.547,9.080,-0.351,0.134,0.000,0.209,-0.132,3,-0.981,-0.959,1,0,129,1,3.113,9.522
4120,0.000,-4.823,7.152,0.137,3.123,9.502,-0.443,-17.853,-7.811,-0.005,3.581,9.116,-0.412,0.134,0.000,0.209,-0.132,3,-0.981,-0.959,0,1,131,0,3.021,9.430
4121,0.000,-4.845,7.152,0.126,3.107,9.516,-0.504,-17.875,-7.811,0.000,3.583,9.130,-0.381,0.134,0.000,0.209,-0.132,3,-0.982,-0.958,0,0,131,0,3.021,9.430
4122,0.000,-4.845,7.152,0.115,3.073,9.514,-0.443,-17.875,-7.811,0.005,3.633,9.140,-0.473,0.134,0.000,0.209,-0.132,3,-0.982,-0.959,0,0,129,0,3.113,9.430
4123,0.000,-4.867,7.152,0.126,3.174,9.511,-0.443,-17.897,-7.811,0.000,3.662,9.090,-0.595,0.134,0.000,0.209,-0.132,3,-0.981,-0.960,0,0,135,0,3.021,9.430
4124,0.000,-4.867,7.152,0.115,3.217,9.470,-0.565,-17.897,-7.811,0.000,3.590,9.133,-0.534,0.134,0.000,0.209,-0.132,3,-0.981,-0.959,0,0,138,0,3.021,9.430
4125,0.000,-4.889,7.152,0.126,3.152,9.509,-0.626,-17.897,-7.811,0.005,3.583,9.166,-0.534,0.134,0.000,0.209,-0.132,3,-0.982,-0.959,0,3,131,0,3.113,9.430
4126,0.000,-4.889,7.152,0.115,3.121,9.545,-0.565,-17.919,-7.811,-0.005,3.638,9.102,-0.473,0.134,0.000,0.209,-0.132,3,-0.982,-0.958,0,0,130,0,3.204,9.430
4127,0.000,-4.911,7.152,0.126,3.176,9.540,-0.473,-17.919,-7.811,-0.005,3.648,9.114,-0.504,0.134,0.000,0.209,-0.132,3,-0.980,-0.959,0,0,134,0,3.113,9.430
4128,0.000,-4.911,7.152,0.137,3.176,9.511,-0.595,-17.919,-7.811,-0.005,3.669,9.150,-0.504,0.134,0.000,0.209,-0.132,3,-0.981,-0.960,0,0,134,0,3.113,9.522
4129,0.000,-4.933,7.152,0.126,3.142,9.492,-0.687,-17.919,-7.811,0.000,3.684,9.135,-0.626,0.134,0.000,0.209,-0.132,3,-0.981,-0.959,2,2,134,0,3.113,9.522
4130,0.000,-4.933,7.152,0.115,3.214,9.518,-0.656,-17.941,-7.811,0.000,3.628,9.145,-0.626,0.134,0.000,0.209,-0.132,3,-0.981,-0.958,0,0,134,0,3.113,9.430
4131,0.000,-4.933,7.152,0.115,3.224,9.499,-0.717,-17.941,-7.811,-0.005,3.638,9.171,-0.626,0.134,0.000,0.209,-0.132,3,-0.981,-0.958,0,0,133,0,3.113,9.430
4132,0.000,-4.933,7.152,0.115,3.186,9.454,-0.717,-17.941,-7.811,0.000,3.703,9.159,-0.626,0.134,0.000,0.209,-0.132,3,-0.981,-0.959,0,0,128,0,3.204,9.430
4133,0.000,-4.933,7.152,0.126,3.236,9.454,-0.626,-17.941,-7.811,0.005,3.786,9.152,-0.565,0.134,0.000,0.209,-0.132,3,-0.982,-0.959,1,0,130,2,3.204,9.430
4134,0.000,-4.933,7.152,0.148,3.250,9.451,-0.687,-17.941,-7.811,0.000,3.734,9.169,-0.473,0.134,0.000,0.209,-0.132,3,-0.982,-0.959,0,0,133,3,3.113,9.430
4135,0.000,-4.933,7.152,0.104,3.214,9.434,-0.687,-17.941,-7.811,0.005,3.707,9.174,-0.687,0.134,0.000,0.209,-0.132,3,-0.981,-0.959,0,0,135,0,3.204,9.430
4136,0.000,-4.933,7.152,0.126,3.231,9.456,-0.565,-17.919,-7.811,0.005,3.763,9.135,-0.717,0.134,0.000,0.209,-0.132,3,-0.982,-0.959,0,0,128,1,3.204,9.430
4137,0.000,-4.933,7.152,0.115,3.257,9.444,-0.626,-17.919,-7.811,0.005,3.710,9.097,-0.626,0.134,0.000,0.209,-0.132,3,-0.981,-0.959,0,0,128,2,3.204,9.430
4138,0.000,-4.933,7.152,0.126,3.245,9.434,-0.717,-17.919,-7.811,0.000,3.698,9.106,-0.565,0.134,0.000,0.209,-0.132,3,-0.982,-0.958,0,0,133,1,3.204,9.430
4139,0.000,-4.933,7.152,0.126,3.265,9.442,-0.687,-17.919,-7.811,0.000,3.782,9.133,-0.626,0.134,0.000,0.209,-0.132,3,-0.983,-0.959,0,0,133,1,3.204,9.430
4140,0.000,-4.933,7.152,0.137,3.288,9.454,-0.626,-17.919,-7.811,0.005,3.786,9.159,-0.778,0.134,0.000,0.209,-0.132,3,-0.981,-0.959,0,0,133,1,3.204,9.430
4141,0.000,-4.911,7.152,0.126,3.312,9.444,-0.595,-17.897,-7.811,0.016,3.767,9.138,-0.717,0.134,0.000,0.209,-0.132,3,-0.984,-0.959,1,0,131,1,3.204,9.430
4142,0.000,-4.911,7.152,0.137,3.298,9.387,-0.717,-17.897,-7.811,0.000,3.784,9.078,-0.565,0.134,0.000,0.209,-0.132,3,-0.984,-0.959,0,1,132,0,3.204,9.430
4143,0.000,-4.889,7.152,0.115,3.348,9.394,-0.687,-17.875,-7.811,0.000,3.765,9.075,-0.534,0.134,0.000,0.209,-0.132,3,-0.982,-0.959,0,0,132,0,3.296,9.430
4144,0.000,-4.889,7.152,0.126,3.408,9.379,-0.748,-17.875,-7.811,0.005,3.808,9.083,-0.473,0.134,0.000,0.209,-0.132,3,-0.981,-0.959,0,0,131,0,3.296,9.339
4145,0.000,-4.867,7.152,0.137,3.353,9.401,-0.839,-17.853,-7.811,0.000,3.825,9.080,-0.412,0.134,0.000,0.209,-0.132,3,-0.984,-0.958,0,0,132,3,3.296,9.339
4146,0.000,-4.845,7.152,0.137,3.356,9.418,-0.839,-17.853,-7.811,-0.005,3.772,9.102,-0.717,0.134,0.000,0.209,-0.132,3,-0.981,-0.959,0,0,130,0,3.388,9.339
4147,0.000,-4.845,7.152,0.126,3.370,9.363,-0.687,-17.853,-7.811,0.000,3.748,9.118,-0.687,0.134,0.000,0.209,-0.132,3,-0.981,-0.959,0,0,131,0,3.296,9.339
4148,0.000,-4.823,7.152,0.115,3.344,9.358,-0.626,-17.831,-7.811,0.005,3.791,9.118,-0.565,0.134,0.000,0.209,-0.132,3,-0.981,-0.961,2,0,130,1,3.296,9.339
4149,0.000,-4.801,7.152,0.104,3.403,9.391,-0.565,-17.831,-7.811,0.000,3.808,9.116,-0.534,0.134,0.000,0.209,-0.132,3,-0.982,-0.959,0,0,135,0,3.296,9.339
4150,0.000,-4.779,7.152,0.137,3.435,9.387,-0.565,-17.831,-7.811,0.000,3.760,9.097,-0.534,0.134,0.000,0.209,-0.132,3,-0.981,-0.958,1,0,130,1,3.296,9.339
4151,0.000,-4.757,7.152,0.126,3.439,9.375,-0.595,-17.809,-7.811,-0.005,3.798,9.095,-0.626,0.134,0.000,0.209,-0.132,3,-0.982,-0.959,2,0,131,0,3.388,9.339
4152,0.000,-4.757,7.152,0.104,3.420,9.363,-0.656,-17.809,-7.811,0.005,3.863,9.114,-0.717,0.134,0.000,0.209,-0.132,3,-0.983,-0.959,0,1,132,0,3.388,9.339
4153,0.000,-4.735,7.152,0.137,3.379,9.365,-0.626,-17.787,-7.811,0.005,3.885,9.109,-0.687,0.134,0.000,0.209,-0.132,3,-0.983,-0.960,6,0,130,1,3.388,9.339
4154,0.000,-4.713,7.152,0.115,3.403,9.372,-0.595,-17.765,-7.811,0.000,3.834,9.130,-0.595,0.134,0.000,0.209,-0.132,3,-0.981,-0.959,0,3,133,0,3.388,9.339
4155,0.000,-4.691,7.152,0.126,3.444,9.344,-0.565,-17.765,-7.811,0.000,3.813,9.159,-0.595,0.134,0.000,0.209,-0.132,3,-0.981,-0.960,0,0,132,0,3.296,9.339
4156,0.000,-4.669,7.152,0.137,3.466,9.315,-0.595,-17.743,-7.811,0.000,3.868,9.121,-0.565,0.134,0.000,0.209,-0.132,3,-0.983,-0.959,0,0,130,0,3.388,9.339
4157,0.000,-4.647,7.152,0.115,3.509,9.315,-0.473,-17.743,-7.811,0.005,3.875,9.166,-0.473,0.134,0.000,0.209,-0.132,3,-0.982,-0.959,0,0,131,0,3.388,9.339
4158,0.000,-4.625,7.152,0.104,3.523,9.305,-0.443,-17.721,-7.811,0.000,3.937,9.128,-0.320,0.134,0.000,0.209,-0.132,3,-0.982,-0.959,1,0,133,0,3.388,9.247
4159,0.000,-4.581,7.152,0.137,3.494,9.315,-0.443,-17.699,-7.811,0.000,3.971,9.109,-0.320,0.134,0.000,0.209,-0.132,3,-0.982,-0.959,0,1,128,1,3.479,9.247
4160,0.000,-4.559,7.152,0.115,3.511,9.332,-0.443,-17.677,-7.811,0.000,3.954,9.140,-0.351,0.134,0.000,0.209,-0.132,3,-0.982,-0.958,0,0,128,0,3.479,9.247
4161,0.000,-4.537,7.152,0.126,3.516,9.305,-0.473,-17.655,-7.811,0.000,3.933,9.157,-0.381,0.134,0.000,0.209,-0.132,3,-0.983,-0.959,0,0,128,0,3.479,9.247
4162,0.000,-4.515,7.152,0.115,3.523,9.267,-0.412,-17.633,-7.811,-0.027,3.947,9.169,-0.626,0.134,0.000,0.209,-0.132,3,-0.982,-0.959,0,0,131,0,3.479,9.247
4163,0.000,-4.493,7.152,0.115,3.530,9.253,-0.443,-17.611,-7.811,-0.005,3.956,9.159,-0.534,0.134,0.000,0.209,-0.132,3,-0.982,-0.958,2,0,129,0,3.479,9.247
4164,0.000,-4.450,7.152,0.137,3.542,9.269,-0.473,-17.589,-7.811,-0.016,4.004,9.147,-0.351,0.134,0.000,0.209,-0.132,3,-0.982,-0.959,0,3,127,0,3.479,9.247
4165,0.000,-4.428,7.152,0.126,3.581,9.260,-0.473,-17.567,-7.811,0.005,4.019,9.157,-0.168,0.134,0.000,0.209,-0.132,3,-0.982,-0.958,0,0,125,0,3.479,9.247
4166,0.000,-4.384,7.152,0.137,3.569,9.272,-0.473,-17.545,-7.811,-0.005,3.968,9.145,-0.290,0.134,0.000,0.209,-0.132,3,-0.981,-0.959,0,0,127,0,3.479,9.247
4167,0.000,-4.362,7.152,0.137,3.547,9.265,-0.381,-17.523,-7.811,0.000,3.973,9.171,-0.290,0.134,0.000,0.209,-0.132,3,-0.981,-0.959,1,0,127,0,3.571,9.247
4168,0.000,-4.340,7.152,0.126,3.564,9.231,-0.381,-17.523,-7.811,0.000,4.000,9.193,-0.290,0.134,0.000,0.209,-0.132,3,-0.981,-0.959,0,1,127,1,3.479,9.247
4169,0.000,-4.296,7.152,0.126,3.614,9.255,-0.351,-17.501,-7.811,0.005,4.021,9.171,-0.351,0.134,0.000,0.209,-0.132,3,-0.982,-0.958,0,0,123,0,3.479,9.247
4170,0.000,-4.274,7.152,0.115,3.559,9.253,-0.168,-17.480,-7.811,-0.005,4.021,9.152,-0.290,0.134,0.000,0.209,-0.132,3,-0.982,-0.958,0,0,123,0,3.479,9.155
4171,0.000,-4.252,7.152,0.115,3.494,9.253,-0.015,-17.458,-7.811,0.000,4.004,9.178,-0.137,0.134,0.000,0.209,-0.132,3,-0.981,-0.959,0,0,120,0,3.571,9.247
4172,0.000,-4.230,7.152,0.104,3.537,9.265,-0.107,-17.436,-7.811,0.000,4.004,9.171,-0.015,0.134,0.000,0.209,-0.132,3,-0.982,-0.958,1,0,119,1,3.479,9.247
4173,0.000,-4.186,7.152,0.126,3.528,9.219,-0.076,-17.414,-7.811,0.000,4.035,9.152,-0.107,0.134,0.000,0.209,-0.132,3,-0.982,-0.959,0,0,122,2,3.479,9.247
4174,0.000,-4.164,7.152,0.115,3.530,9.181,-0.046,-17.392,-7.811,0.000,4.052,9.169,-0.198,0.134,0.000,0.209,-0.132,3,-0.982,-0.958,0,0,124,0,3.479,9.247
4175,0.000,-4.142,7.152,0.126,3.607,9.224,0.046,-17.370,-7.811,0.005,4.000,9.159,-0.137,0.134,0.000,0.209,-0.132,3,-0.982,-0.959,0,0,118,0,3.479,9.155
4176,0.000,-4.120,7.152,0.148,3.569,9.221,0.015,-17.348,-7.811,0.005,4.024,9.138,-0.046,0.134,0.000,0.209,-0.132,3,-0.981,-0.959,0,2,118,2,3.479,9.155
4177,0.000,-4.098,7.152,0.115,3.487,9.226,0.000,-17.326,-7.811,0.000,4.045,9.133,0.137,0.134,0.000,0.209,-0.132,3,-0.982,-0.958,0,0,121,2,3.571,9.155
4178,0.000,-4.076,7.152,0.137,3.499,9.233,0.015,-17.304,-7.811,0.016,4.000,9.111,0.198,0.134,0.000,0.209,-0.132,3,-0.981,-0.959,0,0,121,1,3.479,9.155
4179,0.000,-4.054,7.152,0.137,3.542,9.224,0.137,-17.282,-7.811,-0.005,4.009,9.118,0.137,0.134,0.000,0.209,-0.132,3,-0.982,-0.958,0,0,119,0,3.479,9.155
4180,0.000,-4.032,7.152,0.126,3.540,9.221,0.076,-17.260,-7.811,0.000,4.014,9.162,0.015,0.134,0.000,0.209,-0.132,3,-0.984,-0.959,0,0,119,1,3.479,9.155
4181,0.000,-4.010,7.152,0.126,3.526,9.200,0.107,-17.238,-7.811,0.000,4.033,9.169,0.000,0.134,0.000,0.209,-0.132,3,-0.980,-0.959,0,0,120,0,3.479,9.155
4182,0.000,-3.988,7.152,0.126,3.616,9.221,0.168,-17.238,-7.811,0.000,4.026,9.174,0.046,0.134,0.000,0.209,-0.132,3,-0.980,-0.960,0,0,121,0,3.479,9.155
4183,0.000,-3.944,7.152,0.115,3.593,9.212,0.046,-17.216,-7.811,-0.005,4.014,9.166,0.168,0.134,0.000,0.209,-0.132,3,-0.983,-0.959,0,0,119,3,3.479,9.155
4184,0.000,-3.922,7.152,0.115,3.492,9.202,0.076,-17.194,-7.811,0.005,4.050,9.126,0.168,0.134,0.000,0.209,-0.132,3,-0.984,-0.958,0,0,118,3,3.571,9.155
4185,0.000,-3.922,7.152,0.115,3.547,9.236,0.198,-17.172,-7.811,0.005,4.033,9.126,0.137,0.134,0.000,0.209,-0.132,3,-0.983,-0.959,2,0,118,0,3.571,9.155
4186,0.000,-3.900,7.152,0.115,3.573,9.265,0.137,-17.150,-7.811,0.000,4.004,9.164,0.046,0.134,0.000,0.209,-0.132,3,-0.982,-0.959,0,0,120,0,3.479,9.155
4187,0.000,-3.878,7.152,0.137,3.540,9.274,0.137,-17.150,-7.811,-0.005,3.983,9.166,0.015,0.134,0.000,0.209,-0.132,3,-0.982,-0.960,3,0,120,1,3.479,9.155
4188,0.000,-3.856,7.152,0.115,3.528,9.245,0.198,-17.128,-7.811,0.005,3.988,9.162,0.168,0.134,0.000,0.209,-0.132,3,-0.981,-0.959,0,0,124,1,3.571,9.247
4189,0.000,-3.834,7.152,0.126,3.545,9.195,0.198,-17.106,-7.811,-0.005,4.019,9.145,0.259,0.134,0.000,0.209,-0.132,3,-0.983,-0.960,0,0,120,0,3.479,9.247
4190,0.000,-3.812,7.152,0.126,3.516,9.195,0.198,-17.106,-7.811,-0.005,3.992,9.178,0.320,0.134,0.000,0.209,-0.132,3,-0.983,-0.959,1,0,120,0,3.479,9.155
4191,0.000,-3.812,7.152,0.126,3.494,9.260,0.198,-17.084,-7.811,0.000,4.000,9.169,0.351,0.134,0.000,0.209,-0.132,3,-0.983,-0.958,0,0,120,1,3.479,9.155
4192,0.000,-3.790,7.152,0.104,3.511,9.272,0.320,-17.084,-7.811,0.000,4.012,9.116,0.443,0.134,0.000,0.209,-0.132,3,-0.983,-0.959,4,0,120,0,3.479,9.155
4193,0.000,-3.768,7.152,0.126,3.506,9.265,0.320,-17.062,-7.811,0.005,4.002,9.147,0.443,0.134,0.000,0.209,-0.132,3,-0.980,-0.959,0,0,123,0,3.479,9.247
4194,0.000,-3.768,7.152,0.115,3.494,9.238,0.351,-17.062,-7.811,0.000,3.964,9.162,0.381,0.134,0.000,0.209,-0.132,3,-0.981,-0.961,0,0,120,0,3.479,9.247
4195,0.000,-3.746,7.152,0.126,3.540,9.238,0.381,-17.040,-7.811,-0.005,3.947,9.150,0.381,0.134,0.000,0.209,-0.132,3,-0.983,-0.958,0,0,119,0,3.479,9.247
4196,0.000,-3.724,7.152,0.126,3.573,9.250,0.381,-17.040,-7.811,0.000,3.954,9.152,0.290,0.134,0.000,0.209,-0.132,3,-0.982,-0.959,0,0,120,0,3.479,9.155
4197,0.000,-3.724,7.152,0.104,3.537,9.281,0.565,-17.040,-7.811,-0.005,3.945,9.193,0.320,0.134,0.000,0.209,-0.132,3,-0.982,-0.958,2,0,123,0,3.479,9.155
4198,0.000,-3.702,7.152,0.115,3.461,9.320,0.534,-17.040,-7.811,0.000,3.909,9.231,0.412,0.134,0.000,0.209,-0.132,3,-0.982,-0.958,0,1,121,0,3.571,9.247
4199,0.000,-3.702,7.152,0.115,3.384,9.269,0.443,-17.040,-7.811,0.000,3.921,9.219,0.381,0.134,0.000,0.209,-0.132,3,-0.983,-0.959,0,0,120,0,3.479,9.247
4200,0.000,-3.702,7.152,0.126,3.437,9.255,0.473,-17.018,-7.811,0.000,3.954,9.154,0.443,0.134,0.000,0.209,-0.132,3,-0.982,-0.958,0,0,117,0,3.388,9.247
4201,0.000,-3.702,7.152,0.137,3.461,9.279,0.595,-17.018,-7.811,0.016,3.925,9.212,0.534,0.134,0.000,0.209,-0.132,3,-0.982,-0.959,0,0,125,0,3.296,9.247
4202,0.000,-3.702,7.152,0.115,3.425,9.320,0.687,-17.018,-7.811,0.000,3.928,9.214,0.626,0.134,0.000,0.209,-0.132,3,-0.982,-0.958,0,0,123,0,3.388,9.247
4203,0.000,-3.702,7.152,0.115,3.396,9.322,0.504,-17.018,-7.811,-0.005,3.968,9.166,0.473,0.134,0.000,0.209,-0.132,3,-0.982,-0.959,0,5,117,0,3.388,9.247
4204,0.000,-3.702,7.152,0.137,3.449,9.308,0.443,-17.018,-7.811,0.005,3.925,9.181,0.504,0.134,0.000,0.209,-0.132,3,-0.982,-0.958,0,0,120,0,3.388,9.247
4205,0.000,-3.702,7.152,0.126,3.528,9.305,0.595,-17.018,-7.811,0.000,3.911,9.176,0.626,0.134,0.000,0.209,-0.132,3,-0.981,-0.959,0,0,124,0,3.388,9.247
4206,0.000,-3.680,7.152,0.137,3.447,9.288,0.748,-17.018,-7.811,-0.005,3.865,9.121,0.717,0.134,0.000,0.209,-0.132,3,-0.982,-0.959,1,0,125,0,3.388,9.247
4207,0.000,-3.680,7.152,0.137,3.391,9.291,0.626,-17.018,-7.811,0.000,3.818,9.162,0.717,0.134,0.000,0.209,-0.132,3,-0.982,-0.958,0,1,126,0,3.479,9.247
4208,0.000,-3.680,7.152,0.126,3.353,9.312,0.534,-17.018,-7.811,-0.005,3.854,9.188,0.687,0.134,0.000,0.209,-0.132,3,-0.982,-0.958,0,1,126,0,3.388,9.247
4209,0.000,-3.702,7.152,0.115,3.360,9.353,0.717,-17.018,-7.811,0.005,3.846,9.150,0.656,0.134,0.000,0.209,-0.132,3,-0.983,-0.959,5,0,124,5,3.388,9.247
4210,0.000,-3.702,7.152,0.115,3.399,9.336,0.839,-17.018,-7.811,0.000,3.832,9.147,0.656,0.134,0.000,0.209,-0.132,3,-0.981,-0.959,0,0,123,0,3.296,9.247
4211,0.000,-3.702,7.152,0.115,3.336,9.284,0.748,-17.040,-7.811,0.016,3.844,9.150,0.717,0.134,0.000,0.209,-0.132,3,-0.982,-0.958,1,0,124,3,3.296,9.339
4212,0.000,-3.724,7.152,0.115,3.353,9.312,0.717,-17.040,-7.811,-0.016,3.808,9.130,0.565,0.134,0.000,0.209,-0.132,3,-0.982,-0.958,0,0,127,0,3.388,9.247
4213,0.000,-3.724,7.152,0.115,3.403,9.375,0.748,-17.040,-7.811,-0.005,3.798,9.118,0.381,0.134,0.000,0.209,-0.132,3,-0.982,-0.959,0,0,127,0,3.296,9.247
4214,0.000,-3.724,7.152,0.126,3.327,9.379,0.717,-17.062,-7.811,0.000,3.777,9.123,0.504,0.134,0.000,0.209,-0.132,3,-0.982,-0.959,0,0,127,0,3.296,9.247
4215,0.000,-3.746,7.152,0.137,3.269,9.367,0.626,-17.062,-7.811,-0.005,3.710,9.116,0.687,0.134,0.000,0.209,-0.132,3,-0.981,-0.958,0,0,121,2,3.388,9.339
4216,0.000,-3.768,7.152,0.115,3.288,9.355,0.656,-17.084,-7.811,-0.005,3.734,9.092,0.687,0.134,0.000,0.209,-0.132,3,-0.982,-0.958,0,0,125,2,3.296,9.339
4217,0.000,-3.768,7.152,0.126,3.296,9.346,0.565,-17.084,-7.811,-0.005,3.784,9.106,0.504,0.134,0.000,0.209,-0.132,3,-0.981,-0.958,0,0,125,1,3.204,9.339
4218,0.000,-3.790,7.152,0.115,3.296,9.370,0.748,-17.106,-7.811,0.000,3.760,9.140,0.473,0.134,0.000,0.209,-0.132,3,-0.983,-0.959,0,0,125,0,3.204,9.339
4219,0.000,-3.790,7.152,0.137,3.265,9.430,0.717,-17.106,-7.811,-0.005,3.755,9.166,0.626,0.134,0.000,0.209,-0.132,3,-0.981,-0.959,0,0,125,1,3.296,9.339
4220,0.000,-3.812,7.152,0.115,3.245,9.430,0.626,-17.128,-7.811,0.000,3.772,9.126,0.839,0.134,0.000,0.209,-0.132,3,-0.982,-0.959,0,0,124,0,3.296,9.339
4221,0.000,-3.834,7.152,0.126,3.243,9.379,0.626,-17.128,-7.811,0.000,3.729,9.085,0.748,0.134,0.000,0.209,-0.132,3,-0.980,-0.959,0,0,126,0,3.204,9.430
4222,0.000,-3.856,7.152,0.137,3.269,9.391,0.656,-17.150,-7.811,0.005,3.698,9.104,0.504,0.134,0.000,0.209,-0.132,3,-0.983,-0.958,0,0,125,4,3.204,9.430
4223,0.000,-3.878,7.152,0.137,3.241,9.423,0.687,-17.150,-7.811,0.005,3.712,9.095,0.473,0.134,0.000,0.209,-0.132,3,-0.984,-0.959,0,0,122,3,3.204,9.339
4224,0.000,-3.900,7.152,0.137,3.174,9.442,0.656,-17.172,-7.811,0.000,3.686,9.111,0.473,0.134,0.000,0.209,-0.132,3,-0.983,-0.959,3,0,112,1,3.204,9.339
4225,0.000,-3.922,7.152,0.115,3.198,9.432,0.412,-17.194,-7.811,0.000,3.707,9.126,0.443,0.134,0.000,0.209,-0.132,3,-0.982,-0.958,0,0,112,0,3.204,9.339
4226,0.000,-3.944,7.152,0.126,3.253,9.425,0.595,-17.194,-7.811,0.000,3.700,9.121,0.595,0.134,0.000,0.209,-0.132,3,-0.982,-0.958,3,0,113,1,3.113,9.430
4227,0.000,-3.966,7.152,0.115,3.248,9.444,0.626,-17.216,-7.811,0.000,3.660,9.128,0.473,0.134,0.000,0.209,-0.132,3,-0.982,-0.958,0,1,116,1,3.113,9.430
4228,0.000,-3.988,7.152,0.115,3.188,9.454,0.595,-17.238,-7.811,0.000,3.648,9.174,0.473,0.134,0.000,0.209,-0.132,3,-0.982,-0.960,1,0,115,0,3.204,9.339
4229,0.000,-4.010,7.152,0.126,3.200,9.480,0.565,-17.260,-7.811,-0.005,3.657,9.221,0.351,0.134,0.000,0.209,-0.132,3,-0.983,-0.959,0,0,112,0,3.204,9.430
4230,0.000,-4.032,7.152,0.137,3.207,9.454,0.504,-17.282,-7.811,0.000,3.729,9.197,0.412,0.134,0.000,0.209,-0.132,3,-0.983,-0.958,0,0,112,0,3.113,9.430
4231,0.000,-4.054,7.152,0.137,3.176,9.444,0.626,-17.282,-7.811,0.000,3.715,9.166,0.534,0.134,0.000,0.209,-0.132,3,-0.982,-0.959,5,0,112,1,3.113,9.430
4232,0.000,-4.076,7.152,0.115,3.166,9.490,0.565,-17.304,-7.811,0.000,3.624,9.178,0.443,0.134,0.000,0.209,-0.132,3,-0.981,-0.959,0,2,114,0,3.204,9.430
4233,0.000,-4.098,7.152,0.104,3.133,9.480,0.412,-17.326,-7.811,0.000,3.633,9.162,0.320,0.134,0.000,0.209,-0.132,3,-0.981,-0.960,0,0,113,0,3.113,9.430
4234,0.000,-4.120,7.152,0.115,3.109,9.461,0.534,-17.348,-7.811,0.000,3.640,9.147,0.259,0.134,0.000,0.209,-0.132,3,-0.983,-0.958,0,0,113,0,3.113,9.430
4235,0.000,-4.142,7.152,0.115,3.104,9.458,0.595,-17.370,-7.811,-0.005,3.648,9.162,0.229,0.134,0.000,0.209,-0.132,3,-0.982,-0.959,0,0,112,0,3.113,9.430
4236,0.000,-4.186,7.152,0.126,3.097,9.466,0.504,-17.370,-7.811,-0.005,3.616,9.171,0.259,0.134,0.000,0.209,-0.132,3,-0.982,-0.959,1,0,110,0,3.021,9.430
4237,0.000,-4.208,7.152,0.115,3.126,9.473,0.473,-17.392,-7.811,-0.016,3.566,9.157,0.259,0.134,0.000,0.209,-0.132,3,-0.982,-0.959,0,1,109,0,3.021,9.430
4238,0.000,-4.230,7.152,0.126,3.111,9.502,0.473,-17.436,-7.811,0.000,3.585,9.135,0.229,0.134,0.000,0.209,-0.132,3,-0.983,-0.958,0,0,109,0,3.021,9.430
4239,0.000,-4.274,7.152,0.126,3.085,9.506,0.443,-17.436,-7.811,0.000,3.616,9.166,0.107,0.134,0.000,0.209,-0.132,3,-0.982,-0.958,0,0,114,0,3.113,9.430
4240,0.000,-4.296,7.152,0.126,3.090,9.490,0.290,-17.458,-7.811,0.000,3.638,9.157,0.168,0.134,0.000,0.209,-0.132,3,-0.982,-0.959,0,0,112,0,3.021,9.430
4241,0.000,-4.318,7.152,0.126,3.121,9.490,0.290,-17.480,-7.811,0.005,3.643,9.135,0.198,0.134,0.000,0.209,-0.132,3,-0.982,-0.959,2,0,111,0,3.021,9.430
4242,0.000,-4.340,7.152,0.126,3.154,9.509,0.381,-17.501,-7.811,0.000,3.597,9.138,0.290,0.134,0.000,0.209,-0.132,3,-0.983,-0.958,0,5,108,0,3.021,9.430
4243,0.000,-4.362,7.152,0.137,3.152,9.528,0.290,-17.523,-7.811,0.000,3.600,9.116,0.107,0.134,0.000,0.209,-0.132,3,-0.983,-0.957,0,0,106,1,3.113,9.430
4244,0.000,-4.384,7.152,0.126,3.116,9.499,0.137,-17.523,-7.811,0.005,3.597,9.195,0.168,0.134,0.000,0.209,-0.132,3,-0.982,-0.958,0,0,112,0,3.113,9.430
4245,0.000,-4.406,7.152,0.115,3.095,9.494,0.015,-17.545,-7.811,0.000,3.557,9.150,0.076,0.134,0.000,0.209,-0.132,3,-0.982,-0.958,0,0,111,1,3.113,9.522
4246,0.000,-4.450,7.152,0.137,3.133,9.511,0.076,-17.567,-7.811,0.000,3.576,9.118,0.000,0.134,0.000,0.209,-0.132,3,-0.982,-0.959,3,1,111,0,3.113,9.430
4247,0.000,-4.472,7.152,0.137,3.128,9.516,0.198,-17.589,-7.811,0.000,3.585,9.118,0.000,0.134,0.000,0.209,-0.132,3,-0.982,-0.958,0,2,112,0,3.021,9.430
4248,0.000,-4.493,7.152,0.115,3.090,9.549,0.198,-17.611,-7.811,0.005,3.566,9.130,0.000,0.134,0.000,0.209,-0.132,3,-0.982,-0.958,0,0,112,0,3.113,9.430
4249,0.000,-4.515,7.152,0.126,3.078,9.552,0.000,-17.633,-7.811,-0.005,3.537,9.128,0.046,0.134,0.000,0.209,-0.132,3,-0.982,-0.959,0,3,112,2,3.113,9.430
4250,0.000,-4.537,7.152,0.126,3.126,9.533,-0.015,-17.655,-7.811,0.000,3.549,9.109,0.076,0.134,0.000,0.209,-0.132,3,-0.983,-0.958,0,0,109,3,3.021,9.522
4251,0.000,-4.559,7.152,0.126,3.128,9.504,-0.137,-17.677,-7.811,0.000,3.614,9.111,0.000,0.134,0.000,0.209,-0.132,3,-0.982,-0.958,0,0,114,0,3.021,9.522
4252,0.000,-4.581,7.152,0.137,3.109,9.506,0.000,-17.677,-7.811,0.000,3.597,9.109,0.000,0.134,0.000,0.209,-0.132,3,-0.982,-0.958,0,0,114,0,3.113,9.522
4253,0.000,-4.603,7.152,0.137,3.123,9.542,0.168,-17.699,-7.811,-0.016,3.559,9.118,-0.046,0.134,0.000,0.209,-0.132,3,-0.983,-0.959,0,0,109,0,3.113,9.430
4254,0.000,-4.625,7.152,0.126,3.102,9.525,-0.015,-17.721,-7.811,0.000,3.571,9.118,-0.046,0.134,0.000,0.209,-0.132,3,-0.981,-0.959,0,2,106,2,3.021,9.430
4255,0.000,-4.647,7.152,0.115,3.118,9.497,-0.076,-17.743,-7.811,0.000,3.576,9.133,0.000,0.134,0.000,0.209,-0.132,3,-0.983,-0.958,0,0,110,2,3.113,9.522
4256,0.000,-4.647,7.152,0.115,3.198,9.509,-0.076,-17.743,-7.811,0.000,3.578,9.150,-0.046,0.134,0.000,0.209,-0.132,3,-0.983,-0.959,0,0,110,1,3.021,9.522
4257,0.000,-4.669,7.152,0.126,3.157,9.545,-0.107,-17.765,-7.811,0.000,3.561,9.140,-0.259,0.134,0.000,0.209,-0.132,3,-0.984,-0.959,0,0,109,1,3.113,9.430
4258,0.000,-4.691,7.152,0.137,3.075,9.535,-0.137,-17.787,-7.811,0.000,3.585,9.152,-0.351,0.134,0.000,0.209,-0.132,3,-0.984,-0.959,0,0,107,0,3.113,9.430
4259,0.000,-4.713,7.152,0.137,3.087,9.518,-0.107,-17.809,-7.811,0.005,3.593,9.135,-0.290,0.134,0.000,0.209,-0.132,3,-0.982,-0.959,0,1,109,1,3.113,9.522
4260,0.000,-4.735,7.152,0.126,3.080,9.511,-0.168,-17.809,-7.811,-0.016,3.585,9.138,-0.259,0.134,0.000,0.209,-0.132,3,-0.981,-0.959,0,0,109,0,3.021,9.522
4261,0.000,-4.757,7.152,0.126,3.087,9.509,-0.137,-17.831,-7.811,0.005,3.612,9.111,-0.137,0.134,0.000,0.209,-0.132,3,-0.984,-0.958,0,0,107,3,3.021,9.430
4262,0.000,-4.779,7.152,0.115,3.123,9.533,-0.229,-17.831,-7.811,0.016,3.616,9.068,-0.015,0.134,0.000,0.209,-0.132,3,-0.984,-0.958,0,0,108,0,3.021,9.430
4263,0.000,-4.779,7.152,0.137,3.140,9.537,-0.168,-17.853,-7.811,0.000,3.597,9.111,-0.290,0.134,0.000,0.209,-0.132,3,-0.982,-0.958,0,0,108,0,3.021,9.430
4264,0.000,-4.801,7.152,0.137,3.114,9.533,-0.107,-17.853,-7.811,0.000,3.605,9.128,-0.473,0.134,0.000,0.209,-0.132,3,-0.982,-0.958,0,0,108,0,3.113,9.522
4265,0.000,-4.823,7.152,0.126,3.130,9.525,-0.198,-17.853,-7.811,0.000,3.616,9.121,-0.443,0.134,0.000,0.209,-0.132,3,-0.982,-0.960,3,0,108,1,3.113,9.522
4266,0.000,-4.823,7.152,0.126,3.178,9.482,-0.504,-17.875,-7.811,0.000,3.595,9.138,-0.290,0.134,0.000,0.209,-0.132,3,-0.982,-0.958,0,0,110,1,3.113,9.522
4267,0.000,-4.845,7.152,0.137,3.186,9.497,-0.412,-17.875,-7.811,-0.005,3.631,9.157,-0.351,0.134,0.000,0.209,-0.132,3,-0.982,-0.958,1,0,106,0,3.113,9.522
4268,0.000,-4.845,7.152,0.115,3.123,9.499,-0.473,-17.897,-7.811,-0.005,3.669,9.142,-0.412,0.134,0.000,0.209,-0.132,3,-0.983,-0.959,1,0,108,0,3.113,9.430
4269,0.000,-4.867,7.152,0.115,3.140,9.533,-0.443,-17.897,-7.811,0.000,3.662,9.126,-0.534,0.134,0.000,0.209,-0.132,3,-0.981,-0.958,0,0,108,0,3.113,9.430
4270,0.000,-4.867,7.152,0.137,3.188,9.537,-0.473,-17.897,-7.811,0.005,3.662,9.106,-0.534,0.134,0.000,0.209,-0.132,3,-0.982,-0.959,5,0,112,1,3.113,9.430
4271,0.000,-4.889,7.152,0.115,3.159,9.449,-0.381,-17.897,-7.811,0.005,3.621,9.142,-0.534,0.134,0.000,0.209,-0.132,3,-0.981,-0.959,0,0,117,0,3.113,9.522
4272,0.000,-4.889,7.152,0.137,3.193,9.423,-0.381,-17.919,-7.811,0.000,3.631,9.169,-0.473,0.134,0.000,0.209,-0.132,3,-0.982,-0.960,0,0,114,0,3.113,9.522
4273,0.000,-4.889,7.152,0.126,3.236,9.442,-0.534,-17.919,-7.811,0.000,3.681,9.114,-0.534,0.134,0.000,0.209,-0.132,3,-0.984,-0.959,0,0,112,0,3.113,9.430
4274,0.000,-4.889,7.152,0.126,3.255,9.466,-0.565,-17.919,-7.811,0.000,3.657,9.118,-0.595,0.134,0.000,0.209,-0.132,3,-0.983,-0.958,0,0,113,0,3.113,9.339
4275,0.000,-4.889,7.152,0.137,3.277,9.504,-0.534,-17.919,-7.811,0.016,3.655,9.171,-0.656,0.134,0.000,0.209,-0.132,3,-0.983,-0.959,1,0,113,0,3.204,9.430
4276,0.000,-4.889,7.152,0.104,3.214,9.482,-0.412,-17.919,-7.811,-0.016,3.703,9.140,-0.687,0.134,0.000,0.209,-0.132,3,-0.983,-0.959,0,2,105,1,3.204,9.430
4277,0.000,-4.889,7.152,0.115,3.190,9.394,-0.504,-17.919,-7.811,0.000,3.703,9.104,-0.565,0.134,0.000,0.209,-0.132,3,-0.983,-0.958,0,0,108,0,3.204,9.430
4278,0.000,-4.889,7.152,0.137,3.221,9.363,-0.748,-17.919,-7.811,0.016,3.667,9.121,-0.565,0.134,0.000,0.209,-0.132,3,-0.983,-0.958,0,0,105,0,3.204,9.430
4279,0.000,-4.889,7.152,0.115,3.245,9.411,-0.626,-17.919,-7.811,0.000,3.686,9.138,-0.717,0.134,0.000,0.209,-0.132,3,-0.982,-0.959,0,0,109,0,3.113,9.339
4280,0.000,-4.889,7.152,0.115,3.253,9.437,-0.626,-17.919,-7.811,0.000,3.734,9.157,-0.748,0.134,0.000,0.209,-0.132,3,-0.983,-0.959,0,0,111,0,3.204,9.339
4281,0.000,-4.889,7.152,0.126,3.245,9.411,-0.687,-17.919,-7.811,0.000,3.760,9.145,-0.595,0.134,0.000,0.209,-0.132,3,-0.983,-0.958,0,3,103,0,3.204,9.339
4282,0.000,-4.889,7.152,0.115,3.310,9.384,-0.626,-17.919,-7.811,-0.005,3.746,9.121,-0.565,0.134,0.000,0.209,-0.132,3,-0.983,-0.957,0,0,104,1,3.204,9.430
4283,0.000,-4.867,7.152,0.126,3.332,9.377,-0.534,-17.919,-7.811,0.005,3.743,9.111,-0.534,0.134,0.000,0.209,-0.132,3,-0.981,-0.959,0,0,109,0,3.204,9.339
4284,0.000,-4.867,7.152,0.126,3.315,9.413,-0.473,-17.897,-7.811,0.000,3.758,9.133,-0.626,0.134,0.000,0.209,-0.132,3,-0.982,-0.959,0,0,109,0,3.296,9.339
4285,0.000,-4.845,7.152,0.137,3.288,9.430,-0.504,-17.897,-7.811,0.000,3.741,9.150,-0.717,0.134,0.000,0.209,-0.132,3,-0.983,-0.958,0,1,109,1,3.296,9.339
4286,0.000,-4.845,7.152,0.126,3.312,9.399,-0.626,-17.897,-7.811,0.005,3.748,9.135,-0.504,0.134,0.000,0.209,-0.132,3,-0.982,-0.958,0,2,108,0,3.296,9.339
4287,0.000,-4.845,7.152,0.115,3.339,9.377,-0.687,-17.897,-7.811,-0.005,3.846,9.171,-0.412,0.134,0.000,0.209,-0.132,3,-0.982,-0.958,0,0,107,0,3.204,9.430
4288,0.000,-4.823,7.152,0.137,3.363,9.377,-0.626,-17.875,-7.811,0.005,3.806,9.140,-0.626,0.134,0.000,0.209,-0.132,3,-0.981,-0.959,0,0,107,0,3.296,9.339
4289,0.000,-4.801,7.152,0.126,3.341,9.372,-0.565,-17.875,-7.811,0.000,3.806,9.150,-0.687,0.134,0.000,0.209,-0.132,3,-0.982,-0.960,1,0,111,0,3.296,9.339
4290,0.000,-4.801,7.152,0.104,3.327,9.384,-0.473,-17.853,-7.811,-0.005,3.806,9.205,-0.717,0.134,0.000,0.209,-0.132,3,-0.983,-0.959,0,1,109,2,3.296,9.339
4291,0.000,-4.779,7.152,0.126,3.384,9.389,-0.595,-17.853,-7.811,0.005,3.806,9.162,-0.656,0.134,0.000,0.209,-0.132,3,-0.982,-0.959,0,0,111,0,3.296,9.339
4292,0.000,-4.779,7.152,0.126,3.418,9.365,-0.717,-17.831,-7.811,0.000,3.856,9.102,-0.473,0.134,0.000,0.209,-0.132,3,-0.983,-0.959,0,0,109,0,3.296,9.339
4293,0.000,-4.757,7.152,0.115,3.427,9.341,-0.748,-17.831,-7.811,0.000,3.865,9.130,-0.412,0.134,0.000,0.209,-0.132,3,-0.981,-0.959,0,2,104,3,3.296,9.339
4294,0.000,-4.735,7.152,0.115,3.420,9.334,-0.595,-17.809,-7.811,-0.016,3.834,9.157,-0.443,0.134,0.000,0.209,-0.132,3,-0.982,-0.958,0,0,108,1,3.388,9.339
4295,0.000,-4.713,7.152,0.104,3.425,9.346,-0.504,-17.809,-7.811,0.005,3.858,9.169,-0.534,0.134,0.000,0.209,-0.132,3,-0.982,-0.959,0,0,109,0,3.388,9.339
4296,0.000,-4.691,7.152,0.126,3.423,9.355,-0.381,-17.787,-7.811,0.000,3.911,9.154,-0.565,0.134,0.000,0.209,-0.132,3,-0.984,-0.958,0,0,107,0,3.388,9.247
4297,0.000,-4.669,7.152,0.104,3.454,9.375,-0.381,-17.765,-7.811,0.005,3.885,9.140,-0.351,0.134,0.000,0.209,-0.132,3,-0.984,-0.959,0,0,107,0,3.388,9.339
4298,0.000,-4.647,7.152,0.126,3.468,9.348,-0.381,-17.743,-7.811,0.005,3.863,9.140,-0.290,0.134,0.000,0.209,-0.132,3,-0.980,-0.959,0,0,108,0,3.388,9.339
4299,0.000,-4.625,7.152,0.137,3.463,9.327,-0.381,-17.743,-7.811,0.000,3.909,9.130,-0.320,0.134,0.000,0.209,-0.132,3,-0.985,-0.958,0,0,108,3,3.388,9.339
4300,0.000,-4.603,7.152,0.137,3.451,9.334,-0.473,-17.721,-7.811,0.005,3.904,9.109,-0.320,0.134,0.000,0.209,-0.132,3,-0.984,-0.959,0,0,110,4,3.388,9.339
4301,0.000,-4.581,7.152,0.126,3.456,9.305,-0.443,-17.699,-7.811,0.000,3.923,9.106,-0.412,0.134,0.000,0.209,-0.132,3,-0.984,-0.959,0,0,113,0,3.388,9.247
4302,0.000,-4.559,7.152,0.137,3.490,9.281,-0.381,-17.677,-7.811,-0.016,3.904,9.157,-0.381,0.134,0.000,0.209,-0.132,3,-0.982,-0.959,0,0,113,0,3.388,9.247
4303,0.000,-4.537,7.152,0.126,3.482,9.312,-0.381,-17.677,-7.811,0.016,3.894,9.176,-0.259,0.134,0.000,0.209,-0.132,3,-0.982,-0.959,0,0,114,0,3.388,9.247
4304,0.000,-4.515,7.152,0.148,3.470,9.303,-0.412,-17.655,-7.811,0.000,3.889,9.154,-0.320,0.134,0.000,0.209,-0.132,3,-0.982,-0.959,3,0,113,2,3.479,9.247
4305,0.000,-4.493,7.152,0.126,3.473,9.269,-0.504,-17.655,-7.811,0.000,3.882,9.150,-0.351,0.134,0.000,0.209,-0.132,3,-0.982,-0.959,0,1,116,1,3.479,9.247
4306,0.000,-4.472,7.152,0.115,3.557,9.305,-0.290,-17.633,-7.811,0.000,3.940,9.130,-0.290,0.134,0.000,0.209,-0.132,3,-0.984,-0.959,0,0,113,0,3.388,9.247
4307,0.000,-4.428,7.152,0.126,3.588,9.300,-0.229,-17.611,-7.811,0.000,3.988,9.123,-0.412,0.134,0.000,0.209,-0.132,3,-0.984,-0.958,0,0,113,0,3.388,9.247
4308,0.000,-4.406,7.152,0.115,3.475,9.281,-0.259,-17.589,-7.811,-0.005,3.990,9.138,-0.351,0.134,0.000,0.209,-0.132,3,-0.984,-0.958,0,0,112,1,3.479,9.247
4309,0.000,-4.384,7.152,0.115,3.439,9.243,-0.259,-17.567,-7.811,0.000,3.937,9.142,-0.259,0.134,0.000,0.209,-0.132,3,-0.983,-0.959,0,0,112,1,3.571,9.247
4310,0.000,-4.362,7.152,0.126,3.473,9.207,-0.290,-17.545,-7.811,0.000,3.923,9.109,-0.046,0.134,0.000,0.209,-0.132,3,-0.981,-0.959,0,0,116,0,3.388,9.247
4311,0.000,-4.340,7.152,0.126,3.540,9.262,-0.351,-17.523,-7.811,0.005,3.983,9.111,-0.046,0.134,0.000,0.209,-0.132,3,-0.983,-0.959,0,0,112,0,3.388,9.155
4312,0.000,-4.318,7.152,0.126,3.585,9.255,-0.259,-17.501,-7.811,0.005,3.976,9.133,-0.107,0.134,0.000,0.209,-0.132,3,-0.984,-0.959,0,0,112,0,3.388,9.155
4313,0.000,-4.296,7.152,0.137,3.504,9.238,-0.229,-17.501,-7.811,0.016,3.930,9.157,-0.229,0.134,0.000,0.209,-0.132,3,-0.982,-0.959,0,0,115,0,3.479,9.247
4314,0.000,-4.274,7.152,0.137,3.485,9.250,-0.229,-17.480,-7.811,0.000,3.947,9.181,-0.229,0.134,0.000,0.209,-0.132,3,-0.982,-0.959,2,0,115,0,3.571,9.247
4315,0.000,-4.230,7.152,0.115,3.573,9.269,-0.076,-17.458,-7.811,-0.005,3.959,9.150,-0.168,0.134,0.000,0.209,-0.132,3,-0.982,-0.959,0,1,111,0,3.479,9.155
4316,0.000,-4.208,7.152,0.115,3.585,9.286,-0.046,-17.436,-7.811,-0.016,3.954,9.157,-0.076,0.134,0.000,0.209,-0.132,3,-0.983,-0.959,0,0,112,0,3.479,9.247
4317,0.000,-4.186,7.152,0.115,3.523,9.281,0.046,-17.436,-7.811,0.016,3.990,9.154,-0.046,0.134,0.000,0.209,-0.132,3,-0.983,-0.958,0,0,112,0,3.571,9.247
4318,0.000,-4.164,7.152,0.115,3.523,9.291,0.107,-17.414,-7.811,-0.005,4.014,9.142,0.015,0.134,0.000,0.209,-0.132,3,-0.982,-0.960,0,0,115,0,3.571,9.247
4319,0.000,-4.142,7.152,0.115,3.530,9.291,-0.076,-17.392,-7.811,0.000,3.971,9.169,-0.076,0.134,0.000,0.209,-0.132,3,-0.983,-0.959,3,0,109,0,3.479,9.247
4320,0.000,-4.120,7.152,0.126,3.557,9.281,-0.229,-17.370,-7.811,-0.005,3.964,9.178,0.000,0.134,0.000,0.209,-0.132,3,-0.983,-0.958,0,3,108,0,3.479,9.247
4321,0.000,-4.098,7.152,0.126,3.583,9.288,-0.015,-17.370,-7.811,0.000,3.980,9.157,0.000,0.134,0.000,0.209,-0.132,3,-0.983,-0.959,0,0,113,0,3.479,9.247
4322,0.000,-4.076,7.152,0.137,3.557,9.281,0.107,-17.348,-7.811,0.000,4.004,9.169,0.000,0.134,0.000,0.209,-0.132,3,-0.981,-0.958,0,0,113,0,3.479,9.247
4323,0.000,-4.054,7.152,0.126,3.557,9.250,0.076,-17.326,-7.811,0.000,4.009,9.166,-0.015,0.134,0.000,0.209,-0.132,3,-0.982,-0.959,1,0,113,0,3.571,9.247
4324,0.000,-4.032,7.152,0.115,3.561,9.267,0.137,-17.304,-7.811,-0.005,3.997,9.126,0.015,0.134,0.000,0.209,-0.132,3,-0.983,-0.958,0,1,111,2,3.479,9.247
4325,0.000,-4.010,7.152,0.126,3.581,9.305,0.076,-17.282,-7.811,0.000,4.019,9.152,0.137,0.134,0.000,0.209,-0.132,3,-0.982,-0.958,0,3,112,0,3.479,9.247
4326,0.000,-3.988,7.152,0.126,3.535,9.291,0.015,-17.282,-7.811,-0.005,4.012,9.183,0.168,0.134,0.000,0.209,-0.132,3,-0.983,-0.958,0,0,111,0,3.479,9.247
4327,0.000,-3.966,7.152,0.126,3.473,9.286,0.076,-17.260,-7.811,0.000,3.992,9.178,0.046,0.134,0.000,0.209,-0.132,3,-0.982,-0.958,0,0,111,0,3.571,9.247
4328,0.000,-3.944,7.152,0.126,3.511,9.286,0.320,-17.238,-7.811,0.000,4.031,9.190,0.107,0.134,0.000,0.209,-0.132,3,-0.983,-0.958,0,0,111,3,3.479,9.247
4329,0.000,-3.944,7.152,0.115,3.566,9.260,0.229,-17.216,-7.811,0.005,4.057,9.145,0.290,0.134,0.000,0.209,-0.132,3,-0.982,-0.959,0,0,111,0,3.388,9.247
4330,0.000,-3.922,7.152,0.126,3.547,9.269,0.046,-17.216,-7.811,0.000,3.954,9.200,0.351,0.134,0.000,0.209,-0.132,3,-0.983,-0.959,0,0,115,0,3.479,9.247
4331,0.000,-3.900,7.152,0.126,3.559,9.281,0.046,-17.194,-7.811,0.005,3.971,9.176,0.259,0.134,0.000,0.209,-0.132,3,-0.983,-0.959,0,0,110,1,3.479,9.247
4332,0.000,-3.878,7.152,0.126,3.545,9.286,0.229,-17.194,-7.811,0.000,4.016,9.183,0.168,0.134,0.000,0.209,-0.132,3,-0.982,-0.958,0,2,100,1,3.479,9.247
4333,0.000,-3.856,7.152,0.126,3.475,9.288,0.198,-17.172,-7.811,0.000,4.004,9.209,0.107,0.134,0.000,0.209,-0.132,3,-0.982,-0.958,0,0,106,1,3.479,9.247
4334,0.000,-3.856,7.152,0.148,3.518,9.250,0.229,-17.150,-7.811,0.000,4.026,9.171,0.229,0.134,0.000,0.209,-0.132,3,-0.983,-0.959,0,0,107,1,3.479,9.247
4335,0.000,-3.834,7.152,0.126,3.559,9.229,0.473,-17.150,-7.811,0.000,4.014,9.147,0.351,0.134,0.000,0.209,-0.132,3,-0.984,-0.959,0,0,107,1,3.388,9.247
4336,0.000,-3.812,7.152,0.115,3.492,9.250,0.504,-17.128,-7.811,0.000,3.904,9.176,0.320,0.134,0.000,0.209,-0.132,3,-0.982,-0.958,0,0,108,0,3.479,9.247
4337,0.000,-3.812,7.152,0.126,3.461,9.267,0.473,-17.128,-7.811,-0.005,3.887,9.169,0.229,0.134,0.000,0.209,-0.132,3,-0.980,-0.958,0,0,111,0,3.479,9.155
4338,0.000,-3.790,7.152,0.115,3.478,9.279,0.381,-17.128,-7.811,-0.005,3.940,9.128,0.381,0.134,0.000,0.209,-0.132,3,-0.984,-0.958,0,0,111,4,3.479,9.247
4339,0.000,-3.790,7.152,0.115,3.482,9.262,0.473,-17.106,-7.811,0.005,3.937,9.111,0.351,0.134,0.000,0.209,-0.132,3,-0.983,-0.958,0,0,111,0,3.388,9.247
4340,0.000,-3.768,7.152,0.115,3.506,9.250,0.534,-17.106,-7.811,-0.005,3.899,9.150,0.320,0.134,0.000,0.209,-0.132,3,-0.984,-0.958,0,0,110,2,3.388,9.247
4341,0.000,-3.768,7.152,0.126,3.480,9.286,0.534,-17.106,-7.811,-0.005,3.906,9.174,0.351,0.134,0.000,0.209,-0.132,3,-0.982,-0.959,0,0,110,0,3.479,9.247
4342,0.000,-3.768,7.152,0.137,3.413,9.281,0.626,-17.106,-7.811,-0.005,3.930,9.157,0.351,0.134,0.000,0.209,-0.132,3,-0.982,-0.959,0,0,110,0,3.479,9.247
4343,0.000,-3.768,7.152,0.148,3.401,9.260,0.504,-17.106,-7.811,0.000,3.909,9.174,0.412,0.134,0.000,0.209,-0.132,3,-0.982,-0.961,3,0,108,1,3.479,9.247
4344,0.000,-3.746,7.152,0.115,3.447,9.265,0.595,-17.084,-7.811,0.000,3.897,9.147,0.473,0.134,0.000,0.209,-0.132,3,-0.982,-0.959,0,2,110,1,3.388,9.247
4345,0.000,-3.746,7.152,0.126,3.439,9.293,0.565,-17.084,-7.811,0.000,3.870,9.111,0.473,0.134,0.000,0.209,-0.132,3,-0.982,-0.960,0,0,108,0,3.388,9.247
4346,0.000,-3.746,7.152,0.115,3.384,9.300,0.534,-17.084,-7.811,0.005,3.870,9.142,0.534,0.134,0.000,0.209,-0.132,3,-0.984,-0.959,0,0,103,0,3.388,9.247
4347,0.000,-3.746,7.152,0.126,3.384,9.303,0.320,-17.084,-7.811,0.000,3.837,9.140,0.626,0.134,0.000,0.209,-0.132,3,-0.984,-0.958,0,0,100,1,3.388,9.247
4348,0.000,-3.746,7.152,0.115,3.408,9.310,0.351,-17.106,-7.811,-0.005,3.813,9.126,0.504,0.134,0.000,0.209,-0.132,3,-0.982,-0.959,6,0,105,1,3.296,9.247
4349,0.000,-3.746,7.152,0.126,3.451,9.324,0.473,-17.106,-7.811,0.000,3.880,9.138,0.351,0.134,0.000,0.209,-0.132,3,-0.984,-0.959,0,2,100,0,3.296,9.247
4350,0.000,-3.746,7.152,0.126,3.439,9.320,0.534,-17.084,-7.811,0.005,3.892,9.145,0.320,0.134,0.000,0.209,-0.132,3,-0.982,-0.961,0,0,98,0,3.388,9.247
4351,0.000,-3.746,7.152,0.137,3.408,9.300,0.595,-17.084,-7.811,0.000,3.837,9.130,0.351,0.134,0.000,0.209,-0.132,3,-0.984,-0.959,0,0,94,0,3.388,9.247
4352,0.000,-3.746,7.152,0.137,3.360,9.274,0.687,-17.106,-7.811,0.000,3.820,9.121,0.381,0.134,0.000,0.209,-0.132,3,-0.983,-0.959,0,0,95,0,3.388,9.247
4353,0.000,-3.746,7.152,0.115,3.387,9.355,0.595,-17.106,-7.811,0.000,3.808,9.118,0.473,0.134,0.000,0.209,-0.132,3,-0.982,-0.959,1,0,95,0,3.388,9.247
4354,0.000,-3.768,7.152,0.115,3.348,9.399,0.565,-17.106,-7.811,0.005,3.825,9.123,0.565,0.134,0.000,0.209,-0.132,3,-0.983,-0.959,0,1,94,0,3.296,9.247
4355,0.000,-3.768,7.152,0.126,3.320,9.389,0.626,-17.106,-7.811,0.016,3.830,9.188,0.504,0.134,0.000,0.209,-0.132,3,-0.983,-0.958,1,0,90,1,3.388,9.339
4356,0.000,-3.790,7.152,0.115,3.298,9.360,0.626,-17.128,-7.811,0.005,3.815,9.221,0.504,0.134,0.000,0.209,-0.132,3,-0.983,-0.959,0,0,96,0,3.296,9.339
4357,0.000,-3.790,7.152,0.115,3.329,9.351,0.778,-17.128,-7.811,0.005,3.803,9.185,0.626,0.134,0.000,0.209,-0.132,3,-0.983,-0.959,0,0,95,0,3.296,9.339
4358,0.000,-3.790,7.152,0.126,3.406,9.346,0.717,-17.128,-7.811,0.000,3.820,9.145,0.534,0.134,0.000,0.209,-0.132,3,-0.983,-0.959,5,0,90,0,3.296,9.339
4359,0.000,-3.790,7.152,0.104,3.379,9.355,0.504,-17.128,-7.811,0.000,3.779,9.121,0.504,0.134,0.000,0.209,-0.132,3,-0.983,-0.959,0,0,93,0,3.296,9.339
4360,0.000,-3.812,7.152,0.115,3.260,9.391,0.473,-17.150,-7.811,0.000,3.751,9.171,0.504,0.134,0.000,0.209,-0.132,3,-0.983,-0.958,0,0,92,0,3.388,9.339
4361,0.000,-3.834,7.152,0.126,3.241,9.418,0.504,-17.150,-7.811,0.005,3.808,9.200,0.565,0.134,0.000,0.209,-0.132,3,-0.981,-0.959,0,0,92,0,3.296,9.339
4362,0.000,-3.834,7.152,0.115,3.322,9.418,0.626,-17.172,-7.811,-0.005,3.808,9.178,0.534,0.134,0.000,0.209,-0.132,3,-0.983,-0.959,0,0,91,0,3.204,9.339
4363,0.000,-3.856,7.152,0.126,3.324,9.415,0.717,-17.172,-7.811,0.000,3.765,9.181,0.565,0.134,0.000,0.209,-0.132,3,-0.983,-0.959,2,1,92,1,3.204,9.339
4364,0.000,-3.878,7.152,0.126,3.279,9.411,0.626,-17.172,-7.811,0.005,3.753,9.174,0.595,0.134,0.000,0.209,-0.132,3,-0.982,-0.958,0,2,91,0,3.296,9.339
4365,0.000,-3.878,7.152,0.126,3.241,9.427,0.595,-17.194,-7.811,-0.005,3.777,9.181,0.504,0.134,0.000,0.209,-0.132,3,-0.983,-0.958,0,0,90,0,3.296,9.339
4366,0.000,-3.900,7.152,0.126,3.174,9.427,0.504,-17.194,-7.811,-0.005,3.746,9.205,0.534,0.134,0.000,0.209,-0.132,3,-0.982,-0.959,0,3,90,3,3.204,9.339
4367,0.000,-3.922,7.152,0.115,3.245,9.437,0.534,-17.216,-7.811,0.000,3.777,9.166,0.473,0.134,0.000,0.209,-0.132,3,-0.983,-0.958,1,0,89,3,3.204,9.339
4368,0.000,-3.944,7.152,0.115,3.296,9.418,0.748,-17.216,-7.811,-0.005,3.772,9.128,0.412,0.134,0.000,0.209,-0.132,3,-0.982,-0.958,0,0,95,0,3.113,9.339
4369,0.000,-3.966,7.152,0.115,3.190,9.389,0.656,-17.238,-7.811,0.000,3.679,9.152,0.320,0.134,0.000,0.209,-0.132,3,-0.983,-0.958,0,0,88,2,3.204,9.430
4370,0.000,-3.988,7.152,0.126,3.188,9.430,0.473,-17.260,-7.811,0.005,3.664,9.159,0.381,0.134,0.000,0.209,-0.132,3,-0.983,-0.959,0,0,89,0,3.296,9.339
4371,0.000,-4.010,7.152,0.126,3.257,9.497,0.443,-17.260,-7.811,-0.005,3.712,9.145,0.443,0.134,0.000,0.209,-0.132,3,-0.982,-0.959,0,3,84,2,3.113,9.339
4372,0.000,-4.032,7.152,0.115,3.233,9.511,0.565,-17.282,-7.811,0.005,3.727,9.118,0.320,0.134,0.000,0.209,-0.132,3,-0.982,-0.958,0,0,91,1,3.113,9.430
4373,0.000,-4.054,7.152,0.137,3.183,9.456,0.595,-17.282,-7.811,0.000,3.638,9.152,0.290,0.134,0.000,0.209,-0.132,3,-0.982,-0.959,0,0,90,1,3.204,9.430
4374,0.000,-4.076,7.152,0.115,3.209,9.442,0.504,-17.304,-7.811,0.000,3.616,9.114,0.320,0.134,0.000,0.209,-0.132,3,-0.984,-0.958,0,0,88,0,3.204,9.430
4375,0.000,-4.076,7.152,0.126,3.250,9.485,0.412,-17.326,-7.811,-0.016,3.633,9.106,0.320,0.134,0.000,0.209,-0.132,3,-0.984,-0.959,1,0,88,0,3.113,9.430
4376,0.000,-4.098,7.152,0.115,3.219,9.468,0.443,-17.348,-7.811,0.005,3.691,9.133,0.412,0.134,0.000,0.209,-0.132,3,-0.982,-0.959,0,0,91,0,3.204,9.430
4377,0.000,-4.120,7.152,0.104,3.176,9.439,0.473,-17.348,-7.811,0.000,3.652,9.128,0.290,0.134,0.000,0.209,-0.132,3,-0.982,-0.958,0,0,91,2,3.204,9.430
4378,0.000,-4.142,7.152,0.126,3.133,9.454,0.473,-17.370,-7.811,-0.005,3.590,9.104,0.107,0.134,0.000,0.209,-0.132,3,-0.985,-0.958,0,0,89,3,3.204,9.430
4379,0.000,-4.164,7.152,0.104,3.154,9.466,0.351,-17.392,-7.811,0.000,3.581,9.080,0.290,0.134,0.000,0.209,-0.132,3,-0.982,-0.959,0,0,89,0,3.113,9.430
4380,0.000,-4.186,7.152,0.093,3.162,9.458,0.381,-17.414,-7.811,0.000,3.593,9.073,0.290,0.134,0.000,0.209,-0.132,3,-0.982,-0.959,0,0,89,0,3.113,9.430
4381,0.000,-4.208,7.152,0.115,3.195,9.487,0.443,-17.436,-7.811,0.005,3.609,9.111,0.137,0.134,0.000,0.209,-0.132,3,-0.983,-0.958,0,0,89,0,3.113,9.430
4382,0.000,-4.230,7.152,0.137,3.221,9.504,0.229,-17.458,-7.811,0.000,3.573,9.126,0.168,0.134,0.000,0.209,-0.132,3,-0.983,-0.960,3,0,88,2,3.113,9.430
4383,0.000,-4.252,7.152,0.137,3.152,9.516,0.137,-17.480,-7.811,0.016,3.614,9.102,0.168,0.134,0.000,0.209,-0.132,3,-0.982,-0.959,0,0,92,0,3.113,9.430
4384,0.000,-4.274,7.152,0.115,3.107,9.470,0.229,-17.480,-7.811,-0.005,3.652,9.080,0.137,0.134,0.000,0.209,-0.132,3,-0.983,-0.960,1,0,89,0,3.204,9.430
4385,0.000,-4.296,7.152,0.126,3.126,9.442,0.229,-17.501,-7.811,0.005,3.578,9.080,0.198,0.134,0.000,0.209,-0.132,3,-0.984,-0.959,1,0,88,0,3.113,9.430
4386,0.000,-4.318,7.152,0.137,3.145,9.492,0.351,-17.523,-7.811,0.000,3.583,9.118,0.168,0.134,0.000,0.209,-0.132,3,-0.983,-0.958,0,0,88,1,3.021,9.430
4387,0.000,-4.340,7.152,0.115,3.114,9.504,0.351,-17.545,-7.811,0.000,3.624,9.135,0.015,0.134,0.000,0.209,-0.132,3,-0.981,-0.959,3,0,89,1,3.113,9.430
4388,0.000,-4.384,7.152,0.115,3.118,9.509,0.259,-17.545,-7.811,0.005,3.648,9.145,0.015,0.134,0.000,0.209,-0.132,3,-0.982,-0.959,0,0,91,0,3.113,9.430
4389,0.000,-4.406,7.152,0.126,3.133,9.533,0.229,-17.567,-7.811,0.000,3.645,9.140,0.107,0.134,0.000,0.209,-0.132,3,-0.984,-0.958,0,0,88,0,3.113,9.430
4390,0.000,-4.428,7.152,0.126,3.130,9.535,0.046,-17.589,-7.811,0.000,3.628,9.147,0.107,0.134,0.000,0.209,-0.132,3,-0.984,-0.959,0,0,87,0,3.113,9.430
4391,0.000,-4.450,7.152,0.126,3.133,9.504,0.000,-17.589,-7.811,-0.005,3.638,9.121,0.076,0.134,0.000,0.209,-0.132,3,-0.983,-0.959,0,0,88,0,3.113,9.522
4392,0.000,-4.472,7.152,0.137,3.157,9.492,0.168,-17.611,-7.811,0.005,3.600,9.126,-0.046,0.134,0.000,0.209,-0.132,3,-0.983,-0.959,1,0,82,1,3.113,9.522
4393,0.000,-4.472,7.152,0.126,3.174,9.502,0.107,-17.633,-7.811,-0.005,3.576,9.150,-0.076,0.134,0.000,0.209,-0.132,3,-0.983,-0.959,0,1,85,0,3.113,9.430
4394,0.000,-4.493,7.152,0.115,3.150,9.518,0.000,-17.633,-7.811,-0.005,3.609,9.116,-0.076,0.134,0.000,0.209,-0.132,3,-0.983,-0.958,0,0,84,1,3.113,9.430
4395,0.000,-4.515,7.152,0.126,3.140,9.509,-0.046,-17.655,-7.811,0.000,3.648,9.104,-0.168,0.134,0.000,0.209,-0.132,3,-0.983,-0.959,0,0,90,0,3.113,9.430
4396,0.000,-4.537,7.152,0.126,3.099,9.502,0.000,-17.655,-7.811,0.000,3.645,9.138,-0.168,0.134,0.000,0.209,-0.132,3,-0.982,-0.960,0,0,88,0,3.113,9.430
4397,0.000,-4.559,7.152,0.137,3.039,9.480,0.137,-17.677,-7.811,0.000,3.595,9.159,-0.198,0.134,0.000,0.209,-0.132,3,-0.983,-0.959,3,0,86,0,3.113,9.430
4398,0.000,-4.581,7.152,0.126,3.063,9.487,0.076,-17.699,-7.811,-0.005,3.621,9.130,-0.137,0.134,0.000,0.209,-0.132,3,-0.983,-0.959,0,3,84,0,3.021,9.430
4399,0.000,-4.603,7.152,0.126,3.121,9.502,-0.076,-17.699,-7.811,0.005,3.643,9.111,-0.076,0.134,0.000,0.209,-0.132,3,-0.983,-0.961,0,0,89,1,3.021,9.430
4400,0.000,-4.625,7.152,0.115,3.193,9.506,-0.046,-17.721,-7.811,-0.005,3.605,9.152,-0.198,0.134,0.000,0.209,-0.132,3,-0.981,-0.959,0,0,89,0,3.021,9.430
4401,0.000,-4.647,7.152,0.137,3.200,9.509,0.000,-17.721,-7.811,0.005,3.624,9.176,-0.259,0.134,0.000,0.209,-0.132,3,-0.983,-0.959,1,0,87,1,3.113,9.430
4402,0.000,-4.647,7.152,0.126,3.181,9.509,0.000,-17.743,-7.811,0.016,3.645,9.147,-0.259,0.134,0.000,0.209,-0.132,3,-0.982,-0.959,1,1,87,1,3.113,9.430
4403,0.000,-4.669,7.152,0.115,3.166,9.485,-0.046,-17.743,-7.811,0.000,3.616,9.159,-0.229,0.134,0.000,0.209,-0.132,3,-0.982,-0.958,0,2,87,0,3.113,9.430
4404,0.000,-4.691,7.152,0.126,3.116,9.432,-0.198,-17.765,-7.811,-0.005,3.626,9.154,-0.259,0.134,0.000,0.209,-0.132,3,-0.983,-0.959,0,0,84,0,3.113,9.430
4405,0.000,-4.691,7.152,0.137,3.092,9.444,-0.229,-17.765,-7.811,0.000,3.636,9.130,-0.443,0.134,0.000,0.209,-0.132,3,-0.983,-0.959,0,2,84,2,3.113,9.430
4406,0.000,-4.713,7.152,0.126,3.152,9.492,-0.168,-17.787,-7.811,0.000,3.691,9.116,-0.351,0.134,0.000,0.209,-0.132,3,-0.982,-0.958,2,0,90,0,3.113,9.430
4407,0.000,-4.735,7.152,0.126,3.166,9.497,-0.229,-17.787,-7.811,0.000,3.684,9.083,-0.351,0.134,0.000,0.209,-0.132,3,-0.982,-0.959,0,0,91,0,3.021,9.430
4408,0.000,-4.735,7.152,0.115,3.130,9.458,-0.351,-17.787,-7.811,-0.005,3.631,9.087,-0.229,0.134,0.000,0.209,-0.132,3,-0.983,-0.959,0,0,85,0,3.113,9.430
4409,0.000,-4.757,7.152,0.126,3.169,9.439,-0.473,-17.787,-7.811,0.000,3.645,9.126,-0.229,0.134,0.000,0.209,-0.132,3,-0.981,-0.959,1,0,84,1,3.113,9.430
4410,0.000,-4.757,7.152,0.115,3.212,9.437,-0.504,-17.809,-7.811,0.000,3.657,9.083,-0.198,0.134,0.000,0.209,-0.132,3,-0.982,-0.959,0,1,84,0,3.113,9.430
4411,0.000,-4.757,7.152,0.115,3.224,9.427,-0.473,-17.809,-7.811,0.005,3.631,9.087,-0.290,0.134,0.000,0.209,-0.132,3,-0.982,-0.958,0,0,87,1,3.113,9.430
4412,0.000,-4.779,7.152,0.137,3.193,9.444,-0.381,-17.809,-7.811,0.005,3.624,9.118,-0.473,0.134,0.000,0.209,-0.132,3,-0.985,-0.959,0,0,84,1,3.204,9.430
4413,0.000,-4.779,7.152,0.115,3.183,9.494,-0.259,-17.831,-7.811,0.000,3.628,9.106,-0.565,0.134,0.000,0.209,-0.132,3,-0.984,-0.958,0,0,82,1,3.204,9.339
4414,0.000,-4.779,7.152,0.137,3.176,9.442,-0.381,-17.831,-7.811,0.000,3.609,9.126,-0.351,0.134,0.000,0.209,-0.132,3,-0.983,-0.959,0,0,82,0,3.113,9.430
4415,0.000,-4.801,7.152,0.126,3.188,9.399,-0.565,-17.831,-7.811,0.000,3.669,9.116,-0.381,0.134,0.000,0.209,-0.132,3,-0.981,-0.959,0,0,77,0,3.113,9.430
4416,0.000,-4.801,7.152,0.137,3.217,9.399,-0.473,-17.831,-7.811,0.000,3.703,9.102,-0.412,0.134,0.000,0.209,-0.132,3,-0.985,-0.958,0,0,77,5,3.113,9.430
4417,0.000,-4.801,7.152,0.126,3.200,9.413,-0.595,-17.831,-7.811,0.005,3.681,9.097,-0.351,0.134,0.000,0.209,-0.132,3,-0.986,-0.959,0,1,74,3,3.113,9.339
4418,0.000,-4.801,7.152,0.137,3.190,9.454,-0.595,-17.853,-7.811,-0.016,3.672,9.114,-0.626,0.134,0.000,0.209,-0.132,3,-0.984,-0.959,0,0,75,2,3.204,9.339
4419,0.000,-4.801,7.152,0.115,3.257,9.454,-0.534,-17.853,-7.811,0.016,3.674,9.157,-0.626,0.134,0.000,0.209,-0.132,3,-0.983,-0.959,0,0,75,0,3.113,9.339
4420,0.000,-4.801,7.152,0.115,3.265,9.432,-0.473,-17.853,-7.811,0.000,3.700,9.130,-0.443,0.134,0.000,0.209,-0.132,3,-0.982,-0.959,0,0,75,0,3.113,9.430
4421,0.000,-4.801,7.152,0.137,3.202,9.399,-0.443,-17.853,-7.811,-0.005,3.736,9.128,-0.504,0.134,0.000,0.209,-0.132,3,-0.983,-0.959,3,0,85,2,3.204,9.430
4422,0.000,-4.801,7.152,0.137,3.265,9.418,-0.595,-17.853,-7.811,-0.005,3.755,9.147,-0.534,0.134,0.000,0.209,-0.132,3,-0.983,-0.959,0,0,89,1,3.204,9.430
4423,0.000,-4.801,7.152,0.115,3.305,9.437,-0.595,-17.853,-7.811,0.000,3.765,9.169,-0.595,0.134,0.000,0.209,-0.132,3,-0.983,-0.960,0,0,87,0,3.113,9.339
4424,0.000,-4.801,7.152,0.115,3.334,9.449,-0.473,-17.831,-7.811,0.000,3.731,9.171,-0.656,0.134,0.000,0.209,-0.132,3,-0.984,-0.959,0,0,83,0,3.204,9.339
4425,0.000,-4.779,7.152,0.115,3.358,9.420,-0.473,-17.831,-7.811,0.000,3.739,9.178,-0.687,0.134,0.000,0.209,-0.132,3,-0.984,-0.958,0,0,83,1,3.296,9.430
4426,0.000,-4.779,7.152,0.126,3.344,9.384,-0.473,-17.831,-7.811,0.000,3.758,9.190,-0.565,0.134,0.000,0.209,-0.132,3,-0.982,-0.959,0,0,82,0,3.296,9.430
4427,0.000,-4.779,7.152,0.126,3.286,9.403,-0.534,-17.831,-7.811,0.000,3.763,9.202,-0.534,0.134,0.000,0.209,-0.132,3,-0.982,-0.959,0,0,78,0,3.296,9.339
4428,0.000,-4.757,7.152,0.126,3.300,9.411,-0.687,-17.831,-7.811,0.000,3.770,9.193,-0.504,0.134,0.000,0.209,-0.132,3,-0.983,-0.961,0,0,73,0,3.296,9.339
4429,0.000,-4.757,7.152,0.126,3.334,9.394,-0.565,-17.831,-7.811,0.000,3.779,9.171,-0.504,0.134,0.000,0.209,-0.132,3,-0.982,-0.959,0,0,75,0,3.204,9.339
4430,0.000,-4.757,7.152,0.126,3.324,9.387,-0.351,-17.831,-7.811,-0.005,3.760,9.164,-0.504,0.134,0.000,0.209,-0.132,3,-0.983,-0.959,0,0,74,0,3.296,9.339
4431,0.000,-4.735,7.152,0.126,3.344,9.351,-0.504,-17.831,-7.811,-0.005,3.806,9.140,-0.595,0.134,0.000,0.209,-0.132,3,-0.983,-0.959,1,0,70,0,3.296,9.339
4432,0.000,-4.713,7.152,0.126,3.439,9.365,-0.473,-17.809,-7.811,0.016,3.813,9.145,-0.595,0.134,0.000,0.209,-0.132,3,-0.983,-0.959,0,2,69,0,3.296,9.339
4433,0.000,-4.691,7.152,0.137,3.442,9.346,-0.595,-17.809,-7.811,0.000,3.834,9.188,-0.565,0.134,0.000,0.209,-0.132,3,-0.983,-0.959,0,0,69,0,3.296,9.339
4434,0.000,-4.691,7.152,0.126,3.396,9.353,-0.534,-17.787,-7.811,0.016,3.856,9.181,-0.412,0.134,0.000,0.209,-0.132,3,-0.983,-0.959,0,0,72,0,3.388,9.339
4435,0.000,-4.669,7.152,0.126,3.341,9.344,-0.290,-17.787,-7.811,0.000,3.803,9.154,-0.381,0.134,0.000,0.209,-0.132,3,-0.983,-0.960,0,0,74,0,3.388,9.339
4436,0.000,-4.669,7.152,0.137,3.324,9.317,-0.290,-17.765,-7.811,0.016,3.844,9.133,-0.473,0.134,0.000,0.209,-0.132,3,-0.983,-0.959,5,0,66,0,3.388,9.339
4437,0.000,-4.647,7.152,0.126,3.370,9.315,-0.381,-17.765,-7.811,0.005,3.868,9.116,-0.534,0.134,0.000,0.209,-0.132,3,-0.983,-0.959,0,3,68,0,3.296,9.339
4438,0.000,-4.625,7.152,0.137,3.403,9.284,-0.595,-17.743,-7.811,0.005,3.868,9.133,-0.534,0.134,0.000,0.209,-0.132,3,-0.983,-0.959,0,0,72,0,3.296,9.247
4439,0.000,-4.603,7.152,0.104,3.425,9.329,-0.626,-17.743,-7.811,0.005,3.808,9.147,-0.381,0.134,0.000,0.209,-0.132,3,-0.983,-0.958,0,1,73,2,3.296,9.247
4440,0.000,-4.603,7.152,0.137,3.391,9.324,-0.259,-17.721,-7.811,0.005,3.849,9.135,-0.473,0.134,0.000,0.209,-0.132,3,-0.983,-0.959,0,0,72,1,3.388,9.247
4441,0.000,-4.581,7.152,0.126,3.439,9.298,-0.290,-17.721,-7.811,0.000,3.901,9.118,-0.443,0.134,0.000,0.209,-0.132,3,-0.983,-0.959,2,2,73,1,3.388,9.247
4442,0.000,-4.559,7.152,0.126,3.427,9.317,-0.381,-17.699,-7.811,0.000,3.870,9.126,-0.412,0.134,0.000,0.209,-0.132,3,-0.983,-0.958,0,1,70,0,3.388,9.247
4443,0.000,-4.537,7.152,0.115,3.403,9.310,-0.473,-17.677,-7.811,0.000,3.877,9.133,-0.290,0.134,0.000,0.209,-0.132,3,-0.983,-0.958,0,0,67,0,3.388,9.247
4444,0.000,-4.537,7.152,0.126,3.427,9.267,-0.412,-17.677,-7.811,-0.005,3.844,9.138,-0.259,0.134,0.000,0.209,-0.132,3,-0.982,-0.959,0,0,66,0,3.388,9.247
4445,0.000,-4.515,7.152,0.137,3.415,9.293,-0.290,-17.655,-7.811,-0.005,3.870,9.130,-0.229,0.134,0.000,0.209,-0.132,3,-0.983,-0.958,1,0,70,2,3.388,9.247
4446,0.000,-4.493,7.152,0.137,3.461,9.334,-0.259,-17.655,-7.811,0.000,3.889,9.095,-0.351,0.134,0.000,0.209,-0.132,3,-0.983,-0.959,0,0,68,0,3.388,9.247
4447,0.000,-4.472,7.152,0.126,3.537,9.310,-0.443,-17.633,-7.811,0.000,3.882,9.116,-0.412,0.134,0.000,0.209,-0.132,3,-0.983,-0.959,0,0,70,0,3.388,9.247
4448,0.000,-4.450,7.152,0.137,3.499,9.284,-0.381,-17.611,-7.811,-0.005,3.909,9.128,-0.290,0.134,0.000,0.209,-0.132,3,-0.984,-0.959,0,0,64,1,3.388,9.247
4449,0.000,-4.428,7.152,0.126,3.406,9.243,-0.290,-17.611,-7.811,0.000,3.916,9.104,-0.168,0.134,0.000,0.209,-0.132,3,-0.984,-0.959,0,1,70,1,3.479,9.247
4450,0.000,-4.406,7.152,0.115,3.463,9.257,-0.198,-17.589,-7.811,-0.005,3.911,9.138,-0.229,0.134,0.000,0.209,-0.132,3,-0.982,-0.958,0,0,69,1,3.479,9.247
4451,0.000,-4.384,7.152,0.115,3.509,9.315,-0.259,-17.567,-7.811,0.000,3.935,9.145,-0.290,0.134,0.000,0.209,-0.132,3,-0.984,-0.959,0,0,69,0,3.388,9.155
4452,0.000,-4.362,7.152,0.115,3.466,9.324,-0.473,-17.545,-7.811,-0.016,3.985,9.140,-0.168,0.134,0.000,0.209,-0.132,3,-0.984,-0.958,0,0,68,1,3.388,9.247
4453,0.000,-4.340,7.152,0.126,3.456,9.288,-0.351,-17.523,-7.811,-0.005,3.966,9.152,-0.046,0.134,0.000,0.209,-0.132,3,-0.983,-0.959,0,0,68,0,3.479,9.247
4454,0.000,-4.318,7.152,0.126,3.506,9.262,-0.320,-17.523,-7.811,0.000,3.947,9.190,-0.015,0.134,0.000,0.209,-0.132,3,-0.981,-0.959,0,0,69,0,3.388,9.247
4455,0.000,-4.296,7.152,0.137,3.537,9.241,-0.229,-17.501,-7.811,0.000,3.985,9.195,-0.137,0.134,0.000,0.209,-0.132,3,-0.984,-0.958,0,0,69,2,3.388,9.247
4456,0.000,-4.274,7.152,0.126,3.571,9.269,-0.137,-17.480,-7.811,0.016,3.976,9.169,-0.229,0.134,0.000,0.209,-0.132,3,-0.984,-0.959,0,1,67,1,3.479,9.247
4457,0.000,-4.252,7.152,0.126,3.595,9.332,-0.168,-17.458,-7.811,-0.016,3.949,9.162,-0.168,0.134,0.000,0.209,-0.132,3,-0.982,-0.959,0,0,68,0,3.479,9.155
4458,0.000,-4.208,7.152,0.137,3.552,9.303,-0.168,-17.458,-7.811,0.005,3.935,9.188,-0.137,0.134,0.000,0.209,-0.132,3,-0.983,-0.959,0,0,68,0,3.571,9.247
4459,0.000,-4.186,7.152,0.126,3.497,9.255,-0.046,-17.436,-7.811,0.005,4.000,9.219,-0.198,0.134,0.000,0.209,-0.132,3,-0.983,-0.959,0,2,68,1,3.571,9.247
4460,0.000,-4.164,7.152,0.115,3.504,9.248,-0.015,-17.414,-7.811,-0.005,3.997,9.171,-0.198,0.134,0.000,0.209,-0.132,3,-0.983,-0.959,3,0,68,1,3.479,9.247
4461,0.000,-4.164,7.152,0.137,3.530,9.303,-0.046,-17.392,-7.811,0.000,3.990,9.171,-0.076,0.134,0.000,0.209,-0.132,3,-0.983,-0.959,0,0,71,1,3.479,9.247
4462,0.000,-4.142,7.152,0.126,3.506,9.322,-0.107,-17.392,-7.811,0.000,3.988,9.229,0.000,0.134,0.000,0.209,-0.132,3,-0.983,-0.961,0,0,70,0,3.479,9.247
4463,0.000,-4.120,7.152,0.115,3.492,9.298,-0.015,-17.370,-7.811,0.000,3.966,9.217,0.076,0.134,0.000,0.209,-0.132,3,-0.984,-0.959,0,0,66,0,3.479,9.247
4464,0.000,-4.098,7.152,0.115,3.516,9.276,0.107,-17.348,-7.811,-0.005,3.983,9.140,0.000,0.134,0.000,0.209,-0.132,3,-0.983,-0.958,0,0,68,1,3.479,9.247
4465,0.000,-4.076,7.152,0.115,3.533,9.255,0.137,-17.348,-7.811,0.000,3.980,9.147,-0.015,0.134,0.000,0.209,-0.132,3,-0.982,-0.959,0,0,68,0,3.479,9.247
4466,0.000,-4.054,7.152,0.137,3.552,9.262,0.229,-17.326,-7.811,-0.005,3.971,9.147,0.107,0.134,0.000,0.209,-0.132,3,-0.984,-0.959,0,0,70,0,3.479,9.247
4467,0.000,-4.032,7.152,0.137,3.549,9.276,0.198,-17.304,-7.811,-0.005,3.990,9.130,0.137,0.134,0.000,0.209,-0.132,3,-0.984,-0.960,0,0,68,0,3.479,9.247
4468,0.000,-4.010,7.152,0.126,3.492,9.291,0.046,-17.282,-7.811,0.005,4.019,9.135,0.015,0.134,0.000,0.209,-0.132,3,-0.984,-0.959,0,0,67,0,3.479,9.247
4469,0.000,-4.010,7.152,0.115,3.475,9.250,0.076,-17.282,-7.811,-0.005,4.002,9.145,0.000,0.134,0.000,0.209,-0.132,3,-0.983,-0.960,0,0,67,0,3.479,9.247
4470,0.000,-3.988,7.152,0.137,3.511,9.245,0.107,-17.260,-7.811,0.005,3.985,9.181,0.137,0.134,0.000,0.209,-0.132,3,-0.983,-0.959,1,0,67,0,3.479,9.247
4471,0.000,-3.966,7.152,0.115,3.528,9.303,0.229,-17.238,-7.811,0.000,3.971,9.169,0.198,0.134,0.000,0.209,-0.132,3,-0.984,-0.959,0,1,64,2,3.388,9.247
4472,0.000,-3.944,7.152,0.115,3.523,9.293,0.168,-17.238,-7.811,-0.005,3.954,9.171,0.198,0.134,0.000,0.209,-0.132,3,-0.983,-0.960,1,0,65,0,3.479,9.155
4473,0.000,-3.944,7.152,0.126,3.526,9.262,0.046,-17.216,-7.811,0.000,3.966,9.166,0.229,0.134,0.000,0.209,-0.132,3,-0.983,-0.959,0,0,68,0,3.479,9.247
4474,0.000,-3.922,7.152,0.115,3.514,9.272,0.137,-17.216,-7.811,-0.016,3.947,9.128,0.290,0.134,0.000,0.209,-0.132,3,-0.983,-0.960,0,0,70,0,3.479,9.247
4475,0.000,-3.900,7.152,0.126,3.504,9.248,0.320,-17.194,-7.811,-0.005,3.904,9.140,0.137,0.134,0.000,0.209,-0.132,3,-0.984,-0.959,5,0,60,0,3.479,9.247
4476,0.000,-3.900,7.152,0.126,3.499,9.253,0.320,-17.194,-7.811,0.000,3.885,9.147,0.076,0.134,0.000,0.209,-0.132,3,-0.983,-0.959,0,3,64,0,3.479,9.247
4477,0.000,-3.878,7.152,0.137,3.494,9.291,0.351,-17.194,-7.811,-0.005,3.933,9.138,0.137,0.134,0.000,0.209,-0.132,3,-0.984,-0.960,0,0,66,0,3.479,9.247
4478,0.000,-3.856,7.152,0.126,3.485,9.276,0.351,-17.172,-7.811,0.000,3.952,9.142,0.259,0.134,0.000,0.209,-0.132,3,-0.982,-0.959,0,0,67,0,3.479,9.247
4479,0.000,-3.856,7.152,0.126,3.458,9.281,0.351,-17.172,-7.811,-0.005,3.935,9.118,0.320,0.134,0.000,0.209,-0.132,3,-0.983,-0.958,1,0,67,0,3.479,9.247
4480,0.000,-3.856,7.152,0.126,3.466,9.291,0.381,-17.172,-7.811,-0.005,3.909,9.087,0.229,0.134,0.000,0.209,-0.132,3,-0.983,-0.959,1,1,66,1,3.479,9.247
4481,0.000,-3.834,7.152,0.126,3.504,9.291,0.259,-17.150,-7.811,-0.005,3.913,9.118,0.320,0.134,0.000,0.209,-0.132,3,-0.982,-0.958,0,2,67,0,3.388,9.247
4482,0.000,-3.812,7.152,0.126,3.533,9.291,0.076,-17.150,-7.811,0.000,3.921,9.116,0.351,0.134,0.000,0.209,-0.132,3,-0.983,-0.958,0,0,65,0,3.388,9.247
4483,0.000,-3.812,7.152,0.115,3.468,9.274,0.198,-17.150,-7.811,0.005,3.882,9.111,0.320,0.134,0.000,0.209,-0.132,3,-0.982,-0.959,0,0,64,0,3.479,9.247
4484,0.000,-3.812,7.152,0.104,3.406,9.310,0.412,-17.128,-7.811,0.000,3.942,9.154,0.320,0.134,0.000,0.209,-0.132,3,-0.983,-0.958,1,0,67,3,3.479,9.247
4485,0.000,-3.812,7.152,0.115,3.470,9.372,0.565,-17.128,-7.811,-0.005,3.935,9.159,0.381,0.134,0.000,0.209,-0.132,3,-0.983,-0.959,0,0,69,0,3.388,9.247
4486,0.000,-3.790,7.152,0.126,3.425,9.308,0.381,-17.128,-7.811,0.005,3.894,9.140,0.351,0.134,0.000,0.209,-0.132,3,-0.983,-0.959,0,0,62,40,3.388,9.247
4487,0.000,-3.790,7.152,0.137,3.363,9.341,0.229,-17.128,-7.811,0.005,3.909,9.145,0.534,0.134,0.000,0.209,-0.132,3,-0.983,-0.959,2,0,61,53,3.388,9.339
4488,0.000,-3.812,7.152,0.115,3.415,9.372,0.504,-17.106,-7.811,-0.005,3.894,9.166,0.504,0.134,0.000,0.209,-0.132,3,-0.981,-0.959,0,2,64,81,3.388,9.247
4489,0.000,-3.790,7.152,0.115,3.463,9.355,0.504,-17.106,-7.811,0.000,3.885,9.140,0.381,0.134,0.000,0.209,-0.132,3,-0.984,-0.959,0,0,66,81,3.296,9.339
4490,0.000,-3.790,7.152,0.126,3.415,9.367,0.443,-17.106,-7.811,0.000,3.870,9.092,0.443,0.134,0.000,0.209,-0.132,3,-0.983,-0.959,0,0,66,87,3.388,9.339
4491,0.000,-3.790,7.152,0.126,3.427,9.363,0.412,-17.106,-7.811,0.000,3.839,9.114,0.412,0.134,0.000,0.209,-0.132,3,-0.982,-0.959,0,0,63,127,3.388,9.339
4492,0.000,-3.790,7.152,0.126,3.475,9.363,0.381,-17.106,-7.811,0.005,3.870,9.118,0.351,0.134,0.000,0.209,-0.132,3,-0.982,-0.959,0,0,64,140,3.388,9.339
4493,0.000,-3.790,7.152,0.137,3.430,9.391,0.381,-17.106,-7.811,0.005,3.892,9.140,0.381,0.134,0.000,0.209,-0.132,3,-0.979,-0.959,0,0,65,181,3.388,9.339
4494,0.000,-3.790,7.152,0.115,3.356,9.389,0.381,-17.106,-7.811,0.000,3.851,9.176,0.320,0.134,0.000,0.209,-0.132,3,-0.980,-0.958,0,0,63,203,3.388,9.339
4495,0.000,-3.812,7.152,0.126,3.375,9.353,0.534,-17.106,-7.811,-0.005,3.798,9.188,0.381,0.134,0.000,0.209,-0.132,3,-0.980,-0.959,0,0,62,215,3.388,9.339
4496,0.000,-3.812,7.152,0.126,3.396,9.363,0.626,-17.128,-7.811,0.005,3.786,9.181,0.412,0.134,0.000,0.209,-0.132,3,-0.979,-0.960,0,0,64,231,3.296,9.339
4497,0.000,-3.812,7.152,0.115,3.401,9.391,0.534,-17.128,-7.811,0.000,3.822,9.166,0.381,0.134,0.000,0.209,-0.132,3,-0.978,-0.959,0,0,63,242,3.296,9.339
4498,0.000,-3.812,7.152,0.115,3.372,9.355,0.443,-17.128,-7.811,-0.005,3.842,9.154,0.443,0.134,0.000,0.209,-0.132,3,-0.977,-0.959,0,0,62,259,3.388,9.339
4499,0.000,-3.812,7.152,0.126,3.356,9.363,0.565,-17.128,-7.811,-0.005,3.861,9.159,0.565,0.134,0.000,0.209,-0.132,3,-0.978,-0.958,0,0,64,276,3.388,9.339
4500,0.000,-3.834,7.152,0.115,3.336,9.384,0.534,-17.128,-7.811,-0.005,3.808,9.193,0.504,0.134,0.000,0.209,-0.132,3,-0.976,-0.959,0,0,66,331,3.296,9.339
4501,0.000,-3.834,7.152,0.137,3.257,9.375,0.412,-17.150,-7.811,0.000,3.746,9.193,0.473,0.134,0.000,0.209,-0.132,3,-0.977,-0.961,0,0,62,429,3.296,9.339
4502,0.000,-3.856,7.152,0.126,3.293,9.377,0.412,-17.150,-7.811,0.000,3.760,9.181,0.381,0.134,0.000,0.209,-0.132,3,-0.976,-0.959,0,0,60,490,3.296,9.339
4503,0.000,-3.856,7.152,0.115,3.377,9.375,0.626,-17.172,-7.811,0.005,3.803,9.171,0.320,0.134,0.000,0.209,-0.132,3,-0.974,-0.959,0,0,60,519,3.204,9.339
4504,0.000,-3.856,7.152,0.115,3.360,9.375,0.626,-17.172,-7.811,-0.005,3.801,9.140,0.381,0.134,0.000,0.209,-0.132,3,-0.969,-0.959,0,0,61,537,3.204,9.339
4505,0.000,-3.878,7.152,0.126,3.284,9.379,0.534,-17.172,-7.811,-0.005,3.727,9.121,0.412,0.134,0.000,0.209,-0.132,3,-0.969,-0.959,0,0,63,634,3.296,9.339
4506,0.000,-3.878,7.152,0.137,3.214,9.396,0.534,-17.194,-7.811,0.000,3.736,9.121,0.381,0.134,0.000,0.209,-0.132,3,-0.969,-0.958,0,0,58,719,3.296,9.339
4507,0.000,-3.900,7.152,0.126,3.231,9.372,0.473,-17.194,-7.811,-0.005,3.739,9.126,0.320,0.134,0.000,0.209,-0.132,3,-0.968,-0.959,0,0,58,816,3.204,9.339
4508,0.000,-3.922,7.152,0.115,3.274,9.360,0.443,-17.216,-7.811,0.000,3.739,9.116,0.381,0.134,0.000,0.209,-0.132,3,-0.964,-0.959,0,0,59,901,3.204,9.339
4509,0.000,-3.944,7.152,0.137,3.286,9.389,0.504,-17.216,-7.811,0.005,3.712,9.102,0.565,0.134,0.000,0.209,-0.132,3,-0.961,-0.960,0,0,56,969,3.204,9.339
4510,0.000,-3.944,7.152,0.115,3.279,9.382,0.534,-17.238,-7.811,0.005,3.693,9.095,0.473,0.134,0.000,0.209,-0.132,3,-0.959,-0.959,0,1,54,1042,3.204,9.339
4511,0.000,-3.966,7.152,0.104,3.255,9.358,0.595,-17.260,-7.811,0.005,3.681,9.087,0.351,0.134,0.000,0.209,-0.132,3,-0.957,-0.960,1,0,54,1131,3.204,9.339
4512,0.000,-3.966,7.152,0.104,3.224,9.329,0.687,-17.260,-7.811,0.000,3.700,9.092,0.320,0.134,0.000,0.209,-0.132,3,-0.954,-0.959,0,0,58,1297,3.204,9.339
4513,0.000,-3.988,7.152,0.126,3.200,9.348,0.504,-17.260,-7.811,0.000,3.760,9.114,0.412,0.134,0.000,0.209,-0.132,3,-0.950,-0.960,0,0,59,1382,3.204,9.339
4514,0.000,-4.010,7.152,0.126,3.250,9.403,0.320,-17.282,-7.811,0.000,3.710,9.109,0.473,0.134,0.000,0.209,-0.132,3,-0.948,-0.959,5,0,50,1450,3.204,9.247
4515,0.000,-4.032,7.152,0.126,3.243,9.425,0.259,-17.304,-7.811,0.000,3.652,9.121,0.412,0.134,0.000,0.209,-0.132,3,-0.944,-0.959,0,3,43,1517,3.113,9.339
4516,0.000,-4.032,7.152,0.115,3.205,9.437,0.320,-17.304,-7.811,0.000,3.669,9.111,0.259,0.134,0.000,0.209,-0.132,3,-0.940,-0.961,0,0,47,1576,3.204,9.339
4517,0.000,-4.054,7.152,0.126,3.238,9.449,0.320,-17.326,-7.811,0.000,3.710,9.085,0.198,0.134,0.000,0.209,-0.132,3,-0.935,-0.959,0,0,47,1619,3.204,9.339
4518,0.000,-4.076,7.152,0.126,3.229,9.449,0.290,-17.326,-7.811,0.000,3.700,9.106,0.198,0.134,0.000,0.209,-0.132,3,-0.933,-0.959,1,1,46,1731,3.204,9.430
4519,0.000,-4.098,7.152,0.115,3.209,9.411,0.290,-17.348,-7.811,-0.005,3.628,9.104,0.381,0.134,0.000,0.209,-0.132,3,-0.928,-0.959,1,1,44,1808,3.204,9.430
4520,0.000,-4.120,7.152,0.126,3.209,9.434,0.443,-17.370,-7.811,-0.005,3.607,9.126,0.381,0.134,0.000,0.209,-0.132,3,-0.923,-0.959,0,2,47,1859,3.204,9.430
4521,0.000,-4.120,7.152,0.126,3.214,9.478,0.381,-17.392,-7.811,0.005,3.640,9.126,0.412,0.134,0.000,0.209,-0.132,3,-0.920,-0.959,0,1,43,1912,3.204,9.339
4522,0.000,-4.142,7.152,0.104,3.195,9.466,0.351,-17.392,-7.811,0.005,3.657,9.109,0.259,0.134,0.000,0.209,-0.132,3,-0.915,-0.959,0,3,44,1977,3.204,9.430
4523,0.000,-4.164,7.152,0.137,3.198,9.478,0.290,-17.414,-7.811,0.005,3.698,9.152,0.351,0.134,0.000,0.209,-0.132,3,-0.911,-0.958,1,0,49,2018,3.204,9.430
4524,0.000,-4.186,7.152,0.115,3.226,9.485,0.198,-17.414,-7.811,0.005,3.672,9.154,0.412,0.134,0.000,0.209,-0.132,3,-0.906,-0.959,0,0,47,2049,3.113,9.430
4525,0.000,-4.208,7.152,0.115,3.169,9.504,0.168,-17.436,-7.811,0.000,3.638,9.138,0.198,0.134,0.000,0.209,-0.132,3,-0.902,-0.959,0,0,41,2062,3.113,9.430
4526,0.000,-4.230,7.152,0.137,3.121,9.487,0.259,-17.458,-7.811,-0.005,3.667,9.135,0.107,0.134,0.000,0.209,-0.132,3,-0.897,-0.959,1,0,44,2096,3.204,9.430
4527,0.000,-4.252,7.152,0.137,3.183,9.499,0.168,-17.458,-7.811,0.000,3.640,9.135,0.168,0.134,0.000,0.209,-0.132,3,-0.893,-0.959,0,3,42,2116,3.113,9.430
4528,0.000,-4.274,7.152,0.126,3.205,9.525,0.168,-17.480,-7.811,0.000,3.645,9.135,0.076,0.134,0.000,0.209,-0.132,3,-0.889,-0.959,0,0,46,2143,3.113,9.430
4529,0.000,-4.296,7.152,0.137,3.193,9.509,0.168,-17.501,-7.811,0.000,3.667,9.133,0.168,0.134,0.000,0.209,-0.132,3,-0.885,-0.959,0,0,45,2186,3.113,9.430
4530,0.000,-4.318,7.152,0.115,3.171,9.528,0.198,-17.501,-7.811,0.000,3.652,9.150,0.168,0.134,0.000,0.209,-0.132,3,-0.881,-0.959,0,0,44,2215,3.204,9.522
4531,0.000,-4.340,7.152,0.115,3.116,9.530,0.198,-17.523,-7.811,-0.005,3.631,9.145,0.107,0.134,0.000,0.209,-0.132,3,-0.875,-0.959,0,0,44,2258,3.113,9.430
4532,0.000,-4.362,7.152,0.126,3.123,9.540,0.137,-17.545,-7.811,0.000,3.652,9.140,0.107,0.134,0.000,0.209,-0.132,3,-0.870,-0.959,0,0,45,2293,3.113,9.522
4533,0.000,-4.384,7.152,0.115,3.128,9.516,0.015,-17.545,-7.811,0.005,3.691,9.159,0.137,0.134,0.000,0.209,-0.132,3,-0.868,-0.958,0,0,45,2324,3.113,9.522
4534,0.000,-4.406,7.152,0.126,3.166,9.497,-0.046,-17.567,-7.811,0.000,3.669,9.174,0.137,0.134,0.000,0.209,-0.132,3,-0.864,-0.959,0,0,43,2358,3.113,9.522
4535,0.000,-4.428,7.152,0.126,3.183,9.490,0.000,-17.567,-7.811,0.005,3.628,9.145,0.046,0.134,0.000,0.209,-0.132,3,-0.858,-0.960,0,0,44,2388,3.113,9.430
4536,0.000,-4.450,7.152,0.126,3.133,9.485,0.229,-17.589,-7.811,0.000,3.605,9.123,-0.015,0.134,0.000,0.209,-0.132,3,-0.854,-0.959,0,0,42,2400,3.113,9.430
4537,0.000,-4.472,7.152,0.115,3.195,9.502,0.198,-17.611,-7.811,0.000,3.597,9.128,-0.046,0.134,0.000,0.209,-0.132,3,-0.849,-0.959,0,0,43,2444,3.113,9.430
4538,0.000,-4.472,7.152,0.126,3.233,9.466,0.137,-17.611,-7.811,-0.005,3.595,9.140,-0.015,0.134,0.000,0.209,-0.132,3,-0.845,-0.960,3,0,44,2464,3.113,9.430
4539,0.000,-4.493,7.152,0.104,3.142,9.487,0.107,-17.633,-7.811,0.000,3.607,9.145,0.000,0.134,0.000,0.209,-0.132,3,-0.841,-0.960,0,0,47,2502,3.113,9.430
4540,0.000,-4.515,7.152,0.115,3.138,9.530,0.000,-17.655,-7.811,-0.005,3.616,9.118,-0.076,0.134,0.000,0.209,-0.132,3,-0.835,-0.961,0,0,45,2530,3.204,9.430
4541,0.000,-4.515,7.152,0.126,3.209,9.516,-0.046,-17.655,-7.811,-0.005,3.631,9.095,0.015,0.134,0.000,0.209,-0.132,3,-0.832,-0.959,0,0,43,2556,3.113,9.430
4542,0.000,-4.537,7.152,0.137,3.193,9.490,-0.015,-17.677,-7.811,0.000,3.636,9.123,-0.046,0.134,0.000,0.209,-0.132,3,-0.826,-0.958,0,0,43,2600,3.113,9.522
4543,0.000,-4.559,7.152,0.126,3.166,9.456,-0.046,-17.677,-7.811,0.005,3.655,9.114,-0.107,0.134,0.000,0.209,-0.132,3,-0.819,-0.959,0,0,44,2629,3.204,9.430
4544,0.000,-4.559,7.152,0.126,3.140,9.463,-0.107,-17.699,-7.811,0.016,3.628,9.085,-0.046,0.134,0.000,0.209,-0.132,3,-0.815,-0.959,0,0,45,2659,3.113,9.430
4545,0.000,-4.581,7.152,0.115,3.176,9.482,-0.076,-17.699,-7.811,-0.005,3.691,9.066,-0.137,0.134,0.000,0.209,-0.132,3,-0.811,-0.961,0,0,42,2686,3.113,9.430
4546,0.000,-4.581,7.152,0.126,3.253,9.482,0.000,-17.699,-7.811,0.000,3.676,9.085,-0.259,0.134,0.000,0.209,-0.132,3,-0.807,-0.960,0,0,42,2703,3.113,9.430
4547,0.000,-4.603,7.152,0.126,3.219,9.504,-0.107,-17.699,-7.811,0.000,3.614,9.116,-0.259,0.134,0.000,0.209,-0.132,3,-0.801,-0.960,0,0,44,2726,3.113,9.430
4548,0.000,-4.603,7.152,0.115,3.104,9.466,-0.259,-17.721,-7.811,0.005,3.626,9.102,-0.320,0.134,0.000,0.209,-0.132,3,-0.796,-0.959,1,0,38,2744,3.204,9.430
4549,0.000,-4.625,7.152,0.126,3.111,9.427,-0.351,-17.721,-7.811,0.005,3.717,9.061,-0.351,0.134,0.000,0.209,-0.132,3,-0.791,-0.959,0,0,47,2758,3.204,9.430
4550,0.000,-4.647,7.152,0.115,3.171,9.494,-0.443,-17.721,-7.811,-0.005,3.681,9.097,-0.412,0.134,0.000,0.209,-0.132,3,-0.787,-0.959,0,0,40,2787,3.021,9.430
4551,0.000,-4.669,7.152,0.115,3.159,9.514,-0.351,-17.743,-7.811,0.000,3.633,9.152,-0.290,0.134,0.000,0.209,-0.132,3,-0.782,-0.960,0,0,45,2795,3.021,9.339
4552,0.000,-4.669,7.152,0.126,3.186,9.516,-0.290,-17.743,-7.811,0.000,3.660,9.116,-0.320,0.134,0.000,0.209,-0.132,3,-0.776,-0.960,0,0,45,2811,3.113,9.430
4553,0.000,-4.691,7.152,0.115,3.207,9.482,-0.229,-17.743,-7.811,0.000,3.688,9.092,-0.351,0.134,0.000,0.209,-0.132,3,-0.772,-0.959,5,0,38,2835,3.113,9.430
4554,0.000,-4.691,7.152,0.126,3.183,9.430,-0.198,-17.743,-7.811,-0.016,3.724,9.095,-0.320,0.134,0.000,0.209,-0.132,3,-0.768,-0.959,0,3,38,2851,3.113,9.430
4555,0.000,-4.691,7.152,0.115,3.205,9.444,-0.320,-17.743,-7.811,-0.005,3.700,9.106,-0.229,0.134,0.000,0.209,-0.132,3,-0.763,-0.958,0,0,40,2864,3.204,9.430
4556,0.000,-4.713,7.152,0.126,3.207,9.490,-0.412,-17.743,-7.811,-0.005,3.724,9.135,-0.137,0.134,0.000,0.209,-0.132,3,-0.757,-0.959,0,0,43,2880,3.113,9.430
4557,0.000,-4.713,7.152,0.126,3.166,9.480,-0.351,-17.743,-7.811,0.005,3.729,9.130,-0.168,0.134,0.000,0.209,-0.132,3,-0.752,-0.958,1,0,44,2893,3.204,9.430
4558,0.000,-4.735,7.152,0.115,3.166,9.430,-0.259,-17.743,-7.811,0.000,3.688,9.118,-0.320,0.134,0.000,0.209,-0.132,3,-0.748,-0.960,2,1,43,2895,3.204,9.430
4559,0.000,-4.735,7.152,0.126,3.209,9.408,-0.259,-17.765,-7.811,0.005,3.676,9.150,-0.473,0.134,0.000,0.209,-0.132,3,-0.743,-0.959,0,0,40,2907,3.113,9.430
4560,0.000,-4.735,7.152,0.115,3.238,9.432,-0.259,-17.765,-7.811,0.000,3.684,9.195,-0.443,0.134,0.000,0.209,-0.132,3,-0.739,-0.960,1,0,39,2918,3.113,9.430
4561,0.000,-4.735,7.152,0.137,3.245,9.449,-0.443,-17.765,-7.811,0.005,3.715,9.202,-0.534,0.134,0.000,0.209,-0.132,3,-0.733,-0.959,0,3,43,2930,3.204,9.339
4562,0.000,-4.735,7.152,0.115,3.267,9.432,-0.473,-17.765,-7.811,0.000,3.712,9.171,-0.504,0.134,0.000,0.209,-0.132,3,-0.729,-0.958,1,0,42,2936,3.204,9.430
4563,0.000,-4.735,7.152,0.126,3.291,9.437,-0.412,-17.765,-7.811,0.005,3.746,9.138,-0.381,0.134,0.000,0.209,-0.132,3,-0.724,-0.959,0,0,45,2945,3.204,9.430
4564,0.000,-4.735,7.152,0.137,3.296,9.411,-0.351,-17.765,-7.811,-0.005,3.789,9.150,-0.443,0.134,0.000,0.209,-0.132,3,-0.720,-0.960,0,0,42,2965,3.204,9.430
4565,0.000,-4.735,7.152,0.126,3.245,9.375,-0.473,-17.765,-7.811,-0.005,3.751,9.193,-0.504,0.134,0.000,0.209,-0.132,3,-0.716,-0.959,2,0,36,2977,3.204,9.430
4566,0.000,-4.735,7.152,0.126,3.253,9.384,-0.565,-17.765,-7.811,0.005,3.707,9.195,-0.381,0.134,0.000,0.209,-0.132,3,-0.710,-0.959,0,2,44,3006,3.296,9.339
4567,0.000,-4.735,7.152,0.126,3.288,9.382,-0.473,-17.765,-7.811,-0.005,3.712,9.174,-0.351,0.134,0.000,0.209,-0.132,3,-0.706,-0.959,0,0,43,3022,3.204,9.339
4568,0.000,-4.735,7.152,0.115,3.310,9.399,-0.443,-17.765,-7.811,0.005,3.782,9.154,-0.504,0.134,0.000,0.209,-0.132,3,-0.702,-0.959,0,0,42,3032,3.204,9.339
4569,0.000,-4.713,7.152,0.137,3.317,9.365,-0.381,-17.765,-7.811,0.000,3.825,9.150,-0.443,0.134,0.000,0.209,-0.132,3,-0.696,-0.959,0,0,42,3033,3.204,9.339
4570,0.000,-4.713,7.152,0.104,3.286,9.370,-0.443,-17.765,-7.811,0.005,3.820,9.162,-0.443,0.134,0.000,0.209,-0.132,3,-0.692,-0.959,0,0,41,3034,3.296,9.339
4571,0.000,-4.713,7.152,0.126,3.265,9.399,-0.504,-17.743,-7.811,0.000,3.798,9.188,-0.381,0.134,0.000,0.209,-0.132,3,-0.685,-0.959,0,0,43,3037,3.296,9.339
4572,0.000,-4.713,7.152,0.126,3.221,9.336,-0.626,-17.743,-7.811,-0.005,3.734,9.178,-0.473,0.134,0.000,0.209,-0.132,3,-0.685,-0.958,0,0,41,3054,3.204,9.339
4573,0.000,-4.713,7.152,0.137,3.312,9.344,-0.626,-17.743,-7.811,0.000,3.777,9.152,-0.412,0.134,0.000,0.209,-0.132,3,-0.680,-0.960,0,0,40,3062,3.204,9.339
4574,0.000,-4.691,7.152,0.148,3.394,9.348,-0.534,-17.743,-7.811,0.000,3.839,9.150,-0.443,0.134,0.000,0.209,-0.132,3,-0.674,-0.960,0,0,41,3069,3.204,9.247
4575,0.000,-4.691,7.152,0.115,3.332,9.336,-0.473,-17.743,-7.811,0.000,3.818,9.138,-0.534,0.134,0.000,0.209,-0.132,3,-0.669,-0.959,0,0,41,3075,3.296,9.339
4576,0.000,-4.669,7.152,0.148,3.324,9.329,-0.534,-17.721,-7.811,0.000,3.827,9.130,-0.504,0.134,0.000,0.209,-0.132,3,-0.665,-0.959,0,0,41,3080,3.388,9.339
4577,0.000,-4.669,7.152,0.126,3.363,9.329,-0.565,-17.721,-7.811,0.005,3.825,9.152,-0.504,0.134,0.000,0.209,-0.132,3,-0.660,-0.959,1,0,42,3085,3.296,9.247
4578,0.000,-4.647,7.152,0.126,3.334,9.303,-0.412,-17.699,-7.811,-0.005,3.818,9.159,-0.504,0.134,0.000,0.209,-0.132,3,-0.656,-0.959,0,0,45,3092,3.296,9.247
4579,0.000,-4.647,7.152,0.126,3.324,9.267,-0.412,-17.699,-7.811,-0.016,3.806,9.166,-0.534,0.134,0.000,0.209,-0.132,3,-0.653,-0.958,1,0,40,3100,3.296,9.247
4580,0.000,-4.625,7.152,0.126,3.394,9.308,-0.412,-17.699,-7.811,0.005,3.844,9.171,-0.473,0.134,0.000,0.209,-0.132,3,-0.649,-0.959,0,0,39,3109,3.296,9.247
4581,0.000,-4.603,7.152,0.126,3.399,9.322,-0.381,-17.677,-7.811,0.000,3.861,9.138,-0.320,0.134,0.000,0.209,-0.132,3,-0.642,-0.958,0,0,42,3131,3.296,9.247
4582,0.000,-4.603,7.152,0.104,3.379,9.334,-0.320,-17.677,-7.811,-0.005,3.842,9.121,-0.351,0.134,0.000,0.209,-0.132,3,-0.637,-0.959,0,0,42,3138,3.388,9.247
4583,0.000,-4.581,7.152,0.126,3.379,9.346,-0.443,-17.655,-7.811,-0.005,3.863,9.095,-0.351,0.134,0.000,0.209,-0.132,3,-0.633,-0.959,0,0,45,3147,3.388,9.247
4584,0.000,-4.581,7.152,0.137,3.377,9.320,-0.412,-17.655,-7.811,0.005,3.863,9.135,-0.320,0.134,0.000,0.209,-0.132,3,-0.632,-0.958,0,0,40,3160,3.296,9.247
4585,0.000,-4.559,7.152,0.115,3.358,9.296,-0.534,-17.633,-7.811,0.000,3.885,9.166,-0.259,0.134,0.000,0.209,-0.132,3,-0.627,-0.959,0,0,40,3174,3.296,9.339
4586,0.000,-4.537,7.152,0.137,3.384,9.296,-0.534,-17.633,-7.811,0.000,3.868,9.135,-0.168,0.134,0.000,0.209,-0.132,3,-0.621,-0.960,0,0,42,3186,3.296,9.247
4587,0.000,-4.537,7.152,0.126,3.437,9.300,-0.381,-17.611,-7.811,-0.016,3.868,9.150,-0.229,0.134,0.000,0.209,-0.132,3,-0.616,-0.960,1,0,39,3199,3.296,9.247
4588,0.000,-4.515,7.152,0.137,3.449,9.286,-0.320,-17.611,-7.811,0.016,3.849,9.123,-0.381,0.134,0.000,0.209,-0.132,3,-0.612,-0.959,0,2,36,3213,3.296,9.247
4589,0.000,-4.493,7.152,0.115,3.437,9.284,-0.229,-17.589,-7.811,0.000,3.868,9.150,-0.320,0.134,0.000,0.209,-0.132,3,-0.608,-0.960,0,0,43,3225,3.388,9.247
4590,0.000,-4.472,7.152,0.115,3.427,9.276,-0.351,-17.589,-7.811,0.000,3.918,9.188,-0.198,0.134,0.000,0.209,-0.132,3,-0.604,-0.960,0,0,43,3239,3.388,9.247
4591,0.000,-4.450,7.152,0.126,3.447,9.272,-0.351,-17.567,-7.811,0.005,3.945,9.217,-0.107,0.134,0.000,0.209,-0.132,3,-0.599,-0.960,0,0,43,3249,3.388,9.247
4592,0.000,-4.428,7.152,0.137,3.478,9.351,-0.259,-17.567,-7.811,0.000,3.916,9.197,-0.259,0.134,0.000,0.209,-0.132,3,-0.595,-0.959,5,0,36,3256,3.388,9.247
4593,0.000,-4.428,7.152,0.126,3.451,9.372,-0.320,-17.545,-7.811,0.000,3.904,9.209,-0.198,0.134,0.000,0.209,-0.132,3,-0.591,-0.959,0,0,40,3259,3.388,9.247
4594,0.000,-4.406,7.152,0.126,3.427,9.303,-0.168,-17.545,-7.811,0.000,3.901,9.243,-0.076,0.134,0.000,0.209,-0.132,3,-0.587,-0.960,0,0,37,3273,3.388,9.339
4595,0.000,-4.384,7.152,0.126,3.435,9.276,-0.229,-17.523,-7.811,-0.005,3.921,9.197,0.000,0.134,0.000,0.209,-0.132,3,-0.582,-0.959,0,0,39,3290,3.388,9.339
4596,0.000,-4.362,7.152,0.126,3.447,9.262,-0.320,-17.523,-7.811,0.000,3.923,9.157,-0.107,0.134,0.000,0.209,-0.132,3,-0.578,-0.959,1,0,41,3307,3.388,9.247
4597,0.000,-4.340,7.152,0.115,3.502,9.286,-0.198,-17.501,-7.811,0.005,3.870,9.157,-0.198,0.134,0.000,0.209,-0.132,3,-0.573,-0.959,3,1,39,3314,3.388,9.247
4598,0.000,-4.318,7.152,0.115,3.494,9.312,-0.229,-17.501,-7.811,0.000,3.889,9.185,-0.168,0.134,0.000,0.209,-0.132,3,-0.568,-0.959,0,3,39,3319,3.388,9.247
4599,0.000,-4.318,7.152,0.137,3.432,9.284,-0.198,-17.480,-7.811,0.000,3.945,9.200,-0.198,0.134,0.000,0.209,-0.132,3,-0.565,-0.960,5,0,41,3330,3.479,9.247
4600,0.000,-4.296,7.152,0.104,3.430,9.231,-0.107,-17.480,-7.811,0.000,3.930,9.205,-0.137,0.134,0.000,0.209,-0.132,3,-0.561,-0.959,0,2,40,3336,3.479,9.247
4601,0.000,-4.274,7.152,0.115,3.468,9.224,0.000,-17.458,-7.811,0.005,3.882,9.197,-0.076,0.134,0.000,0.209,-0.132,3,-0.556,-0.959,1,0,44,3344,3.388,9.247
4602,0.000,-4.252,7.152,0.093,3.502,9.279,0.000,-17.458,-7.811,0.005,3.885,9.154,-0.046,0.134,0.000,0.209,-0.132,3,-0.553,-0.959,0,0,36,3343,3.388,9.155
4603,0.000,-4.230,7.152,0.115,3.511,9.281,0.137,-17.436,-7.811,0.005,3.935,9.147,-0.076,0.134,0.000,0.209,-0.132,3,-0.549,-0.959,0,0,35,3355,3.388,9.155
4604,0.000,-4.208,7.152,0.104,3.502,9.243,0.000,-17.436,-7.811,0.000,3.968,9.164,-0.015,0.134,0.000,0.209,-0.132,3,-0.544,-0.960,1,0,36,3373,3.479,9.247
4605,0.000,-4.186,7.152,0.137,3.499,9.233,-0.015,-17.414,-7.811,0.005,3.988,9.097,-0.107,0.134,0.000,0.209,-0.132,3,-0.539,-0.959,0,1,40,3390,3.479,9.247
4606,0.000,-4.164,7.152,0.137,3.482,9.248,0.000,-17.392,-7.811,0.000,3.985,9.075,-0.137,0.134,0.000,0.209,-0.132,3,-0.537,-0.958,1,0,40,3410,3.479,9.155
4607,0.000,-4.164,7.152,0.126,3.458,9.260,0.000,-17.370,-7.811,0.000,3.933,9.133,-0.137,0.134,0.000,0.209,-0.132,3,-0.533,-0.959,0,0,40,3436,3.479,9.155
4608,0.000,-4.142,7.152,0.137,3.437,9.284,0.000,-17.370,-7.811,0.005,3.899,9.133,-0.015,0.134,0.000,0.209,-0.132,3,-0.528,-0.959,0,0,40,3450,3.479,9.247
4609,0.000,-4.120,7.152,0.115,3.485,9.293,0.107,-17.348,-7.811,0.000,3.923,9.135,0.015,0.134,0.000,0.209,-0.132,3,-0.524,-0.960,3,0,39,3465,3.388,9.247
4610,0.000,-4.120,7.152,0.137,3.547,9.260,0.229,-17.348,-7.811,0.000,3.921,9.121,0.137,0.134,0.000,0.209,-0.132,3,-0.517,-0.960,0,0,40,3474,3.388,9.247
4611,0.000,-4.098,7.152,0.137,3.533,9.238,0.290,-17.326,-7.811,0.000,3.930,9.087,0.168,0.134,0.000,0.209,-0.132,3,-0.517,-0.958,0,0,40,3501,3.479,9.247
4612,0.000,-4.076,7.152,0.115,3.547,9.274,0.137,-17.326,-7.811,0.005,3.935,9.085,0.046,0.134,0.000,0.209,-0.132,3,-0.512,-0.960,0,0,39,3520,3.479,9.247
4613,0.000,-4.054,7.152,0.126,3.540,9.322,0.168,-17.304,-7.811,0.000,3.880,9.130,0.046,0.134,0.000,0.209,-0.132,3,-0.506,-0.960,0,0,40,3534,3.479,9.155
4614,0.000,-4.032,7.152,0.126,3.447,9.324,0.107,-17.304,-7.811,0.000,3.923,9.159,0.076,0.134,0.000,0.209,-0.132,3,-0.501,-0.960,0,0,37,3539,3.479,9.247
4615,0.000,-4.032,7.152,0.126,3.420,9.281,0.015,-17.282,-7.811,0.005,3.988,9.130,-0.015,0.134,0.000,0.209,-0.132,3,-0.497,-0.959,0,1,28,3559,3.479,9.247
4616,0.000,-4.010,7.152,0.126,3.509,9.248,0.229,-17.260,-7.811,0.000,3.930,9.123,0.046,0.134,0.000,0.209,-0.132,3,-0.492,-0.958,0,0,31,3592,3.388,9.247
4617,0.000,-3.988,7.152,0.137,3.573,9.281,0.137,-17.260,-7.811,0.005,3.913,9.152,0.076,0.134,0.000,0.209,-0.132,3,-0.488,-0.959,0,0,9,3601,3.388,9.247
4618,0.000,-3.966,7.152,0.126,3.533,9.300,0.229,-17.260,-7.811,0.000,3.961,9.140,0.137,0.134,0.000,0.209,-0.132,3,-0.484,-0.961,0,0,7,3614,3.479,9.247
4619,0.000,-3.966,7.152,0.115,3.458,9.298,0.290,-17.238,-7.811,0.000,3.933,9.152,0.229,0.134,0.000,0.209,-0.132,3,-0.478,-0.960,0,0,6,3629,3.571,9.247
4620,0.000,-3.944,7.152,0.126,3.435,9.305,0.137,-17.238,-7.811,0.000,3.894,9.126,0.168,0.134,0.000,0.209,-0.132,3,-0.476,-0.959,0,0,4,3643,3.479,9.247
4621,0.000,-3.944,7.152,0.126,3.463,9.332,0.137,-17.216,-7.811,0.000,3.889,9.092,0.229,0.134,0.000,0.209,-0.132,3,-0.469,-0.959,0,0,6,3651,3.388,9.247
4622,0.000,-3.922,7.152,0.115,3.463,9.348,0.046,-17.216,-7.811,-0.005,3.887,9.118,0.259,0.134,0.000,0.209,-0.132,3,-0.466,-0.960,0,0,7,3662,3.388,9.247
4623,0.000,-3.922,7.152,0.137,3.449,9.391,0.168,-17.216,-7.811,0.000,3.923,9.090,0.320,0.134,0.000,0.209,-0.132,3,-0.463,-0.958,0,0,4,3669,3.388,9.247
4624,0.000,-3.922,7.152,0.126,3.435,9.344,0.443,-17.194,-7.811,-0.005,3.925,9.123,0.320,0.134,0.000,0.209,-0.132,3,-0.458,-0.960,0,0,4,3682,3.388,9.339
4625,0.000,-3.922,7.152,0.137,3.451,9.298,0.504,-17.194,-7.811,-0.005,3.916,9.190,0.290,0.134,0.000,0.209,-0.132,3,-0.453,-0.960,0,0,6,3694,3.388,9.339
4626,0.000,-3.900,7.152,0.126,3.506,9.336,0.473,-17.194,-7.811,-0.005,3.930,9.169,0.290,0.134,0.000,0.209,-0.132,3,-0.448,-0.959,1,0,1,3703,3.388,9.339
4627,0.000,-3.900,7.152,0.137,3.432,9.382,0.565,-17.172,-7.811,0.000,3.913,9.138,0.229,0.134,0.000,0.209,-0.132,3,-0.444,-0.960,0,1,0,3721,3.388,9.247
4628,0.000,-3.900,7.152,0.126,3.401,9.413,0.443,-17.172,-7.811,0.000,3.897,9.142,0.198,0.134,0.000,0.209,-0.132,3,-0.439,-0.959,0,0,0,3729,3.479,9.247
4629,0.000,-3.900,7.152,0.115,3.454,9.358,0.320,-17.172,-7.811,0.005,3.909,9.152,0.259,0.134,0.000,0.209,-0.132,3,-0.435,-0.959,0,0,0,3738,3.388,9.339
4630,0.000,-3.878,7.152,0.137,3.475,9.300,0.412,-17.172,-7.811,-0.005,3.894,9.174,0.473,0.134,0.000,0.209,-0.132,3,-0.430,-0.961,0,0,7,3755,3.388,9.339
4631,0.000,-3.878,7.152,0.148,3.399,9.288,0.381,-17.172,-7.811,0.000,3.868,9.111,0.412,0.134,0.000,0.209,-0.132,3,-0.426,-0.960,3,0,2,3769,3.388,9.339
4632,0.000,-3.878,7.152,0.115,3.423,9.332,0.381,-17.150,-7.811,-0.005,3.904,9.142,0.351,0.134,0.000,0.209,-0.132,3,-0.422,-0.959,0,3,0,3780,3.388,9.247
4633,0.000,-3.878,7.152,0.126,3.451,9.355,0.412,-17.150,-7.811,0.000,3.911,9.171,0.351,0.134,0.000,0.209,-0.132,3,-0.417,-0.962,0,0,6,3795,3.388,9.247
4634,0.000,-3.878,7.152,0.115,3.379,9.375,0.473,-17.150,-7.811,-0.005,3.873,9.169,0.351,0.134,0.000,0.209,-0.132,3,-0.413,-0.960,0,0,6,3807,3.388,9.247
4635,0.000,-3.878,7.152,0.115,3.370,9.367,0.565,-17.150,-7.811,0.005,3.801,9.200,0.381,0.134,0.000,0.209,-0.132,3,-0.409,-0.958,1,0,6,3816,3.388,9.339
4636,0.000,-3.878,7.152,0.115,3.403,9.363,0.534,-17.172,-7.811,0.016,3.791,9.181,0.473,0.134,0.000,0.209,-0.132,3,-0.403,-0.959,2,0,2,3823,3.296,9.339
4637,0.000,-3.878,7.152,0.126,3.418,9.365,0.565,-17.172,-7.811,0.005,3.825,9.157,0.473,0.134,0.000,0.209,-0.132,3,-0.399,-0.959,0,1,2,3831,3.296,9.339
4638,0.000,-3.878,7.152,0.115,3.344,9.308,0.504,-17.172,-7.811,0.005,3.820,9.142,0.473,0.134,0.000,0.209,-0.132,3,-0.395,-0.960,1,0,1,3841,3.388,9.339
4639,0.000,-3.878,7.152,0.126,3.324,9.339,0.534,-17.172,-7.811,0.016,3.834,9.130,0.443,0.134,0.000,0.209,-0.132,3,-0.390,-0.959,0,0,6,3854,3.388,9.339
4640,0.000,-3.900,7.152,0.115,3.358,9.379,0.626,-17.172,-7.811,0.005,3.827,9.102,0.351,0.134,0.000,0.209,-0.132,3,-0.387,-0.958,1,0,2,3866,3.296,9.247
4641,0.000,-3.900,7.152,0.115,3.320,9.365,0.534,-17.172,-7.811,0.000,3.791,9.078,0.320,0.134,0.000,0.209,-0.132,3,-0.382,-0.959,0,0,3,3871,3.296,9.339
4642,0.000,-3.900,7.152,0.126,3.327,9.348,0.412,-17.172,-7.811,0.000,3.770,9.073,0.351,0.134,0.000,0.209,-0.132,3,-0.378,-0.959,0,0,0,3876,3.296,9.339
4643,0.000,-3.900,7.152,0.115,3.396,9.365,0.595,-17.194,-7.811,0.005,3.755,9.078,0.290,0.134,0.000,0.209,-0.132,3,-0.374,-0.959,2,0,0,3883,3.296,9.339
4644,0.000,-3.922,7.152,0.126,3.363,9.358,0.504,-17.194,-7.811,0.005,3.786,9.102,0.381,0.134,0.000,0.209,-0.132,3,-0.368,-0.959,0,2,0,3893,3.296,9.339
4645,0.000,-3.922,7.152,0.126,3.303,9.351,0.565,-17.194,-7.811,-0.016,3.791,9.073,0.443,0.134,0.000,0.209,-0.132,3,-0.364,-0.959,0,0,3,3905,3.388,9.339
4646,0.000,-3.922,7.152,0.115,3.327,9.387,0.504,-17.194,-7.811,0.000,3.784,9.037,0.443,0.134,0.000,0.209,-0.132,3,-0.361,-0.959,0,1,1,3914,3.296,9.339
4647,0.000,-3.944,7.152,0.115,3.310,9.372,0.351,-17.194,-7.811,0.000,3.777,9.080,0.381,0.134,0.000,0.209,-0.132,3,-0.357,-0.959,0,0,0,3926,3.296,9.339
4648,0.000,-3.944,7.152,0.126,3.274,9.353,0.473,-17.216,-7.811,0.000,3.719,9.126,0.351,0.134,0.000,0.209,-0.132,3,-0.353,-0.960,0,0,0,3935,3.296,9.339
4649,0.000,-3.966,7.152,0.115,3.291,9.355,0.443,-17.216,-7.811,-0.005,3.688,9.123,0.229,0.134,0.000,0.209,-0.132,3,-0.349,-0.960,0,3,1,3950,3.296,9.339
4650,0.000,-3.966,7.152,0.126,3.298,9.367,0.351,-17.238,-7.811,0.005,3.729,9.133,0.290,0.134,0.000,0.209,-0.132,3,-0.344,-0.958,0,0,1,3954,3.204,9.339
4651,0.000,-3.966,7.152,0.126,3.298,9.403,0.504,-17.238,-7.811,-0.005,3.751,9.135,0.504,0.134,0.000,0.209,-0.132,3,-0.340,-0.960,0,0,0,3962,3.204,9.339
4652,0.000,-3.988,7.152,0.126,3.274,9.401,0.565,-17.260,-7.811,0.000,3.753,9.130,0.412,0.134,0.000,0.209,-0.132,3,-0.335,-0.960,0,0,0,3965,3.296,9.339
4653,0.000,-3.988,7.152,0.137,3.308,9.423,0.504,-17.260,-7.811,-0.005,3.777,9.121,0.229,0.134,0.000,0.209,-0.132,3,-0.330,-0.960,0,0,1,3967,3.296,9.339
4654,0.000,-4.010,7.152,0.115,3.279,9.437,0.443,-17.260,-7.811,0.005,3.729,9.102,0.168,0.134,0.000,0.209,-0.132,3,-0.326,-0.959,0,0,0,3975,3.204,9.339
4655,0.000,-4.032,7.152,0.126,3.193,9.434,0.443,-17.282,-7.811,0.005,3.698,9.080,0.381,0.134,0.000,0.209,-0.132,3,-0.322,-0.959,0,0,2,3984,3.296,9.339
4656,0.000,-4.054,7.152,0.126,3.231,9.425,0.351,-17.282,-7.811,0.000,3.707,9.097,0.290,0.134,0.000,0.209,-0.132,3,-0.318,-0.959,0,0,5,3993,3.204,9.430
4657,0.000,-4.054,7.152,0.126,3.284,9.425,0.381,-17.304,-7.811,-0.005,3.717,9.123,0.412,0.134,0.000,0.209,-0.132,3,-0.315,-0.961,0,0,0,4002,3.113,9.430
4658,0.000,-4.076,7.152,0.115,3.255,9.466,0.320,-17.304,-7.811,0.000,3.717,9.142,0.443,0.134,0.000,0.209,-0.132,3,-0.311,-0.960,0,0,0,4011,3.204,9.339
4659,0.000,-4.098,7.152,0.126,3.202,9.497,0.229,-17.326,-7.811,-0.005,3.741,9.154,0.259,0.134,0.000,0.209,-0.132,3,-0.305,-0.959,0,0,0,4017,3.204,9.339
4660,0.000,-4.120,7.152,0.104,3.221,9.521,0.290,-17.326,-7.811,-0.005,3.710,9.138,0.320,0.134,0.000,0.209,-0.132,3,-0.300,-0.960,0,0,1,4025,3.204,9.430
4661,0.000,-4.120,7.152,0.115,3.221,9.466,0.351,-17.348,-7.811,0.000,3.648,9.123,0.351,0.134,0.000,0.209,-0.132,3,-0.296,-0.959,0,0,3,4033,3.113,9.430
4662,0.000,-4.142,7.152,0.115,3.250,9.478,0.351,-17.370,-7.811,-0.005,3.626,9.152,0.320,0.134,0.000,0.209,-0.132,3,-0.295,-0.958,0,0,0,4041,3.204,9.522
4663,0.000,-4.164,7.152,0.137,3.219,9.485,0.381,-17.370,-7.811,0.000,3.660,9.174,0.259,0.134,0.000,0.209,-0.132,3,-0.291,-0.960,0,0,0,4046,3.204,9.430
4664,0.000,-4.186,7.152,0.137,3.174,9.478,0.412,-17.392,-7.811,0.000,3.684,9.135,0.290,0.134,0.000,0.209,-0.132,3,-0.285,-0.960,0,0,1,4053,3.204,9.430
4665,0.000,-4.208,7.152,0.104,3.221,9.487,0.259,-17.414,-7.811,-0.005,3.633,9.138,0.229,0.134,0.000,0.209,-0.132,3,-0.281,-0.960,2,0,0,4061,3.204,9.430
4666,0.000,-4.208,7.152,0.137,3.238,9.451,0.137,-17.414,-7.811,0.005,3.674,9.152,0.290,0.134,0.000,0.209,-0.132,3,-0.278,-0.960,0,0,0,4068,3.113,9.430
4667,0.000,-4.230,7.152,0.126,3.162,9.444,0.229,-17.436,-7.811,0.000,3.681,9.130,0.229,0.134,0.000,0.209,-0.132,3,-0.273,-0.961,0,0,0,4072,3.204,9.430
4668,0.000,-4.252,7.152,0.126,3.111,9.458,0.168,-17.458,-7.811,0.005,3.662,9.152,0.168,0.134,0.000,0.209,-0.132,3,-0.269,-0.959,0,0,3,4077,3.204,9.430
4669,0.000,-4.274,7.152,0.115,3.152,9.425,0.137,-17.458,-7.811,0.016,3.674,9.157,0.229,0.134,0.000,0.209,-0.132,3,-0.266,-0.959,0,0,0,4085,3.113,9.430
4670,0.000,-4.296,7.152,0.126,3.176,9.444,0.168,-17.480,-7.811,0.005,3.660,9.133,0.320,0.134,0.000,0.209,-0.132,3,-0.262,-0.960,3,0,0,4092,3.021,9.430
4671,0.000,-4.318,7.152,0.126,3.198,9.511,0.229,-17.480,-7.811,-0.005,3.657,9.121,0.229,0.134,0.000,0.209,-0.132,3,-0.258,-0.959,0,3,0,4095,3.113,9.339
4672,0.000,-4.340,7.152,0.115,3.157,9.473,0.381,-17.501,-7.811,0.005,3.650,9.135,0.137,0.134,0.000,0.209,-0.132,3,-0.254,-0.961,0,0,2,4095,3.113,9.430
4673,0.000,-4.362,7.152,0.115,3.116,9.391,0.259,-17.523,-7.811,0.000,3.621,9.133,0.137,0.134,0.000,0.209,-0.132,3,-0.249,-0.960,0,0,1,4095,3.113,9.430
4674,0.000,-4.384,7.152,0.126,3.121,9.382,0.229,-17.523,-7.811,0.000,3.715,9.102,0.107,0.134,0.000,0.209,-0.132,3,-0.246,-0.960,1,0,2,4095,3.113,9.430
4675,0.000,-4.406,7.152,0.126,3.150,9.463,0.046,-17.545,-7.811,0.005,3.662,9.126,0.046,0.134,0.000,0.209,-0.132,3,-0.242,-0.960,2,1,1,4095,3.113,9.339
4676,0.000,-4.428,7.152,0.115,3.128,9.494,-0.076,-17.545,-7.811,0.000,3.595,9.123,0.015,0.134,0.000,0.209,-0.132,3,-0.237,-0.959,0,0,0,4095,3.113,9.339
4677,0.000,-4.450,7.152,0.115,3.126,9.478,-0.107,-17.567,-7.811,-0.005,3.633,9.114,0.000,0.134,0.000,0.209,-0.132,3,-0.234,-0.960,1,0,0,4095,3.113,9.430
4678,0.000,-4.450,7.152,0.126,3.183,9.458,0.076,-17.567,-7.811,0.005,3.645,9.128,0.015,0.134,0.000,0.209,-0.132,3,-0.230,-0.960,0,3,3,4095,3.113,9.430
4679,0.000,-4.472,7.152,0.137,3.221,9.458,0.137,-17.589,-7.811,-0.005,3.593,9.145,-0.046,0.134,0.000,0.209,-0.132,3,-0.227,-0.960,0,0,0,4095,3.113,9.430
4680,0.000,-4.472,7.152,0.137,3.219,9.444,0.137,-17.611,-7.811,0.005,3.595,9.121,-0.259,0.134,0.000,0.209,-0.132,3,-0.223,-0.960,0,0,2,4095,3.113,9.430
4681,0.000,-4.493,7.152,0.126,3.212,9.485,0.000,-17.633,-7.811,0.000,3.609,9.078,-0.290,0.134,0.000,0.209,-0.132,3,-0.220,-0.960,0,0,0,4095,3.204,9.430
4682,0.000,-4.515,7.152,0.126,3.183,9.514,0.000,-17.633,-7.811,0.005,3.624,9.083,-0.046,0.134,0.000,0.209,-0.132,3,-0.215,-0.959,2,0,0,4095,3.204,9.430
4683,0.000,-4.515,7.152,0.115,3.092,9.468,0.000,-17.655,-7.811,0.000,3.588,9.114,-0.168,0.134,0.000,0.209,-0.132,3,-0.211,-0.959,0,1,2,4095,3.204,9.430
4684,0.000,-4.559,7.152,0.104,3.066,9.442,-0.168,-17.655,-7.811,0.000,3.619,9.097,-0.198,0.134,0.000,0.209,-0.132,3,-0.208,-0.959,0,0,2,4095,3.113,9.430
4685,0.000,-4.581,7.152,0.126,3.059,9.451,-0.168,-17.677,-7.811,0.000,3.655,9.075,-0.076,0.134,0.000,0.209,-0.132,3,-0.206,-0.960,0,1,1,4095,3.021,9.430
4686,0.000,-4.603,7.152,0.137,3.133,9.502,-0.168,-17.677,-7.811,0.000,3.657,9.130,-0.137,0.134,0.000,0.209,-0.132,3,-0.201,-0.960,0,0,0,4095,3.021,9.430
4687,0.000,-4.603,7.152,0.104,3.157,9.430,-0.229,-17.699,-7.811,0.000,3.652,9.147,-0.168,0.134,0.000,0.209,-0.132,3,-0.196,-0.960,0,0,0,4095,3.021,9.430
4688,0.000,-4.625,7.152,0.126,3.190,9.473,-0.320,-17.699,-7.811,0.005,3.619,9.097,-0.198,0.134,0.000,0.209,-0.132,3,-0.193,-0.960,0,0,2,4095,3.113,9.430
4689,0.000,-4.625,7.152,0.115,3.224,9.490,-0.107,-17.699,-7.811,0.005,3.700,9.073,-0.076,0.134,0.000,0.209,-0.132,3,-0.191,-0.960,0,0,1,4095,3.113,9.430
4690,0.000,-4.647,7.152,0.126,3.183,9.482,0.000,-17.699,-7.811,-0.005,3.719,9.114,-0.229,0.134,0.000,0.209,-0.132,3,-0.188,-0.959,0,0,0,4095,3.113,9.430
4691,0.000,-4.647,7.152,0.126,3.140,9.490,-0.046,-17.721,-7.811,0.005,3.648,9.164,-0.320,0.134,0.000,0.209,-0.132,3,-0.185,-0.960,0,0,0,4095,3.204,9.430
4692,0.000,-4.669,7.152,0.137,3.181,9.475,-0.290,-17.721,-7.811,0.005,3.660,9.188,-0.259,0.134,0.000,0.209,-0.132,3,-0.180,-0.960,0,0,0,4095,3.113,9.430
4693,0.000,-4.669,7.152,0.115,3.226,9.463,-0.168,-17.743,-7.811,0.000,3.688,9.142,-0.046,0.134,0.000,0.209,-0.132,3,-0.177,-0.960,0,1,0,4095,3.113,9.430
4694,0.000,-4.691,7.152,0.137,3.255,9.482,-0.076,-17.743,-7.811,0.005,3.691,9.123,-0.076,0.134,0.000,0.209,-0.132,3,-0.173,-0.958,0,0,2,4095,3.113,9.430
4695,0.000,-4.691,7.152,0.115,3.257,9.492,-0.229,-17.743,-7.811,-0.016,3.717,9.188,-0.351,0.134,0.000,0.209,-0.132,3,-0.170,-0.959,0,0,5,4095,3.204,9.430
4696,0.000,-4.691,7.152,0.137,3.195,9.461,-0.168,-17.743,-7.811,0.000,3.743,9.243,-0.504,0.134,0.000,0.209,-0.132,3,-0.168,-0.959,0,0,0,4095,3.204,9.430
4697,0.000,-4.691,7.152,0.126,3.205,9.401,-0.168,-17.743,-7.811,0.000,3.727,9.221,-0.290,0.134,0.000,0.209,-0.132,3,-0.165,-0.960,0,0,0,4095,3.204,9.430
4698,0.000,-4.713,7.152,0.126,3.253,9.401,-0.290,-17.743,-7.811,-0.005,3.739,9.164,-0.198,0.134,0.000,0.209,-0.132,3,-0.161,-0.959,0,0,0,4095,3.113,9.430
4699,0.000,-4.713,7.152,0.137,3.245,9.442,-0.076,-17.743,-7.811,-0.005,3.729,9.162,-0.198,0.134,0.000,0.209,-0.132,3,-0.159,-0.959,2,0,0,4095,3.204,9.339
4700,0.000,-4.713,7.152,0.115,3.226,9.461,-0.076,-17.765,-7.811,0.000,3.676,9.183,-0.381,0.134,0.000,0.209,-0.132,3,-0.154,-0.960,0,0,3,4095,3.204,9.339
4701,0.000,-4.713,7.152,0.137,3.166,9.420,-0.198,-17.765,-7.811,0.000,3.712,9.197,-0.381,0.134,0.000,0.209,-0.132,3,-0.153,-0.958,0,0,0,4095,3.204,9.430
4702,0.000,-4.735,7.152,0.126,3.169,9.403,-0.290,-17.765,-7.811,-0.005,3.746,9.202,-0.259,0.134,0.000,0.209,-0.132,3,-0.148,-0.960,0,0,2,4095,3.204,9.430
4703,0.000,-4.735,7.152,0.104,3.195,9.401,-0.320,-17.765,-7.811,-0.005,3.755,9.176,-0.259,0.134,0.000,0.209,-0.132,3,-0.145,-0.961,0,0,3,4095,3.113,9.339
4704,0.000,-4.735,7.152,0.115,3.231,9.408,-0.381,-17.765,-7.811,-0.016,3.741,9.154,-0.351,0.134,0.000,0.209,-0.132,3,-0.141,-0.960,1,0,0,4095,3.113,9.339
4705,0.000,-4.735,7.152,0.126,3.245,9.411,-0.412,-17.765,-7.811,-0.005,3.696,9.190,-0.443,0.134,0.000,0.209,-0.132,3,-0.139,-0.960,0,0,0,4095,3.113,9.339
4706,0.000,-4.735,7.152,0.137,3.229,9.384,-0.381,-17.765,-7.811,-0.005,3.688,9.193,-0.473,0.134,0.000,0.209,-0.132,3,-0.135,-0.960,0,0,1,4095,3.204,9.339
4707,0.000,-4.735,7.152,0.126,3.209,9.377,-0.412,-17.787,-7.811,0.000,3.736,9.166,-0.259,0.134,0.000,0.209,-0.132,3,-0.133,-0.960,0,0,1,4095,3.204,9.339
4708,0.000,-4.735,7.152,0.115,3.224,9.370,-0.443,-17.787,-7.811,-0.005,3.743,9.145,-0.320,0.134,0.000,0.209,-0.132,3,-0.129,-0.960,0,0,0,4095,3.204,9.339
4709,0.000,-4.735,7.152,0.137,3.250,9.332,-0.504,-17.765,-7.811,0.000,3.743,9.111,-0.320,0.134,0.000,0.209,-0.132,3,-0.126,-0.960,0,0,3,4095,3.204,9.339
4710,0.000,-4.735,7.152,0.115,3.243,9.351,-0.381,-17.765,-7.811,-0.005,3.777,9.157,-0.259,0.134,0.000,0.209,-0.132,3,-0.124,-0.960,0,0,1,4095,3.204,9.339
4711,0.000,-4.735,7.152,0.115,3.260,9.399,-0.381,-17.765,-7.811,0.000,3.789,9.200,-0.320,0.134,0.000,0.209,-0.132,3,-0.121,-0.961,2,0,1,4095,3.204,9.247
4712,0.000,-4.735,7.152,0.137,3.296,9.367,-0.351,-17.765,-7.811,0.000,3.767,9.166,-0.351,0.134,0.000,0.209,-0.132,3,-0.118,-0.960,0,2,1,4095,3.204,9.339
4713,0.000,-4.735,7.152,0.126,3.300,9.339,-0.443,-17.765,-7.811,0.000,3.741,9.130,-0.473,0.134,0.000,0.209,-0.132,3,-0.115,-0.959,1,0,1,4095,3.204,9.339
4714,0.000,-4.735,7.152,0.126,3.300,9.346,-0.473,-17.765,-7.811,0.000,3.739,9.130,-0.595,0.134,0.000,0.209,-0.132,3,-0.112,-0.960,2,1,1,4095,3.296,9.339
4715,0.000,-4.713,7.152,0.137,3.303,9.351,-0.473,-17.765,-7.811,0.000,3.758,9.135,-0.534,0.134,0.000,0.209,-0.132,3,-0.108,-0.959,0,0,0,4095,3.296,9.339
4716,0.000,-4.713,7.152,0.115,3.308,9.348,-0.504,-17.765,-7.811,0.005,3.784,9.106,-0.534,0.134,0.000,0.209,-0.132,3,-0.107,-0.960,5,0,0,4095,3.296,9.339
4717,0.000,-4.691,7.152,0.137,3.334,9.315,-0.473,-17.743,-7.811,0.000,3.834,9.157,-0.443,0.134,0.000,0.209,-0.132,3,-0.103,-0.960,0,0,0,4095,3.296,9.339
4718,0.000,-4.691,7.152,0.115,3.317,9.324,-0.412,-17.743,-7.811,0.000,3.808,9.159,-0.534,0.134,0.000,0.209,-0.132,3,-0.102,-0.959,2,0,5,4095,3.296,9.339
4719,0.000,-4.691,7.152,0.126,3.317,9.363,-0.504,-17.721,-7.811,0.005,3.818,9.080,-0.351,0.134,0.000,0.209,-0.132,3,-0.098,-0.959,0,0,0,4095,3.296,9.247
4720,0.000,-4.669,7.152,0.126,3.344,9.351,-0.412,-17.721,-7.811,-0.005,3.842,9.090,-0.168,0.134,0.000,0.209,-0.132,3,-0.096,-0.960,0,0,0,4095,3.296,9.247
4721,0.000,-4.669,7.152,0.126,3.348,9.334,-0.412,-17.699,-7.811,0.000,3.827,9.126,-0.168,0.134,0.000,0.209,-0.132,3,-0.092,-0.960,3,0,0,4095,3.296,9.339
4722,0.000,-4.647,7.152,0.115,3.327,9.365,-0.351,-17.699,-7.811,0.000,3.849,9.140,-0.198,0.134,0.000,0.209,-0.132,3,-0.089,-0.960,0,1,0,4095,3.296,9.339
4723,0.000,-4.647,7.152,0.137,3.339,9.396,-0.351,-17.699,-7.811,0.005,3.846,9.171,-0.351,0.134,0.000,0.209,-0.132,3,-0.087,-0.959,0,0,2,4095,3.296,9.247
4724,0.000,-4.625,7.152,0.115,3.418,9.387,-0.473,-17.677,-7.811,0.005,3.851,9.174,-0.381,0.134,0.000,0.209,-0.132,3,-0.086,-0.960,0,0,2,4095,3.296,9.339
4725,0.000,-4.625,7.152,0.115,3.449,9.375,-0.320,-17.677,-7.811,0.005,3.854,9.162,-0.320,0.134,0.000,0.209,-0.132,3,-0.083,-0.959,0,0,0,4095,3.296,9.339
4726,0.000,-4.603,7.152,0.115,3.399,9.375,-0.290,-17.655,-7.811,0.005,3.904,9.171,-0.320,0.134,0.000,0.209,-0.132,3,-0.078,-0.959,0,0,1,4095,3.388,9.339
4727,0.000,-4.581,7.152,0.115,3.341,9.375,-0.443,-17.655,-7.811,0.000,3.956,9.188,-0.137,0.134,0.000,0.209,-0.132,3,-0.076,-0.960,0,0,1,4095,3.388,9.339
4728,0.000,-4.581,7.152,0.104,3.339,9.332,-0.473,-17.633,-7.811,0.005,3.906,9.181,-0.137,0.134,0.000,0.209,-0.132,3,-0.076,-0.958,0,0,0,4095,3.388,9.339
4729,0.000,-4.581,7.152,0.126,3.403,9.320,-0.504,-17.611,-7.811,0.000,3.880,9.212,-0.259,0.134,0.000,0.209,-0.132,3,-0.072,-0.960,0,0,1,4095,3.296,9.339
4730,0.000,-4.559,7.152,0.115,3.411,9.358,-0.351,-17.611,-7.811,0.005,3.892,9.226,-0.351,0.134,0.000,0.209,-0.132,3,-0.070,-0.960,0,0,1,4095,3.296,9.247
4731,0.000,-4.537,7.152,0.115,3.418,9.320,-0.137,-17.589,-7.811,-0.005,3.870,9.226,-0.351,0.134,0.000,0.209,-0.132,3,-0.067,-0.960,0,0,0,4095,3.388,9.247
4732,0.000,-4.515,7.152,0.115,3.454,9.265,-0.046,-17.589,-7.811,0.000,3.865,9.217,-0.412,0.134,0.000,0.209,-0.132,3,-0.064,-0.960,0,0,0,4095,3.388,9.339
4733,0.000,-4.493,7.152,0.115,3.470,9.293,-0.137,-17.589,-7.811,0.005,3.897,9.181,-0.381,0.134,0.000,0.209,-0.132,3,-0.061,-0.958,0,0,3,4095,3.388,9.247
4734,0.000,-4.472,7.152,0.126,3.468,9.322,-0.198,-17.567,-7.811,0.000,3.899,9.176,-0.351,0.134,0.000,0.209,-0.132,3,-0.061,-0.960,0,0,5,4095,3.388,9.247
4735,0.000,-4.472,7.152,0.137,3.437,9.327,-0.229,-17.567,-7.811,-0.005,3.916,9.197,-0.320,0.134,0.000,0.209,-0.132,3,-0.059,-0.958,1,0,0,4095,3.388,9.247
4736,0.000,-4.450,7.152,0.137,3.418,9.320,-0.015,-17.545,-7.811,0.000,3.959,9.181,-0.259,0.134,0.000,0.209,-0.132,3,-0.054,-0.960,0,0,0,4095,3.388,9.247
4737,0.000,-4.428,7.152,0.093,3.399,9.274,-0.015,-17.523,-7.811,0.005,3.945,9.166,-0.168,0.134,0.000,0.209,-0.132,3,-0.053,-0.959,0,0,1,4095,3.388,9.247
4738,0.000,-4.406,7.152,0.126,3.454,9.272,-0.137,-17.523,-7.811,0.000,3.899,9.197,-0.168,0.134,0.000,0.209,-0.132,3,-0.049,-0.960,0,0,0,4095,3.388,9.247
4739,0.000,-4.384,7.152,0.126,3.521,9.293,-0.107,-17.501,-7.811,-0.016,3.904,9.171,-0.229,0.134,0.000,0.209,-0.132,3,-0.050,-0.960,0,1,2,4095,3.388,9.247
4740,0.000,-4.362,7.152,0.126,3.504,9.260,-0.259,-17.501,-7.811,0.000,3.961,9.169,-0.198,0.134,0.000,0.209,-0.132,3,-0.047,-0.958,0,0,0,4095,3.388,9.247
4741,0.000,-4.340,7.152,0.137,3.454,9.229,-0.229,-17.480,-7.811,0.005,3.928,9.197,-0.168,0.134,0.000,0.209,-0.132,3,-0.045,-0.960,0,0,1,4095,3.479,9.247
4742,0.000,-4.340,7.152,0.104,3.444,9.241,0.000,-17.480,-7.811,-0.016,3.885,9.193,-0.076,0.134,0.000,0.209,-0.132,3,-0.041,-0.960,0,0,2,4095,3.479,9.247
4743,0.000,-4.318,7.152,0.115,3.490,9.250,0.000,-17.458,-7.811,0.000,3.949,9.185,-0.107,0.134,0.000,0.209,-0.132,3,-0.039,-0.960,1,0,0,4095,3.388,9.155
4744,0.000,-4.296,7.152,0.104,3.475,9.255,0.000,-17.436,-7.811,0.005,4.014,9.138,-0.046,0.134,0.000,0.209,-0.132,3,-0.037,-0.959,0,0,0,4095,3.388,9.155
4745,0.000,-4.274,7.152,0.126,3.425,9.257,0.015,-17.414,-7.811,-0.005,3.990,9.152,-0.076,0.134,0.000,0.209,-0.132,3,-0.035,-0.961,0,0,2,4095,3.479,9.247
4746,0.000,-4.252,7.152,0.126,3.430,9.245,-0.137,-17.414,-7.811,0.000,3.966,9.162,-0.137,0.134,0.000,0.209,-0.132,3,-0.032,-0.960,0,0,1,4095,3.388,9.247
4747,0.000,-4.252,7.152,0.104,3.468,9.298,-0.015,-17.392,-7.811,0.000,3.961,9.104,-0.046,0.134,0.000,0.209,-0.132,3,-0.030,-0.960,0,0,0,4095,3.388,9.247
4748,0.000,-4.230,7.152,0.126,3.461,9.317,0.107,-17.370,-7.811,-0.005,3.916,9.116,0.000,0.134,0.000,0.209,-0.132,3,-0.028,-0.960,3,0,0,4095,3.388,9.155
4749,0.000,-4.208,7.152,0.126,3.420,9.267,0.229,-17.370,-7.811,0.000,3.899,9.123,0.000,0.134,0.000,0.209,-0.132,3,-0.027,-0.960,0,0,2,4095,3.388,9.247
4750,0.000,-4.208,7.152,0.115,3.444,9.284,0.076,-17.348,-7.811,0.000,3.959,9.083,0.015,0.134,0.000,0.209,-0.132,3,-0.024,-0.961,0,0,1,4095,3.388,9.247
4751,0.000,-4.186,7.152,0.104,3.516,9.312,-0.015,-17.326,-7.811,0.016,3.966,9.068,-0.015,0.134,0.000,0.209,-0.132,3,-0.022,-0.960,0,2,1,4095,3.388,9.247
4752,0.000,-4.164,7.152,0.126,3.557,9.324,-0.015,-17.326,-7.811,0.005,3.909,9.102,0.000,0.134,0.000,0.209,-0.132,3,-0.020,-0.959,1,0,1,4095,3.388,9.247
4753,0.000,-4.142,7.152,0.115,3.456,9.327,0.076,-17.304,-7.811,-0.005,3.918,9.109,-0.046,0.134,0.000,0.209,-0.132,3,-0.018,-0.959,3,1,0,4095,3.479,9.247
4754,0.000,-4.142,7.152,0.115,3.420,9.303,0.107,-17.304,-7.811,-0.005,3.937,9.092,0.015,0.134,0.000,0.209,-0.132,3,-0.015,-0.959,0,0,0,4095,3.479,9.247
4755,0.000,-4.120,7.152,0.115,3.502,9.322,0.168,-17.282,-7.811,0.000,3.923,9.104,0.046,0.134,0.000,0.209,-0.132,3,-0.014,-0.961,5,0,0,4095,3.388,9.247
4756,0.000,-4.098,7.152,0.137,3.578,9.355,0.107,-17.260,-7.811,0.000,3.901,9.097,0.000,0.134,0.000,0.209,-0.132,3,-0.011,-0.959,0,0,5,4095,3.388,9.247
4757,0.000,-4.076,7.152,0.137,3.545,9.360,0.137,-17.260,-7.811,0.000,3.923,9.102,0.076,0.134,0.000,0.209,-0.132,3,-0.010,-0.961,0,0,3,4095,3.479,9.247
4758,0.000,-4.076,7.152,0.126,3.480,9.372,0.198,-17.238,-7.811,0.005,3.956,9.116,0.229,0.134,0.000,0.209,-0.132,3,-0.007,-0.960,0,0,1,4095,3.571,9.339
4759,0.000,-4.054,7.152,0.115,3.487,9.355,0.137,-17.238,-7.811,-0.005,3.916,9.142,0.107,0.134,0.000,0.209,-0.132,3,-0.005,-0.960,0,0,2,4095,3.479,9.339
4760,0.000,-4.032,7.152,0.126,3.497,9.329,0.229,-17.238,-7.811,-0.005,3.899,9.116,0.198,0.134,0.000,0.209,-0.132,3,-0.003,-0.960,2,0,0,4095,3.479,9.339
4761,0.000,-4.032,7.152,0.115,3.497,9.336,0.381,-17.216,-7.811,-0.005,3.937,9.142,0.290,0.134,0.000,0.209,-0.132,3,-0.001,-0.960,0,1,2,4095,3.479,9.339
4762,0.000,-4.010,7.152,0.137,3.492,9.367,0.412,-17.216,-7.811,0.000,3.901,9.185,0.198,0.134,0.000,0.209,-0.132,3,0.000,-0.960,0,0,1,4095,3.479,9.247
4763,0.000,-4.010,7.152,0.126,3.420,9.372,0.320,-17.216,-7.811,0.000,3.901,9.140,0.168,0.134,0.000,0.209,-0.132,3,0.001,-0.960,0,0,1,4095,3.479,9.247
4764,0.000,-4.010,7.152,0.137,3.411,9.324,0.168,-17.194,-7.811,-0.005,3.949,9.095,0.290,0.134,0.000,0.209,-0.132,3,0.003,-0.959,0,0,0,4095,3.479,9.339
4765,0.000,-3.988,7.152,0.137,3.494,9.332,0.259,-17.194,-7.811,0.000,3.923,9.116,0.412,0.134,0.000,0.209,-0.132,3,0.007,-0.960,0,0,1,4095,3.388,9.339
4766,0.000,-3.988,7.152,0.115,3.535,9.348,0.229,-17.194,-7.811,0.000,3.899,9.140,0.412,0.134,0.000,0.209,-0.132,3,0.008,-0.960,0,3,2,4095,3.388,9.247
4767,0.000,-3.966,7.152,0.115,3.528,9.365,0.290,-17.172,-7.811,0.000,3.892,9.166,0.290,0.134,0.000,0.209,-0.132,3,0.008,-0.958,0,0,0,4095,3.479,9.247
4768,0.000,-3.944,7.152,0.126,3.506,9.375,0.626,-17.172,-7.811,0.016,3.880,9.157,0.168,0.134,0.000,0.209,-0.132,3,0.011,-0.960,0,0,0,4095,3.479,9.339
4769,0.000,-3.944,7.152,0.104,3.458,9.334,0.656,-17.172,-7.811,0.000,3.897,9.147,0.229,0.134,0.000,0.209,-0.132,3,0.014,-0.959,0,0,0,4095,3.479,9.339
4770,0.000,-3.944,7.152,0.137,3.411,9.312,0.473,-17.172,-7.811,0.005,3.870,9.159,0.473,0.134,0.000,0.209,-0.132,3,0.015,-0.960,0,0,0,4095,3.479,9.339
4771,0.000,-3.944,7.152,0.126,3.430,9.327,0.534,-17.172,-7.811,0.000,3.834,9.150,0.290,0.134,0.000,0.209,-0.132,3,0.017,-0.960,0,2,0,4095,3.388,9.247
4772,0.000,-3.922,7.152,0.126,3.415,9.344,0.351,-17.172,-7.811,0.000,3.851,9.118,0.290,0.134,0.000,0.209,-0.132,3,0.020,-0.958,0,0,3,4095,3.388,9.247
4773,0.000,-3.922,7.152,0.126,3.408,9.384,0.259,-17.172,-7.811,0.000,3.892,9.123,0.351,0.134,0.000,0.209,-0.132,3,0.020,-0.960,0,0,5,4095,3.388,9.247
4774,0.000,-3.922,7.152,0.126,3.423,9.391,0.381,-17.172,-7.811,-0.005,3.892,9.130,0.351,0.134,0.000,0.209,-0.132,3,0.021,-0.961,0,0,1,4095,3.388,9.339
4775,0.000,-3.922,7.152,0.137,3.406,9.346,0.443,-17.172,-7.811,0.000,3.846,9.152,0.381,0.134,0.000,0.209,-0.132,3,0.022,-0.960,0,0,0,4095,3.388,9.339
4776,0.000,-3.922,7.152,0.126,3.423,9.365,0.473,-17.172,-7.811,-0.005,3.849,9.121,0.290,0.134,0.000,0.209,-0.132,3,0.026,-0.960,0,0,2,4095,3.388,9.339
4777,0.000,-3.922,7.152,0.104,3.394,9.394,0.595,-17.150,-7.811,0.000,3.880,9.059,0.259,0.134,0.000,0.209,-0.132,3,0.028,-0.960,0,0,2,4095,3.388,9.339
4778,0.000,-3.922,7.152,0.126,3.336,9.379,0.473,-17.150,-7.811,0.005,3.856,9.078,0.351,0.134,0.000,0.209,-0.132,3,0.028,-0.960,0,0,4,4095,3.388,9.339
4779,0.000,-3.944,7.152,0.137,3.327,9.375,0.320,-17.150,-7.811,0.000,3.808,9.114,0.412,0.134,0.000,0.209,-0.132,3,0.030,-0.959,0,0,2,4095,3.388,9.339
4780,0.000,-3.944,7.152,0.126,3.363,9.363,0.351,-17.150,-7.811,0.000,3.806,9.106,0.412,0.134,0.000,0.209,-0.132,3,0.031,-0.960,0,0,4,4095,3.296,9.339
4781,0.000,-3.944,7.152,0.126,3.365,9.355,0.443,-17.172,-7.811,0.000,3.798,9.092,0.381,0.134,0.000,0.209,-0.132,3,0.034,-0.961,0,0,5,4095,3.296,9.339
4782,0.000,-3.944,7.152,0.137,3.375,9.387,0.473,-17.172,-7.811,0.000,3.789,9.102,0.381,0.134,0.000,0.209,-0.132,3,0.035,-0.960,2,0,0,4095,3.296,9.339
4783,0.000,-3.944,7.152,0.126,3.401,9.434,0.381,-17.172,-7.811,0.005,3.782,9.126,0.351,0.134,0.000,0.209,-0.132,3,0.037,-0.960,0,1,0,4095,3.296,9.339
4784,0.000,-3.944,7.152,0.115,3.394,9.437,0.351,-17.172,-7.811,-0.005,3.794,9.150,0.320,0.134,0.000,0.209,-0.132,3,0.039,-0.960,0,0,1,4095,3.296,9.339
4785,0.000,-3.944,7.152,0.148,3.334,9.396,0.504,-17.172,-7.811,0.000,3.832,9.087,0.320,0.134,0.000,0.209,-0.132,3,0.040,-0.960,0,0,6,4095,3.388,9.430
4786,0.000,-3.966,7.152,0.115,3.315,9.384,0.443,-17.172,-7.811,0.000,3.820,9.063,0.229,0.134,0.000,0.209,-0.132,3,0.041,-0.960,0,0,0,4095,3.388,9.430
4787,0.000,-3.966,7.152,0.126,3.394,9.430,0.656,-17.172,-7.811,0.005,3.791,9.085,0.351,0.134,0.000,0.209,-0.132,3,0.042,-0.960,3,0,0,4095,3.296,9.339
4788,0.000,-3.966,7.152,0.126,3.353,9.461,0.626,-17.194,-7.811,-0.005,3.777,9.080,0.320,0.134,0.000,0.209,-0.132,3,0.044,-0.960,0,1,4,4095,3.296,9.339
4789,0.000,-3.988,7.152,0.126,3.236,9.413,0.534,-17.194,-7.811,0.000,3.760,9.114,0.320,0.134,0.000,0.209,-0.132,3,0.045,-0.960,3,0,4,4095,3.388,9.430
4790,0.000,-4.010,7.152,0.126,3.250,9.413,0.443,-17.194,-7.811,0.000,3.784,9.109,0.443,0.134,0.000,0.209,-0.132,3,0.047,-0.960,0,0,5,4095,3.296,9.430
4791,0.000,-4.010,7.152,0.137,3.312,9.418,0.443,-17.194,-7.811,0.005,3.798,9.087,0.504,0.134,0.000,0.209,-0.132,3,0.048,-0.959,1,0,4,4095,3.204,9.339
4792,0.000,-4.010,7.152,0.126,3.341,9.425,0.504,-17.216,-7.811,-0.005,3.775,9.121,0.290,0.134,0.000,0.209,-0.132,3,0.051,-0.960,3,2,4,4095,3.204,9.339
4793,0.000,-4.032,7.152,0.126,3.300,9.444,0.381,-17.216,-7.811,0.000,3.755,9.140,0.290,0.134,0.000,0.209,-0.132,3,0.052,-0.959,0,1,2,4095,3.296,9.339
4794,0.000,-4.032,7.152,0.148,3.293,9.444,0.320,-17.216,-7.811,0.005,3.731,9.178,0.443,0.134,0.000,0.209,-0.132,3,0.053,-0.961,1,0,0,4095,3.296,9.339
4795,0.000,-4.054,7.152,0.115,3.305,9.434,0.412,-17.238,-7.811,0.000,3.753,9.205,0.381,0.134,0.000,0.209,-0.132,3,0.055,-0.960,0,3,5,4095,3.296,9.430
4796,0.000,-4.054,7.152,0.115,3.241,9.391,0.320,-17.238,-7.811,0.000,3.748,9.152,0.290,0.134,0.000,0.209,-0.132,3,0.056,-0.962,0,0,5,4095,3.204,9.430
4797,0.000,-4.076,7.152,0.126,3.253,9.403,0.290,-17.260,-7.811,0.005,3.715,9.138,0.351,0.134,0.000,0.209,-0.132,3,0.058,-0.960,0,0,3,4095,3.296,9.430
4798,0.000,-4.098,7.152,0.115,3.260,9.458,0.229,-17.260,-7.811,0.005,3.727,9.176,0.381,0.134,0.000,0.209,-0.132,3,0.059,-0.960,0,0,0,4095,3.204,9.339
4799,0.000,-4.098,7.152,0.137,3.219,9.454,0.290,-17.282,-7.811,-0.005,3.707,9.178,0.259,0.134,0.000,0.209,-0.132,3,0.060,-0.960,1,0,6,4095,3.204,9.339
4800,0.000,-4.120,7.152,0.126,3.245,9.439,0.534,-17.304,-7.811,0.005,3.712,9.135,0.351,0.134,0.000,0.209,-0.132,3,0.062,-0.960,0,1,5,4095,3.204,9.430
4801,0.000,-4.142,7.152,0.126,3.288,9.442,0.626,-17.304,-7.811,0.005,3.717,9.087,0.412,0.134,0.000,0.209,-0.132,3,0.063,-0.959,0,0,5,4095,3.204,9.430
4802,0.000,-4.142,7.152,0.126,3.243,9.418,0.473,-17.326,-7.811,0.000,3.700,9.126,0.412,0.134,0.000,0.209,-0.132,3,0.063,-0.960,0,1,3,4095,3.204,9.430
4803,0.000,-4.164,7.152,0.148,3.207,9.427,0.320,-17.326,-7.811,0.005,3.631,9.145,0.381,0.134,0.000,0.209,-0.132,3,0.065,-0.959,0,0,3,4095,3.204,9.430
4804,0.000,-4.186,7.152,0.126,3.226,9.463,0.351,-17.348,-7.811,0.000,3.729,9.106,0.229,0.134,0.000,0.209,-0.132,3,0.068,-0.960,0,0,4,4095,3.204,9.339
4805,0.000,-4.186,7.152,0.126,3.181,9.449,0.351,-17.348,-7.811,0.000,3.703,9.121,0.198,0.134,0.000,0.209,-0.132,3,0.069,-0.960,0,3,6,4095,3.204,9.339
4806,0.000,-4.208,7.152,0.115,3.164,9.406,0.412,-17.370,-7.811,-0.005,3.628,9.126,0.107,0.134,0.000,0.209,-0.132,3,0.069,-0.961,0,0,6,4095,3.204,9.430
4807,0.000,-4.230,7.152,0.126,3.190,9.413,0.229,-17.392,-7.811,0.000,3.643,9.092,0.198,0.134,0.000,0.209,-0.132,3,0.070,-0.960,0,0,6,4095,3.113,9.430
4808,0.000,-4.252,7.152,0.115,3.221,9.461,0.198,-17.392,-7.811,0.016,3.669,9.078,0.259,0.134,0.000,0.209,-0.132,3,0.072,-0.960,0,0,6,4095,3.113,9.339
4809,0.000,-4.274,7.152,0.126,3.207,9.463,0.290,-17.414,-7.811,0.016,3.655,9.061,0.168,0.134,0.000,0.209,-0.132,3,0.074,-0.960,3,0,5,4095,3.113,9.339
4810,0.000,-4.274,7.152,0.137,3.174,9.444,0.168,-17.414,-7.811,0.005,3.619,9.054,0.046,0.134,0.000,0.209,-0.132,3,0.075,-0.960,0,0,4,4095,3.204,9.430
4811,0.000,-4.296,7.152,0.137,3.181,9.449,0.198,-17.436,-7.811,0.000,3.621,9.080,0.137,0.134,0.000,0.209,-0.132,3,0.077,-0.958,0,0,8,4095,3.204,9.430
4812,0.000,-4.318,7.152,0.126,3.176,9.437,0.168,-17.458,-7.811,0.000,3.640,9.073,0.137,0.134,0.000,0.209,-0.132,3,0.078,-0.960,0,0,10,4095,3.113,9.430
4813,0.000,-4.340,7.152,0.126,3.174,9.444,0.198,-17.458,-7.811,0.000,3.660,9.068,0.107,0.134,0.000,0.209,-0.132,3,0.077,-0.959,0,0,4,4095,3.113,9.430
4814,0.000,-4.362,7.152,0.104,3.202,9.482,0.168,-17.480,-7.811,-0.005,3.640,9.078,0.015,0.134,0.000,0.209,-0.132,3,0.079,-0.960,0,1,4,4095,3.113,9.430
4815,0.000,-4.362,7.152,0.126,3.190,9.487,0.000,-17.480,-7.811,0.000,3.605,9.106,0.000,0.134,0.000,0.209,-0.132,3,0.082,-0.959,0,0,6,4095,3.113,9.430
4816,0.000,-4.384,7.152,0.126,3.162,9.487,0.000,-17.501,-7.811,0.000,3.650,9.114,0.000,0.134,0.000,0.209,-0.132,3,0.082,-0.960,0,0,5,4095,3.113,9.430
4817,0.000,-4.406,7.152,0.093,3.186,9.490,0.046,-17.523,-7.811,0.005,3.734,9.111,0.015,0.134,0.000,0.209,-0.132,3,0.082,-0.960,0,2,8,4095,3.113,9.430
4818,0.000,-4.428,7.152,0.115,3.166,9.461,0.046,-17.523,-7.811,0.000,3.686,9.118,0.076,0.134,0.000,0.209,-0.132,3,0.083,-0.958,0,0,4,4095,3.113,9.430
4819,0.000,-4.428,7.152,0.115,3.164,9.482,0.107,-17.523,-7.811,-0.005,3.619,9.128,0.015,0.134,0.000,0.209,-0.132,3,0.086,-0.960,0,0,3,4095,3.113,9.430
4820,0.000,-4.450,7.152,0.115,3.166,9.542,0.137,-17.545,-7.811,0.000,3.600,9.140,0.000,0.134,0.000,0.209,-0.132,3,0.087,-0.960,0,0,8,4095,3.113,9.430
4821,0.000,-4.472,7.152,0.137,3.183,9.480,0.107,-17.567,-7.811,-0.005,3.633,9.092,0.000,0.134,0.000,0.209,-0.132,3,0.088,-0.960,1,0,2,4095,3.113,9.430
4822,0.000,-4.493,7.152,0.126,3.231,9.458,0.000,-17.567,-7.811,0.000,3.662,9.071,-0.076,0.134,0.000,0.209,-0.132,3,0.089,-0.960,0,0,6,4095,3.113,9.522
4823,0.000,-4.493,7.152,0.126,3.207,9.494,-0.107,-17.589,-7.811,0.005,3.633,9.133,-0.107,0.134,0.000,0.209,-0.132,3,0.090,-0.961,0,0,7,4095,3.113,9.430
4824,0.000,-4.515,7.152,0.126,3.159,9.506,-0.107,-17.589,-7.811,0.000,3.645,9.145,-0.015,0.134,0.000,0.209,-0.132,3,0.091,-0.960,0,0,7,4095,3.204,9.430
4825,0.000,-4.537,7.152,0.115,3.130,9.499,-0.046,-17.611,-7.811,0.000,3.679,9.097,0.000,0.134,0.000,0.209,-0.132,3,0.092,-0.960,0,0,4,4095,3.204,9.430
4826,0.000,-4.559,7.152,0.137,3.135,9.497,-0.107,-17.611,-7.811,0.016,3.676,9.118,-0.168,0.134,0.000,0.209,-0.132,3,0.094,-0.960,0,0,6,4095,3.113,9.430
4827,0.000,-4.559,7.152,0.148,3.169,9.470,-0.076,-17.611,-7.811,-0.005,3.703,9.152,-0.259,0.134,0.000,0.209,-0.132,3,0.094,-0.960,0,0,8,4095,3.113,9.430
4828,0.000,-4.581,7.152,0.148,3.188,9.454,0.000,-17.633,-7.811,0.000,3.707,9.135,-0.168,0.134,0.000,0.209,-0.132,3,0.095,-0.961,1,0,7,4095,3.113,9.430
4829,0.000,-4.581,7.152,0.126,3.200,9.468,-0.198,-17.633,-7.811,0.000,3.638,9.152,-0.137,0.134,0.000,0.209,-0.132,3,0.097,-0.960,0,0,7,4095,3.113,9.430
4830,0.000,-4.603,7.152,0.126,3.219,9.499,-0.107,-17.655,-7.811,-0.005,3.655,9.150,-0.046,0.134,0.000,0.209,-0.132,3,0.098,-0.960,1,0,6,4095,3.113,9.430
4831,0.000,-4.603,7.152,0.115,3.209,9.458,-0.107,-17.655,-7.811,0.000,3.696,9.123,-0.107,0.134,0.000,0.209,-0.132,3,0.100,-0.960,1,1,5,4095,3.113,9.430
4832,0.000,-4.625,7.152,0.115,3.205,9.454,-0.076,-17.655,-7.811,-0.005,3.712,9.145,-0.229,0.134,0.000,0.209,-0.132,3,0.101,-0.959,0,1,7,4095,3.204,9.430
4833,0.000,-4.625,7.152,0.126,3.219,9.461,-0.076,-17.655,-7.811,-0.016,3.724,9.154,-0.137,0.134,0.000,0.209,-0.132,3,0.101,-0.961,5,0,6,4095,3.204,9.430
4834,0.000,-4.625,7.152,0.126,3.207,9.466,-0.198,-17.677,-7.811,0.005,3.648,9.174,-0.107,0.134,0.000,0.209,-0.132,3,0.102,-0.960,0,3,9,4095,3.204,9.430
4835,0.000,-4.647,7.152,0.137,3.128,9.458,-0.259,-17.677,-7.811,0.000,3.640,9.188,-0.290,0.134,0.000,0.209,-0.132,3,0.103,-0.962,0,0,8,4095,3.204,9.430
4836,0.000,-4.669,7.152,0.115,3.154,9.403,-0.198,-17.699,-7.811,-0.005,3.703,9.166,-0.259,0.134,0.000,0.209,-0.132,3,0.104,-0.960,0,0,2,4095,3.204,9.430
4837,0.000,-4.669,7.152,0.115,3.217,9.418,-0.137,-17.699,-7.811,0.000,3.748,9.157,-0.198,0.134,0.000,0.209,-0.132,3,0.105,-0.960,0,0,4,4095,3.113,9.430
4838,0.000,-4.669,7.152,0.115,3.195,9.458,-0.168,-17.699,-7.811,-0.005,3.719,9.150,-0.168,0.134,0.000,0.209,-0.132,3,0.107,-0.960,1,0,6,4095,3.113,9.339
4839,0.000,-4.691,7.152,0.137,3.200,9.432,-0.198,-17.699,-7.811,0.005,3.696,9.152,-0.320,0.134,0.000,0.209,-0.132,3,0.105,-0.960,0,1,9,4095,3.204,9.339
4840,0.000,-4.691,7.152,0.126,3.193,9.425,-0.198,-17.699,-7.811,-0.005,3.700,9.164,-0.381,0.134,0.000,0.209,-0.132,3,0.108,-0.959,0,0,7,4095,3.113,9.430
4841,0.000,-4.691,7.152,0.126,3.200,9.432,-0.320,-17.721,-7.811,0.000,3.686,9.176,-0.351,0.134,0.000,0.209,-0.132,3,0.108,-0.960,0,1,6,4095,3.113,9.430
4842,0.000,-4.713,7.152,0.115,3.198,9.379,-0.351,-17.721,-7.811,0.005,3.729,9.157,-0.198,0.134,0.000,0.209,-0.132,3,0.109,-0.960,0,0,6,4095,3.113,9.339
4843,0.000,-4.713,7.152,0.115,3.212,9.387,-0.351,-17.721,-7.811,0.000,3.739,9.114,-0.107,0.134,0.000,0.209,-0.132,3,0.112,-0.960,0,0,7,4095,3.113,9.430
4844,0.000,-4.713,7.152,0.115,3.198,9.382,-0.504,-17.721,-7.811,-0.005,3.734,9.116,-0.168,0.134,0.000,0.209,-0.132,3,0.113,-0.960,0,2,7,4095,3.113,9.339
4845,0.000,-4.713,7.152,0.126,3.202,9.365,-0.381,-17.721,-7.811,-0.005,3.727,9.142,-0.443,0.134,0.000,0.209,-0.132,3,0.112,-0.958,1,0,5,4095,3.204,9.339
4846,0.000,-4.713,7.152,0.137,3.255,9.353,-0.320,-17.721,-7.811,0.000,3.722,9.147,-0.504,0.134,0.000,0.209,-0.132,3,0.113,-0.960,0,0,6,4095,3.113,9.339
4847,0.000,-4.713,7.152,0.115,3.293,9.348,-0.351,-17.721,-7.811,0.000,3.813,9.135,-0.504,0.134,0.000,0.209,-0.132,3,0.115,-0.961,0,0,6,4095,3.113,9.339
4848,0.000,-4.713,7.152,0.115,3.293,9.389,-0.381,-17.721,-7.811,0.005,3.796,9.152,-0.351,0.134,0.000,0.209,-0.132,3,0.116,-0.960,0,0,5,4095,3.204,9.339
4849,0.000,-4.713,7.152,0.115,3.241,9.396,-0.412,-17.699,-7.811,0.000,3.748,9.162,-0.290,0.134,0.000,0.209,-0.132,3,0.117,-0.960,0,1,8,4095,3.204,9.339
4850,0.000,-4.713,7.152,0.115,3.226,9.367,-0.443,-17.699,-7.811,0.005,3.767,9.106,-0.381,0.134,0.000,0.209,-0.132,3,0.118,-0.958,0,0,9,4095,3.204,9.339
4851,0.000,-4.713,7.152,0.115,3.269,9.336,-0.381,-17.699,-7.811,0.005,3.810,9.118,-0.504,0.134,0.000,0.209,-0.132,3,0.118,-0.960,0,0,10,4095,3.204,9.339
4852,0.000,-4.713,7.152,0.137,3.308,9.336,-0.381,-17.699,-7.811,0.000,3.777,9.150,-0.412,0.134,0.000,0.209,-0.132,3,0.119,-0.960,0,0,6,4095,3.204,9.339
4853,0.000,-4.691,7.152,0.137,3.336,9.355,-0.381,-17.699,-7.811,0.005,3.731,9.171,-0.320,0.134,0.000,0.209,-0.132,3,0.120,-0.960,0,1,4,4095,3.204,9.247
4854,0.000,-4.691,7.152,0.115,3.339,9.360,-0.229,-17.699,-7.811,0.000,3.796,9.150,-0.351,0.134,0.000,0.209,-0.132,3,0.122,-0.959,0,0,7,4095,3.296,9.247
4855,0.000,-4.669,7.152,0.115,3.329,9.377,-0.351,-17.677,-7.811,-0.005,3.834,9.130,-0.473,0.134,0.000,0.209,-0.132,3,0.124,-0.960,0,0,5,4095,3.296,9.339
4856,0.000,-4.669,7.152,0.126,3.329,9.413,-0.381,-17.677,-7.811,0.000,3.801,9.178,-0.595,0.134,0.000,0.209,-0.132,3,0.122,-0.960,0,2,8,4095,3.296,9.339
4857,0.000,-4.669,7.152,0.115,3.327,9.406,-0.443,-17.677,-7.811,0.016,3.815,9.195,-0.534,0.134,0.000,0.209,-0.132,3,0.123,-0.959,0,0,5,4095,3.296,9.339
4858,0.000,-4.669,7.152,0.137,3.298,9.389,-0.504,-17.677,-7.811,0.005,3.873,9.190,-0.229,0.134,0.000,0.209,-0.132,3,0.124,-0.960,0,0,6,4095,3.296,9.339
4859,0.000,-4.647,7.152,0.126,3.274,9.394,-0.534,-17.655,-7.811,0.005,3.880,9.185,-0.259,0.134,0.000,0.209,-0.132,3,0.125,-0.960,0,0,4,4095,3.296,9.339
4860,0.000,-4.647,7.152,0.126,3.300,9.389,-0.473,-17.655,-7.811,0.000,3.863,9.183,-0.320,0.134,0.000,0.209,-0.132,3,0.127,-0.960,2,0,1,4095,3.296,9.339
4861,0.000,-4.647,7.152,0.104,3.351,9.344,-0.473,-17.633,-7.811,0.005,3.832,9.190,-0.351,0.134,0.000,0.209,-0.132,3,0.127,-0.960,0,0,6,4095,3.204,9.339
4862,0.000,-4.625,7.152,0.126,3.358,9.312,-0.473,-17.633,-7.811,-0.005,3.818,9.214,-0.320,0.134,0.000,0.209,-0.132,3,0.128,-0.961,0,0,8,4095,3.296,9.339
4863,0.000,-4.625,7.152,0.126,3.334,9.308,-0.443,-17.633,-7.811,-0.005,3.844,9.195,-0.290,0.134,0.000,0.209,-0.132,3,0.129,-0.960,0,0,9,4095,3.296,9.339
4864,0.000,-4.603,7.152,0.126,3.375,9.315,-0.229,-17.633,-7.811,0.000,3.854,9.185,-0.259,0.134,0.000,0.209,-0.132,3,0.130,-0.961,0,0,5,4095,3.296,9.247
4865,0.000,-4.603,7.152,0.115,3.463,9.382,-0.107,-17.611,-7.811,0.000,3.854,9.212,-0.351,0.134,0.000,0.209,-0.132,3,0.130,-0.960,3,0,2,4095,3.296,9.247
4866,0.000,-4.581,7.152,0.115,3.447,9.384,-0.168,-17.611,-7.811,0.005,3.911,9.226,-0.412,0.134,0.000,0.209,-0.132,3,0.131,-0.960,0,0,8,4095,3.296,9.247
4867,0.000,-4.559,7.152,0.115,3.334,9.327,-0.259,-17.589,-7.811,0.000,3.911,9.214,-0.443,0.134,0.000,0.209,-0.132,3,0.132,-0.961,2,0,7,4095,3.388,9.339
4868,0.000,-4.559,7.152,0.126,3.329,9.305,-0.443,-17.589,-7.811,0.000,3.880,9.217,-0.351,0.134,0.000,0.209,-0.132,3,0.133,-0.960,0,1,7,4095,3.388,9.339
4869,0.000,-4.537,7.152,0.126,3.432,9.296,-0.381,-17.567,-7.811,0.005,3.897,9.195,-0.320,0.134,0.000,0.209,-0.132,3,0.134,-0.961,0,0,5,4095,3.296,9.247
4870,0.000,-4.515,7.152,0.126,3.490,9.300,-0.198,-17.567,-7.811,-0.005,3.873,9.169,-0.229,0.134,0.000,0.209,-0.132,3,0.134,-0.960,2,1,7,4095,3.296,9.247
4871,0.000,-4.493,7.152,0.115,3.430,9.327,-0.381,-17.567,-7.811,0.005,3.873,9.166,-0.168,0.134,0.000,0.209,-0.132,3,0.136,-0.959,0,0,4,4095,3.388,9.247
4872,0.000,-4.493,7.152,0.148,3.377,9.360,-0.351,-17.545,-7.811,0.000,3.873,9.152,-0.259,0.134,0.000,0.209,-0.132,3,0.136,-0.961,5,0,5,4095,3.479,9.247
4873,0.000,-4.472,7.152,0.104,3.391,9.394,-0.290,-17.545,-7.811,0.000,3.863,9.171,-0.443,0.134,0.000,0.209,-0.132,3,0.137,-0.960,0,3,9,4095,3.388,9.247
4874,0.000,-4.472,7.152,0.104,3.401,9.324,-0.229,-17.523,-7.811,0.005,3.877,9.159,-0.290,0.134,0.000,0.209,-0.132,3,0.138,-0.962,0,0,9,4095,3.296,9.339
4875,0.000,-4.450,7.152,0.126,3.401,9.279,-0.168,-17.523,-7.811,0.000,3.873,9.138,-0.168,0.134,0.000,0.209,-0.132,3,0.138,-0.960,0,0,7,4095,3.388,9.339
4876,0.000,-4.450,7.152,0.137,3.425,9.296,-0.198,-17.523,-7.811,0.005,3.870,9.135,-0.198,0.134,0.000,0.209,-0.132,3,0.139,-0.960,0,0,4,4095,3.388,9.247
4877,0.000,-4.428,7.152,0.115,3.444,9.308,-0.107,-17.501,-7.811,-0.016,3.901,9.114,-0.229,0.134,0.000,0.209,-0.132,3,0.141,-0.960,3,0,4,4095,3.388,9.247
4878,0.000,-4.406,7.152,0.126,3.461,9.322,-0.046,-17.480,-7.811,0.005,3.928,9.102,-0.198,0.134,0.000,0.209,-0.132,3,0.140,-0.960,0,1,9,4095,3.388,9.247
4879,0.000,-4.384,7.152,0.115,3.435,9.296,-0.168,-17.480,-7.811,-0.016,3.928,9.097,-0.259,0.134,0.000,0.209,-0.132,3,0.141,-0.961,0,0,7,4095,3.388,9.247
4880,0.000,-4.384,7.152,0.126,3.384,9.281,-0.229,-17.458,-7.811,0.000,3.865,9.109,-0.259,0.134,0.000,0.209,-0.132,3,0.141,-0.960,0,1,7,4095,3.388,9.247
4881,0.000,-4.362,7.152,0.115,3.401,9.284,-0.259,-17.458,-7.811,-0.005,3.844,9.118,-0.259,0.134,0.000,0.209,-0.132,3,0.142,-0.959,0,0,6,4095,3.388,9.247
4882,0.000,-4.340,7.152,0.126,3.430,9.291,-0.137,-17.436,-7.811,0.005,3.875,9.097,-0.198,0.134,0.000,0.209,-0.132,3,0.145,-0.960,0,0,7,4095,3.296,9.247
4883,0.000,-4.340,7.152,0.126,3.468,9.281,0.000,-17.436,-7.811,0.005,3.913,9.102,-0.198,0.134,0.000,0.209,-0.132,3,0.145,-0.960,0,3,7,4095,3.388,9.247
4884,0.000,-4.318,7.152,0.104,3.526,9.332,-0.046,-17.414,-7.811,0.000,3.933,9.102,-0.015,0.134,0.000,0.209,-0.132,3,0.144,-0.958,0,0,7,4095,3.388,9.247
4885,0.000,-4.296,7.152,0.115,3.492,9.377,-0.015,-17.414,-7.811,-0.005,3.906,9.106,0.000,0.134,0.000,0.209,-0.132,3,0.145,-0.960,0,0,6,4095,3.388,9.247
4886,0.000,-4.274,7.152,0.137,3.437,9.360,0.015,-17.392,-7.811,0.016,3.873,9.118,-0.076,0.134,0.000,0.209,-0.132,3,0.146,-0.960,0,0,7,4095,3.479,9.247
4887,0.000,-4.274,7.152,0.115,3.485,9.308,-0.015,-17.392,-7.811,-0.005,3.868,9.142,-0.076,0.134,0.000,0.209,-0.132,3,0.147,-0.960,0,0,5,4095,3.479,9.339
4888,0.000,-4.252,7.152,0.126,3.521,9.332,0.000,-17.370,-7.811,0.005,3.916,9.095,0.000,0.134,0.000,0.209,-0.132,3,0.148,-0.960,0,0,5,4095,3.388,9.339
4889,0.000,-4.230,7.152,0.126,3.535,9.365,0.000,-17.370,-7.811,0.000,3.937,9.083,-0.107,0.134,0.000,0.209,-0.132,3,0.148,-0.961,0,0,7,4095,3.479,9.247
4890,0.000,-4.208,7.152,0.126,3.497,9.389,-0.046,-17.348,-7.811,0.000,3.935,9.083,-0.229,0.134,0.000,0.209,-0.132,3,0.149,-0.960,0,0,11,4095,3.479,9.247
4891,0.000,-4.186,7.152,0.126,3.475,9.320,0.015,-17.326,-7.811,0.000,3.978,9.130,-0.168,0.134,0.000,0.209,-0.132,3,0.149,-0.959,1,0,5,4095,3.479,9.339
4892,0.000,-4.186,7.152,0.115,3.502,9.288,0.046,-17.326,-7.811,-0.005,3.961,9.142,0.015,0.134,0.000,0.209,-0.132,3,0.150,-0.960,0,1,5,4095,3.479,9.339
4893,0.000,-4.164,7.152,0.126,3.482,9.322,0.000,-17.304,-7.811,0.000,3.921,9.121,0.198,0.134,0.000,0.209,-0.132,3,0.152,-0.960,0,0,8,4095,3.388,9.247
4894,0.000,-4.142,7.152,0.126,3.485,9.377,0.229,-17.304,-7.811,-0.005,3.882,9.176,0.107,0.134,0.000,0.209,-0.132,3,0.153,-0.960,0,0,6,4095,3.479,9.247
4895,0.000,-4.120,7.152,0.115,3.514,9.408,0.137,-17.304,-7.811,0.000,3.892,9.174,0.046,0.134,0.000,0.209,-0.132,3,0.152,-0.960,0,1,8,4095,3.479,9.247
4896,0.000,-4.120,7.152,0.137,3.516,9.394,0.107,-17.282,-7.811,0.000,3.928,9.138,-0.015,0.134,0.000,0.209,-0.132,3,0.152,-0.959,0,0,9,4095,3.479,9.339
4897,0.000,-4.098,7.152,0.137,3.511,9.365,0.107,-17.282,-7.811,0.000,3.954,9.138,0.000,0.134,0.000,0.209,-0.132,3,0.153,-0.960,0,0,8,4095,3.479,9.339
4898,0.000,-4.076,7.152,0.126,3.478,9.348,0.076,-17.260,-7.811,-0.005,3.971,9.114,0.076,0.134,0.000,0.209,-0.132,3,0.155,-0.961,0,0,7,4095,3.479,9.339
4899,0.000,-4.076,7.152,0.126,3.420,9.320,0.168,-17.238,-7.811,-0.005,3.945,9.116,0.000,0.134,0.000,0.209,-0.132,3,0.155,-0.960,0,0,12,4095,3.479,9.339
4900,0.000,-4.076,7.152,0.137,3.456,9.322,0.137,-17.238,-7.811,0.000,3.930,9.111,0.000,0.134,0.000,0.209,-0.132,3,0.156,-0.960,0,0,6,4095,3.388,9.339
4901,0.000,-4.054,7.152,0.126,3.533,9.332,0.198,-17.216,-7.811,-0.005,3.918,9.145,0.046,0.134,0.000,0.209,-0.132,3,0.157,-0.960,0,0,10,4095,3.388,9.247
4902,0.000,-4.032,7.152,0.148,3.516,9.327,0.259,-17.216,-7.811,0.000,3.882,9.178,0.107,0.134,0.000,0.209,-0.132,3,0.157,-0.960,0,0,4,4095,3.388,9.247
4903,0.000,-4.032,7.152,0.148,3.447,9.332,0.290,-17.216,-7.811,0.005,3.904,9.133,0.198,0.134,0.000,0.209,-0.132,3,0.158,-0.959,0,0,4,4095,3.479,9.247
4904,0.000,-4.010,7.152,0.104,3.427,9.324,0.443,-17.216,-7.811,0.000,3.909,9.157,0.229,0.134,0.000,0.209,-0.132,3,0.159,-0.960,1,0,6,4095,3.479,9.247
4905,0.000,-4.010,7.152,0.126,3.449,9.298,0.381,-17.194,-7.811,0.000,3.882,9.150,0.229,0.134,0.000,0.209,-0.132,3,0.159,-0.960,0,0,7,4095,3.388,9.247
4906,0.000,-4.010,7.152,0.115,3.468,9.329,0.351,-17.194,-7.811,0.016,3.913,9.116,0.320,0.134,0.000,0.209,-0.132,3,0.159,-0.961,3,0,8,4095,3.388,9.247
4907,0.000,-3.988,7.152,0.137,3.463,9.382,0.320,-17.194,-7.811,0.000,3.887,9.130,0.229,0.134,0.000,0.209,-0.132,3,0.160,-0.960,0,2,7,4095,3.388,9.247
4908,0.000,-3.988,7.152,0.148,3.468,9.365,0.198,-17.194,-7.811,-0.005,3.820,9.138,0.229,0.134,0.000,0.209,-0.132,3,0.161,-0.960,0,0,7,4095,3.388,9.247
4909,0.000,-3.966,7.152,0.104,3.461,9.336,0.320,-17.194,-7.811,0.005,3.873,9.106,0.290,0.134,0.000,0.209,-0.132,3,0.162,-0.960,0,1,4,4095,3.388,9.339
4910,0.000,-3.966,7.152,0.126,3.478,9.329,0.412,-17.194,-7.811,0.000,3.904,9.083,0.412,0.134,0.000,0.209,-0.132,3,0.163,-0.959,0,1,6,4095,3.388,9.339
4911,0.000,-3.944,7.152,0.137,3.470,9.300,0.381,-17.172,-7.811,-0.005,3.832,9.095,0.473,0.134,0.000,0.209,-0.132,3,0.163,-0.960,3,0,9,4095,3.388,9.247
4912,0.000,-3.944,7.152,0.104,3.408,9.265,0.259,-17.172,-7.811,-0.005,3.808,9.104,0.229,0.134,0.000,0.209,-0.132,3,0.164,-0.960,0,1,11,4095,3.388,9.247
4913,0.000,-3.944,7.152,0.126,3.411,9.327,0.229,-17.172,-7.811,0.005,3.830,9.075,0.198,0.134,0.000,0.209,-0.132,3,0.164,-0.962,1,0,10,4095,3.388,9.247
4914,0.000,-3.944,7.152,0.104,3.454,9.367,0.351,-17.172,-7.811,0.000,3.863,9.056,0.290,0.134,0.000,0.209,-0.132,3,0.165,-0.960,0,0,4,4095,3.388,9.247
4915,0.000,-3.922,7.152,0.137,3.411,9.327,0.504,-17.172,-7.811,-0.005,3.880,9.059,0.412,0.134,0.000,0.209,-0.132,3,0.165,-0.960,0,0,2,4095,3.388,9.247
4916,0.000,-3.922,7.152,0.104,3.363,9.358,0.504,-17.172,-7.811,-0.005,3.892,9.083,0.290,0.134,0.000,0.209,-0.132,3,0.167,-0.960,1,0,8,4095,3.388,9.339
4917,0.000,-3.944,7.152,0.115,3.413,9.413,0.565,-17.172,-7.811,-0.005,3.889,9.109,0.229,0.134,0.000,0.209,-0.132,3,0.167,-0.960,0,1,10,4095,3.388,9.247
4918,0.000,-3.944,7.152,0.126,3.442,9.418,0.595,-17.150,-7.811,0.000,3.854,9.090,0.320,0.134,0.000,0.209,-0.132,3,0.167,-0.959,0,0,7,4095,3.296,9.339
4919,0.000,-3.922,7.152,0.115,3.415,9.365,0.290,-17.150,-7.811,0.016,3.856,9.090,0.443,0.134,0.000,0.209,-0.132,3,0.168,-0.960,0,0,8,4095,3.388,9.339
4920,0.000,-3.922,7.152,0.126,3.353,9.377,0.320,-17.150,-7.811,0.005,3.830,9.095,0.473,0.134,0.000,0.209,-0.132,3,0.167,-0.959,0,0,6,4095,3.388,9.339
4921,0.000,-3.944,7.152,0.126,3.332,9.406,0.504,-17.150,-7.811,0.005,3.808,9.121,0.351,0.134,0.000,0.209,-0.132,3,0.170,-0.960,0,0,7,4095,3.388,9.339
4922,0.000,-3.944,7.152,0.126,3.360,9.358,0.504,-17.150,-7.811,-0.005,3.844,9.126,0.290,0.134,0.000,0.209,-0.132,3,0.170,-0.960,0,4,7,4095,3.296,9.339
4923,0.000,-3.944,7.152,0.126,3.406,9.394,0.381,-17.150,-7.811,0.005,3.834,9.116,0.229,0.134,0.000,0.209,-0.132,3,0.168,-0.958,0,0,6,4095,3.296,9.339
4924,0.000,-3.944,7.152,0.126,3.415,9.401,0.290,-17.172,-7.811,0.000,3.777,9.130,0.259,0.134,0.000,0.209,-0.132,3,0.169,-0.960,0,0,7,4095,3.296,9.339
4925,0.000,-3.944,7.152,0.115,3.341,9.365,0.259,-17.172,-7.811,0.000,3.803,9.128,0.351,0.134,0.000,0.209,-0.132,3,0.171,-0.960,0,0,6,4095,3.388,9.339
4926,0.000,-3.944,7.152,0.126,3.336,9.370,0.473,-17.172,-7.811,0.000,3.856,9.106,0.412,0.134,0.000,0.209,-0.132,3,0.172,-0.960,0,0,5,4095,3.388,9.339
4927,0.000,-3.944,7.152,0.126,3.403,9.377,0.381,-17.172,-7.811,0.016,3.839,9.095,0.351,0.134,0.000,0.209,-0.132,3,0.173,-0.960,0,2,8,4095,3.296,9.339
4928,0.000,-3.966,7.152,0.115,3.360,9.425,0.351,-17.172,-7.811,0.005,3.794,9.111,0.290,0.134,0.000,0.209,-0.132,3,0.173,-0.958,0,0,9,4095,3.296,9.339
4929,0.000,-3.966,7.152,0.137,3.274,9.413,0.198,-17.172,-7.811,-0.016,3.779,9.133,0.259,0.134,0.000,0.209,-0.132,3,0.172,-0.960,0,3,9,4095,3.388,9.339
4930,0.000,-3.966,7.152,0.137,3.300,9.406,0.259,-17.194,-7.811,0.005,3.770,9.171,0.259,0.134,0.000,0.209,-0.132,3,0.172,-0.958,0,0,5,4095,3.296,9.339
4931,0.000,-3.988,7.152,0.137,3.360,9.425,0.504,-17.194,-7.811,0.000,3.786,9.181,0.290,0.134,0.000,0.209,-0.132,3,0.174,-0.960,0,0,6,4095,3.204,9.339
4932,0.000,-3.988,7.152,0.137,3.317,9.439,0.443,-17.194,-7.811,0.005,3.775,9.171,0.320,0.134,0.000,0.209,-0.132,3,0.176,-0.960,0,0,7,4095,3.296,9.339
4933,0.000,-4.010,7.152,0.126,3.308,9.470,0.443,-17.216,-7.811,0.000,3.777,9.178,0.320,0.134,0.000,0.209,-0.132,3,0.176,-0.960,0,0,8,4095,3.296,9.339
4934,0.000,-4.010,7.152,0.115,3.317,9.442,0.381,-17.216,-7.811,0.016,3.724,9.157,0.412,0.134,0.000,0.209,-0.132,3,0.176,-0.960,0,0,9,4095,3.296,9.430
4935,0.000,-4.032,7.152,0.126,3.226,9.375,0.229,-17.238,-7.811,0.000,3.751,9.147,0.412,0.134,0.000,0.209,-0.132,3,0.175,-0.959,0,0,5,4095,3.296,9.430
4936,0.000,-4.032,7.152,0.115,3.217,9.389,0.259,-17.238,-7.811,0.005,3.755,9.150,0.259,0.134,0.000,0.209,-0.132,3,0.177,-0.960,0,0,6,4095,3.296,9.430
4937,0.000,-4.054,7.152,0.115,3.279,9.442,0.534,-17.238,-7.811,-0.005,3.765,9.130,0.259,0.134,0.000,0.209,-0.132,3,0.178,-0.961,0,0,5,4095,3.204,9.339
4938,0.000,-4.076,7.152,0.115,3.253,9.420,0.443,-17.260,-7.811,0.000,3.765,9.121,0.290,0.134,0.000,0.209,-0.132,3,0.178,-0.960,0,0,1,4095,3.204,9.339
4939,0.000,-4.076,7.152,0.126,3.200,9.415,0.443,-17.260,-7.811,0.000,3.758,9.128,0.290,0.134,0.000,0.209,-0.132,3,0.178,-0.960,0,0,7,4095,3.204,9.430
4940,0.000,-4.098,7.152,0.104,3.207,9.391,0.412,-17.260,-7.811,-0.005,3.763,9.109,0.229,0.134,0.000,0.209,-0.132,3,0.179,-0.961,0,0,7,4095,3.204,9.339
4941,0.000,-4.120,7.152,0.137,3.291,9.367,0.443,-17.282,-7.811,0.000,3.746,9.106,0.168,0.134,0.000,0.209,-0.132,3,0.179,-0.960,0,0,10,4095,3.113,9.339
4942,0.000,-4.120,7.152,0.126,3.298,9.406,0.320,-17.282,-7.811,-0.005,3.696,9.157,0.198,0.134,0.000,0.209,-0.132,3,0.180,-0.960,0,0,2,4095,3.204,9.339
4943,0.000,-4.142,7.152,0.137,3.231,9.437,0.259,-17.304,-7.811,0.000,3.679,9.181,0.137,0.134,0.000,0.209,-0.132,3,0.180,-0.960,1,0,4,4095,3.204,9.339
4944,0.000,-4.142,7.152,0.115,3.198,9.463,0.320,-17.304,-7.811,-0.005,3.715,9.121,0.168,0.134,0.000,0.209,-0.132,3,0.180,-0.960,0,0,8,4095,3.296,9.339
4945,0.000,-4.164,7.152,0.115,3.209,9.432,0.351,-17.326,-7.811,0.000,3.696,9.080,0.229,0.134,0.000,0.209,-0.132,3,0.181,-0.961,3,0,8,4095,3.204,9.430
4946,0.000,-4.186,7.152,0.126,3.229,9.372,0.290,-17.326,-7.811,-0.005,3.691,9.104,0.107,0.134,0.000,0.209,-0.132,3,0.181,-0.960,0,1,7,4095,3.113,9.430
4947,0.000,-4.208,7.152,0.126,3.200,9.403,0.168,-17.348,-7.811,-0.005,3.667,9.123,0.046,0.134,0.000,0.209,-0.132,3,0.182,-0.959,1,0,7,4095,3.204,9.430
4948,0.000,-4.208,7.152,0.126,3.162,9.463,0.076,-17.370,-7.811,-0.005,3.650,9.111,0.107,0.134,0.000,0.209,-0.132,3,0.183,-0.960,1,1,6,4095,3.204,9.339
4949,0.000,-4.230,7.152,0.115,3.207,9.470,0.107,-17.370,-7.811,-0.016,3.660,9.085,0.198,0.134,0.000,0.209,-0.132,3,0.183,-0.959,0,0,10,4095,3.113,9.339
4950,0.000,-4.252,7.152,0.115,3.212,9.394,0.229,-17.392,-7.811,0.000,3.669,9.092,0.168,0.134,0.000,0.209,-0.132,3,0.183,-0.960,3,0,9,4095,3.113,9.430
4951,0.000,-4.274,7.152,0.126,3.183,9.411,0.198,-17.392,-7.811,0.000,3.672,9.123,0.076,0.134,0.000,0.209,-0.132,3,0.185,-0.960,0,0,10,4095,3.204,9.430
4952,0.000,-4.274,7.152,0.126,3.171,9.425,0.259,-17.414,-7.811,0.000,3.655,9.114,0.198,0.134,0.000,0.209,-0.132,3,0.185,-0.962,0,0,9,4095,3.204,9.339
4953,0.000,-4.296,7.152,0.137,3.178,9.415,0.107,-17.436,-7.811,0.000,3.657,9.087,0.259,0.134,0.000,0.209,-0.132,3,0.185,-0.960,0,0,7,4095,3.113,9.339
4954,0.000,-4.318,7.152,0.115,3.219,9.461,0.229,-17.436,-7.811,0.000,3.664,9.097,0.107,0.134,0.000,0.209,-0.132,3,0.185,-0.960,0,0,4,4095,3.113,9.339
4955,0.000,-4.340,7.152,0.126,3.198,9.480,0.198,-17.458,-7.811,0.000,3.657,9.090,0.000,0.134,0.000,0.209,-0.132,3,0.187,-0.960,1,0,8,4095,3.113,9.339
4956,0.000,-4.340,7.152,0.126,3.241,9.454,0.046,-17.458,-7.811,-0.005,3.645,9.104,-0.107,0.134,0.000,0.209,-0.132,3,0.184,-0.960,0,1,8,4095,3.204,9.430
4957,0.000,-4.362,7.152,0.126,3.231,9.497,0.000,-17.480,-7.811,0.005,3.674,9.114,-0.107,0.134,0.000,0.209,-0.132,3,0.186,-0.959,0,0,7,4095,3.113,9.430
4958,0.000,-4.362,7.152,0.126,3.226,9.506,0.015,-17.480,-7.811,0.000,3.674,9.135,0.000,0.134,0.000,0.209,-0.132,3,0.186,-0.960,0,1,6,4095,3.204,9.430
4959,0.000,-4.384,7.152,0.137,3.262,9.490,0.046,-17.501,-7.811,0.000,3.662,9.154,0.107,0.134,0.000,0.209,-0.132,3,0.188,-0.960,0,0,7,4095,3.204,9.430
4960,0.000,-4.406,7.152,0.126,3.200,9.492,0.076,-17.501,-7.811,0.005,3.674,9.164,0.137,0.134,0.000,0.209,-0.132,3,0.189,-0.960,0,0,6,4095,3.204,9.430
4961,0.000,-4.406,7.152,0.137,3.123,9.485,0.076,-17.523,-7.811,0.000,3.648,9.183,0.046,0.134,0.000,0.209,-0.132,3,0.188,-0.960,0,4,6,4095,3.204,9.430
4962,0.000,-4.428,7.152,0.093,3.154,9.499,0.015,-17.545,-7.811,-0.005,3.693,9.152,0.000,0.134,0.000,0.209,-0.132,3,0.188,-0.960,0,0,7,4095,3.113,9.430
4963,0.000,-4.450,7.152,0.104,3.183,9.456,0.046,-17.545,-7.811,-0.005,3.712,9.128,-0.015,0.134,0.000,0.209,-0.132,3,0.188,-0.960,0,0,7,4095,3.113,9.430
4964,0.000,-4.472,7.152,0.126,3.181,9.449,0.000,-17.545,-7.811,0.000,3.638,9.169,-0.015,0.134,0.000,0.209,-0.132,3,0.189,-0.961,0,0,7,4095,3.113,9.430
4965,0.000,-4.472,7.152,0.126,3.188,9.449,0.000,-17.567,-7.811,0.000,3.633,9.195,-0.198,0.134,0.000,0.209,-0.132,3,0.190,-0.960,0,0,6,4095,3.113,9.430
4966,0.000,-4.493,7.152,0.126,3.205,9.423,0.000,-17.589,-7.811,0.005,3.686,9.174,-0.259,0.134,0.000,0.209,-0.132,3,0.191,-0.960,0,2,6,4095,3.113,9.430
4967,0.000,-4.493,7.152,0.137,3.205,9.418,0.000,-17.589,-7.811,0.005,3.684,9.142,-0.137,0.134,0.000,0.209,-0.132,3,0.191,-0.959,0,0,8,4095,3.113,9.430
4968,0.000,-4.515,7.152,0.115,3.195,9.418,-0.015,-17.589,-7.811,0.005,3.698,9.121,-0.015,0.134,0.000,0.209,-0.132,3,0.190,-0.960,0,0,10,4095,3.204,9.339
4969,0.000,-4.537,7.152,0.126,3.133,9.439,-0.076,-17.611,-7.811,0.005,3.657,9.140,-0.076,0.134,0.000,0.209,-0.132,3,0.193,-0.962,0,0,7,4095,3.204,9.339
4970,0.000,-4.537,7.152,0.115,3.126,9.427,-0.168,-17.611,-7.811,0.000,3.624,9.150,-0.137,0.134,0.000,0.209,-0.132,3,0.192,-0.960,0,0,4,4095,3.113,9.339
4971,0.000,-4.559,7.152,0.126,3.178,9.432,-0.198,-17.633,-7.811,0.000,3.674,9.135,-0.076,0.134,0.000,0.209,-0.132,3,0.194,-0.960,0,0,7,4095,3.113,9.430
4972,0.000,-4.581,7.152,0.126,3.207,9.461,-0.076,-17.633,-7.811,0.005,3.667,9.118,-0.046,0.134,0.000,0.209,-0.132,3,0.195,-0.960,0,0,6,4095,3.113,9.339
4973,0.000,-4.581,7.152,0.137,3.195,9.406,0.015,-17.655,-7.811,0.000,3.681,9.133,-0.137,0.134,0.000,0.209,-0.132,3,0.194,-0.960,0,0,8,4095,3.113,9.430
4974,0.000,-4.581,7.152,0.126,3.190,9.389,0.000,-17.655,-7.811,-0.005,3.707,9.152,-0.229,0.134,0.000,0.209,-0.132,3,0.192,-0.959,0,0,7,4095,3.204,9.430
4975,0.000,-4.603,7.152,0.104,3.214,9.418,-0.076,-17.655,-7.811,0.005,3.715,9.152,-0.259,0.134,0.000,0.209,-0.132,3,0.194,-0.960,0,0,7,4095,3.113,9.339
4976,0.000,-4.603,7.152,0.115,3.200,9.423,-0.107,-17.655,-7.811,0.000,3.724,9.126,-0.229,0.134,0.000,0.209,-0.132,3,0.195,-0.960,0,0,2,4095,3.113,9.339
4977,0.000,-4.625,7.152,0.126,3.198,9.437,-0.046,-17.655,-7.811,0.005,3.719,9.154,-0.168,0.134,0.000,0.209,-0.132,3,0.195,-0.960,1,0,1,4095,3.204,9.339
4978,0.000,-4.625,7.152,0.126,3.202,9.420,-0.107,-17.677,-7.811,0.000,3.662,9.166,-0.229,0.134,0.000,0.209,-0.132,3,0.195,-0.960,0,0,8,4095,3.113,9.339
4979,0.000,-4.625,7.152,0.115,3.226,9.430,-0.168,-17.677,-7.811,0.016,3.667,9.150,-0.259,0.134,0.000,0.209,-0.132,3,0.196,-0.958,0,0,2,4095,3.113,9.430
4980,0.000,-4.647,7.152,0.126,3.188,9.437,-0.351,-17.677,-7.811,0.000,3.710,9.128,-0.412,0.134,0.000,0.209,-0.132,3,0.196,-0.960,0,0,7,4095,3.113,9.339
4981,0.000,-4.647,7.152,0.115,3.186,9.434,-0.412,-17.699,-7.811,-0.005,3.715,9.147,-0.290,0.134,0.000,0.209,-0.132,3,0.197,-0.960,0,0,2,4095,3.204,9.430
4982,0.000,-4.647,7.152,0.137,3.257,9.399,-0.504,-17.699,-7.811,-0.005,3.719,9.128,-0.229,0.134,0.000,0.209,-0.132,3,0.197,-0.960,3,0,4,4095,3.113,9.430
4983,0.000,-4.647,7.152,0.126,3.241,9.377,-0.473,-17.699,-7.811,0.000,3.765,9.090,-0.107,0.134,0.000,0.209,-0.132,3,0.197,-0.960,0,0,7,4095,3.113,9.430
4984,0.000,-4.669,7.152,0.126,3.190,9.415,-0.412,-17.677,-7.811,-0.005,3.760,9.109,-0.198,0.134,0.000,0.209,-0.132,3,0.197,-0.962,0,0,7,4095,3.204,9.339
4985,0.000,-4.669,7.152,0.137,3.186,9.423,-0.259,-17.677,-7.811,0.005,3.731,9.123,-0.290,0.134,0.000,0.209,-0.132,3,0.198,-0.960,0,2,7,4095,3.204,9.339
4986,0.000,-4.669,7.152,0.104,3.231,9.427,-0.198,-17.677,-7.811,0.000,3.739,9.135,-0.320,0.134,0.000,0.209,-0.132,3,0.198,-0.962,0,0,5,4095,3.113,9.339
4987,0.000,-4.669,7.152,0.115,3.277,9.427,-0.229,-17.677,-7.811,0.016,3.760,9.162,-0.473,0.134,0.000,0.209,-0.132,3,0.199,-0.960,0,1,5,4095,3.113,9.339
4988,0.000,-4.669,7.152,0.137,3.293,9.439,-0.351,-17.677,-7.811,0.000,3.758,9.174,-0.534,0.134,0.000,0.209,-0.132,3,0.200,-0.960,0,0,4,4095,3.204,9.339
4989,0.000,-4.669,7.152,0.115,3.288,9.451,-0.259,-17.677,-7.811,0.005,3.751,9.138,-0.351,0.134,0.000,0.209,-0.132,3,0.199,-0.960,0,0,9,4095,3.204,9.339
4990,0.000,-4.669,7.152,0.126,3.265,9.423,-0.320,-17.677,-7.811,-0.005,3.775,9.130,-0.137,0.134,0.000,0.209,-0.132,3,0.200,-0.960,0,1,10,4095,3.204,9.430
4991,0.000,-4.669,7.152,0.115,3.260,9.408,-0.381,-17.677,-7.811,0.000,3.796,9.174,-0.320,0.134,0.000,0.209,-0.132,3,0.200,-0.962,0,0,7,4095,3.204,9.430
4992,0.000,-4.669,7.152,0.104,3.324,9.423,-0.259,-17.677,-7.811,0.005,3.813,9.200,-0.168,0.134,0.000,0.209,-0.132,3,0.200,-0.960,0,0,3,4095,3.204,9.339
4993,0.000,-4.669,7.152,0.104,3.344,9.420,-0.290,-17.677,-7.811,0.000,3.777,9.197,-0.229,0.134,0.000,0.209,-0.132,3,0.201,-0.960,0,0,4,4095,3.204,9.339
4994,0.000,-4.669,7.152,0.126,3.303,9.399,-0.473,-17.677,-7.811,-0.005,3.724,9.202,-0.320,0.134,0.000,0.209,-0.132,3,0.203,-0.960,1,0,8,4095,3.296,9.339
4995,0.000,-4.647,7.152,0.115,3.305,9.394,-0.473,-17.677,-7.811,0.005,3.748,9.183,-0.412,0.134,0.000,0.209,-0.132,3,0.201,-0.960,0,1,10,4095,3.296,9.339
4996,0.000,-4.647,7.152,0.126,3.300,9.396,-0.351,-17.677,-7.811,0.000,3.798,9.159,-0.443,0.134,0.000,0.209,-0.132,3,0.201,-0.960,1,0,7,4095,3.296,9.339
4997,0.000,-4.647,7.152,0.115,3.315,9.365,-0.259,-17.677,-7.811,0.000,3.786,9.193,-0.412,0.134,0.000,0.209,-0.132,3,0.201,-0.960,0,1,6,4095,3.296,9.339
4998,0.000,-4.647,7.152,0.115,3.327,9.358,-0.320,-17.677,-7.811,-0.016,3.808,9.209,-0.443,0.134,0.000,0.209,-0.132,3,0.204,-0.961,0,0,7,4095,3.296,9.339
4999,0.000,-4.625,7.152,0.137,3.284,9.377,-0.534,-17.677,-7.811,0.000,3.832,9.209,-0.443,0.134,0.000,0.209,-0.132,3,0.203,-0.960,3,0,6,4095,3.296,9.339
5000,0.000,-4.625,7.152,0.126,3.288,9.377,-0.565,-17.677,-7.811,0.000,3.810,9.190,-0.412,0.134,0.000,0.209,-0.132,3,0.203,-0.960,0,0,6,4095,3.296,9.339
5001,0.000,-4.625,7.152,0.137,3.372,9.389,-0.290,-17.655,-7.811,-0.005,3.861,9.171,-0.320,0.134,0.000,0.209,-0.132,3,0.203,-0.959,0,0,6,4095,3.204,9.339
5002,0.000,-4.603,7.152,0.126,3.365,9.341,-0.290,-17.655,-7.811,-0.005,3.870,9.195,-0.229,0.134,0.000,0.209,-0.132,3,0.204,-0.960,0,0,6,4095,3.204,9.339
5003,0.000,-4.603,7.152,0.126,3.329,9.291,-0.259,-17.655,-7.811,0.005,3.818,9.217,-0.290,0.134,0.000,0.209,-0.132,3,0.205,-0.960,0,0,6,4095,3.296,9.339
5004,0.000,-4.581,7.152,0.126,3.379,9.284,-0.229,-17.633,-7.811,0.000,3.794,9.209,-0.320,0.134,0.000,0.209,-0.132,3,0.205,-0.960,0,0,5,4095,3.296,9.339
5005,0.000,-4.581,7.152,0.115,3.358,9.298,-0.290,-17.633,-7.811,0.000,3.834,9.174,-0.381,0.134,0.000,0.209,-0.132,3,0.206,-0.960,0,2,6,4095,3.296,9.247
5006,0.000,-4.559,7.152,0.115,3.327,9.327,-0.320,-17.633,-7.811,0.000,3.863,9.145,-0.351,0.134,0.000,0.209,-0.132,3,0.205,-0.959,0,0,8,4095,3.296,9.247
5007,0.000,-4.559,7.152,0.115,3.367,9.320,-0.381,-17.611,-7.811,0.000,3.863,9.150,-0.412,0.134,0.000,0.209,-0.132,3,0.205,-0.960,0,1,8,4095,3.296,9.247
5008,0.000,-4.537,7.152,0.137,3.382,9.288,-0.229,-17.611,-7.811,0.005,3.889,9.159,-0.473,0.134,0.000,0.209,-0.132,3,0.206,-0.958,1,0,5,4095,3.296,9.247
5009,0.000,-4.537,7.152,0.126,3.351,9.267,-0.076,-17.589,-7.811,-0.005,3.865,9.164,-0.412,0.134,0.000,0.209,-0.132,3,0.207,-0.960,0,0,4,4095,3.296,9.247
5010,0.000,-4.515,7.152,0.126,3.341,9.300,-0.290,-17.589,-7.811,-0.005,3.889,9.166,-0.320,0.134,0.000,0.209,-0.132,3,0.208,-0.959,0,0,6,4095,3.296,9.247
5011,0.000,-4.515,7.152,0.126,3.382,9.300,-0.351,-17.567,-7.811,0.005,3.928,9.157,-0.443,0.134,0.000,0.209,-0.132,3,0.208,-0.960,0,0,5,4095,3.296,9.247
5012,0.000,-4.493,7.152,0.126,3.396,9.300,-0.229,-17.567,-7.811,0.000,3.863,9.152,-0.351,0.134,0.000,0.209,-0.132,3,0.207,-0.960,0,1,7,4095,3.296,9.247
5013,0.000,-4.493,7.152,0.148,3.384,9.315,-0.320,-17.545,-7.811,0.005,3.806,9.159,-0.290,0.134,0.000,0.209,-0.132,3,0.206,-0.959,0,0,6,4095,3.296,9.247
5014,0.000,-4.472,7.152,0.104,3.353,9.265,-0.168,-17.545,-7.811,0.000,3.806,9.145,-0.259,0.134,0.000,0.209,-0.132,3,0.207,-0.960,0,0,7,4095,3.388,9.247
5015,0.000,-4.472,7.152,0.126,3.360,9.221,-0.259,-17.545,-7.811,0.005,3.846,9.138,-0.320,0.134,0.000,0.209,-0.132,3,0.208,-0.961,0,0,3,4095,3.296,9.247
5016,0.000,-4.450,7.152,0.126,3.482,9.265,-0.351,-17.545,-7.811,0.000,3.875,9.138,-0.381,0.134,0.000,0.209,-0.132,3,0.209,-0.960,0,0,11,4095,3.296,9.247
5017,0.000,-4.428,7.152,0.104,3.506,9.355,-0.320,-17.523,-7.811,-0.005,3.911,9.123,-0.290,0.134,0.000,0.209,-0.132,3,0.209,-0.960,0,0,11,4095,3.296,9.155
5018,0.000,-4.406,7.152,0.137,3.439,9.332,-0.320,-17.523,-7.811,0.005,3.870,9.121,-0.259,0.134,0.000,0.209,-0.132,3,0.209,-0.961,0,0,10,4095,3.479,9.247
5019,0.000,-4.384,7.152,0.115,3.442,9.305,-0.259,-17.501,-7.811,0.000,3.889,9.138,-0.046,0.134,0.000,0.209,-0.132,3,0.209,-0.960,0,0,4,4095,3.479,9.339
5020,0.000,-4.362,7.152,0.137,3.492,9.324,-0.198,-17.501,-7.811,0.000,3.911,9.104,-0.137,0.134,0.000,0.209,-0.132,3,0.210,-0.960,0,0,1,4095,3.388,9.247
5021,0.000,-4.340,7.152,0.126,3.502,9.284,-0.320,-17.480,-7.811,0.000,3.909,9.116,-0.168,0.134,0.000,0.209,-0.132,3,0.210,-0.960,0,0,6,4095,3.388,9.247
5022,0.000,-4.318,7.152,0.137,3.494,9.358,-0.198,-17.458,-7.811,0.005,3.887,9.123,-0.229,0.134,0.000,0.209,-0.132,3,0.210,-0.960,0,0,7,4095,3.479,9.247
5023,0.000,-4.318,7.152,0.126,3.502,9.375,-0.137,-17.458,-7.811,0.000,3.897,9.087,-0.290,0.134,0.000,0.209,-0.132,3,0.210,-0.962,1,0,7,4095,3.479,9.247
5024,0.000,-4.296,7.152,0.126,3.506,9.384,-0.076,-17.436,-7.811,0.000,3.918,9.090,-0.259,0.134,0.000,0.209,-0.132,3,0.210,-0.960,0,1,7,4095,3.479,9.339
5025,0.000,-4.274,7.152,0.115,3.504,9.320,-0.076,-17.436,-7.811,-0.005,3.906,9.102,-0.107,0.134,0.000,0.209,-0.132,3,0.211,-0.960,0,0,6,4095,3.479,9.339
5026,0.000,-4.252,7.152,0.115,3.506,9.274,-0.137,-17.414,-7.811,-0.005,3.892,9.123,0.000,0.134,0.000,0.209,-0.132,3,0.212,-0.960,0,1,4,4095,3.479,9.339
5027,0.000,-4.230,7.152,0.126,3.504,9.284,-0.015,-17.414,-7.811,0.000,3.925,9.150,0.046,0.134,0.000,0.209,-0.132,3,0.212,-0.959,0,0,4,4095,3.479,9.247
5028,0.000,-4.208,7.152,0.115,3.509,9.363,0.046,-17.392,-7.811,0.005,3.933,9.142,-0.046,0.134,0.000,0.209,-0.132,3,0.212,-0.960,3,0,9,4095,3.479,9.247
5029,0.000,-4.186,7.152,0.115,3.490,9.401,0.076,-17.370,-7.811,0.000,3.937,9.123,0.046,0.134,0.000,0.209,-0.132,3,0.213,-0.960,0,0,5,4095,3.479,9.247
5030,0.000,-4.186,7.152,0.126,3.499,9.382,0.107,-17.370,-7.811,0.000,3.942,9.142,0.107,0.134,0.000,0.209,-0.132,3,0.212,-0.961,1,0,7,4095,3.479,9.339
5031,0.000,-4.164,7.152,0.115,3.521,9.339,-0.015,-17.348,-7.811,0.000,3.923,9.150,0.046,0.134,0.000,0.209,-0.132,3,0.213,-0.960,0,0,3,4095,3.479,9.339
5032,0.000,-4.142,7.152,0.104,3.521,9.334,0.000,-17.348,-7.811,0.000,3.889,9.174,0.000,0.134,0.000,0.209,-0.132,3,0.213,-0.960,0,0,6,4095,3.479,9.339
5033,0.000,-4.120,7.152,0.126,3.545,9.339,0.076,-17.348,-7.811,0.005,3.904,9.185,0.000,0.134,0.000,0.209,-0.132,3,0.215,-0.960,1,0,8,4095,3.479,9.339
5034,0.000,-4.098,7.152,0.126,3.549,9.353,0.137,-17.326,-7.811,0.005,3.892,9.152,0.000,0.134,0.000,0.209,-0.132,3,0.215,-0.960,0,1,9,4095,3.479,9.247
5035,0.000,-4.098,7.152,0.115,3.511,9.370,0.229,-17.326,-7.811,-0.005,3.901,9.118,0.000,0.134,0.000,0.209,-0.132,3,0.214,-0.959,0,0,7,4095,3.479,9.339
5036,0.000,-4.076,7.152,0.126,3.447,9.305,0.198,-17.304,-7.811,0.000,3.968,9.138,-0.107,0.134,0.000,0.209,-0.132,3,0.214,-0.960,0,0,6,4095,3.479,9.339
5037,0.000,-4.076,7.152,0.126,3.403,9.298,0.168,-17.304,-7.811,-0.005,3.935,9.176,0.015,0.134,0.000,0.209,-0.132,3,0.215,-0.960,0,0,7,4095,3.479,9.339
5038,0.000,-4.054,7.152,0.115,3.444,9.298,0.198,-17.282,-7.811,-0.005,3.906,9.147,0.168,0.134,0.000,0.209,-0.132,3,0.216,-0.960,1,0,6,4095,3.388,9.247
5039,0.000,-4.054,7.152,0.115,3.506,9.305,0.137,-17.282,-7.811,-0.005,3.894,9.109,0.229,0.134,0.000,0.209,-0.132,3,0.215,-0.960,0,0,6,4095,3.388,9.247
5040,0.000,-4.032,7.152,0.126,3.504,9.341,0.107,-17.282,-7.811,0.000,3.909,9.123,0.290,0.134,0.000,0.209,-0.132,3,0.214,-0.958,0,0,6,4095,3.388,9.247
5041,0.000,-4.010,7.152,0.126,3.482,9.320,0.198,-17.260,-7.811,0.000,3.923,9.138,0.412,0.134,0.000,0.209,-0.132,3,0.215,-0.960,0,0,6,4095,3.479,9.247
5042,0.000,-4.010,7.152,0.137,3.437,9.312,0.198,-17.260,-7.811,0.005,3.899,9.145,0.168,0.134,0.000,0.209,-0.132,3,0.216,-0.960,0,0,7,4095,3.479,9.339
5043,0.000,-4.010,7.152,0.126,3.413,9.317,0.381,-17.260,-7.811,0.000,3.844,9.135,0.015,0.134,0.000,0.209,-0.132,3,0.217,-0.960,2,0,4,4095,3.479,9.247
5044,0.000,-3.988,7.152,0.148,3.458,9.291,0.290,-17.260,-7.811,-0.005,3.846,9.095,0.137,0.134,0.000,0.209,-0.132,3,0.218,-0.960,0,2,8,4095,3.388,9.247
5045,0.000,-3.988,7.152,0.126,3.497,9.296,0.198,-17.238,-7.811,-0.005,3.877,9.085,0.137,0.134,0.000,0.209,-0.132,3,0.218,-0.958,0,0,9,4095,3.388,9.247
5046,0.000,-3.966,7.152,0.137,3.470,9.305,0.290,-17.238,-7.811,-0.005,3.870,9.114,0.229,0.134,0.000,0.209,-0.132,3,0.216,-0.960,0,5,9,4095,3.388,9.247
5047,0.000,-3.966,7.152,0.115,3.492,9.329,0.290,-17.238,-7.811,-0.005,3.887,9.087,0.229,0.134,0.000,0.209,-0.132,3,0.217,-0.958,1,0,5,4095,3.479,9.247
5048,0.000,-3.944,7.152,0.126,3.528,9.336,0.473,-17.216,-7.811,0.000,3.904,9.068,0.198,0.134,0.000,0.209,-0.132,3,0.219,-0.960,0,1,6,4095,3.388,9.247
5049,0.000,-3.944,7.152,0.126,3.461,9.320,0.351,-17.216,-7.811,0.016,3.889,9.087,0.168,0.134,0.000,0.209,-0.132,3,0.217,-0.959,0,0,6,4095,3.479,9.247
5050,0.000,-3.922,7.152,0.137,3.413,9.324,0.259,-17.216,-7.811,0.000,3.818,9.095,0.259,0.134,0.000,0.209,-0.132,3,0.220,-0.960,0,0,6,4095,3.479,9.247
5051,0.000,-3.922,7.152,0.126,3.458,9.339,0.381,-17.216,-7.811,-0.005,3.815,9.078,0.351,0.134,0.000,0.209,-0.132,3,0.218,-0.960,0,2,8,4095,3.388,9.247
5052,0.000,-3.922,7.152,0.126,3.502,9.358,0.290,-17.216,-7.811,0.016,3.849,9.049,0.351,0.134,0.000,0.209,-0.132,3,0.217,-0.959,0,0,5,4095,3.388,9.247
5053,0.000,-3.900,7.152,0.104,3.473,9.375,0.290,-17.216,-7.811,0.000,3.854,9.063,0.290,0.134,0.000,0.209,-0.132,3,0.219,-0.960,0,0,7,4095,3.388,9.339
5054,0.000,-3.900,7.152,0.115,3.430,9.411,0.351,-17.216,-7.811,0.000,3.854,9.097,0.259,0.134,0.000,0.209,-0.132,3,0.220,-0.961,0,0,3,4095,3.479,9.339
5055,0.000,-3.900,7.152,0.126,3.418,9.401,0.290,-17.194,-7.811,0.000,3.863,9.085,0.351,0.134,0.000,0.209,-0.132,3,0.220,-0.960,1,0,2,4095,3.388,9.339
5056,0.000,-3.900,7.152,0.137,3.406,9.367,0.137,-17.194,-7.811,-0.005,3.834,9.078,0.443,0.134,0.000,0.209,-0.132,3,0.220,-0.960,0,0,11,4095,3.388,9.339
5057,0.000,-3.900,7.152,0.126,3.447,9.370,0.320,-17.194,-7.811,0.005,3.839,9.121,0.351,0.134,0.000,0.209,-0.132,3,0.221,-0.960,0,0,9,4095,3.388,9.339
5058,0.000,-3.878,7.152,0.126,3.514,9.394,0.290,-17.194,-7.811,-0.005,3.858,9.126,0.259,0.134,0.000,0.209,-0.132,3,0.221,-0.960,0,0,7,4095,3.388,9.339
5059,0.000,-3.878,7.152,0.126,3.444,9.399,0.381,-17.194,-7.811,-0.005,3.808,9.116,0.351,0.134,0.000,0.209,-0.132,3,0.221,-0.961,0,0,7,4095,3.388,9.339
5060,0.000,-3.878,7.152,0.137,3.360,9.394,0.412,-17.194,-7.811,0.000,3.755,9.118,0.320,0.134,0.000,0.209,-0.132,3,0.221,-0.960,0,0,6,4095,3.479,9.339
5061,0.000,-3.878,7.152,0.126,3.372,9.367,0.351,-17.216,-7.811,0.016,3.779,9.126,0.259,0.134,0.000,0.209,-0.132,3,0.221,-0.960,0,0,7,4095,3.388,9.339
5062,0.000,-3.878,7.152,0.137,3.415,9.375,0.412,-17.216,-7.811,0.000,3.825,9.109,0.229,0.134,0.000,0.209,-0.132,3,0.221,-0.960,3,0,7,4095,3.296,9.339
5063,0.000,-3.878,7.152,0.137,3.418,9.387,0.473,-17.216,-7.811,-0.005,3.846,9.140,0.351,0.134,0.000,0.209,-0.132,3,0.222,-0.960,0,2,6,4095,3.296,9.339
5064,0.000,-3.900,7.152,0.126,3.365,9.379,0.534,-17.216,-7.811,-0.005,3.846,9.174,0.290,0.134,0.000,0.209,-0.132,3,0.222,-0.961,1,0,7,4095,3.388,9.339
5065,0.000,-3.900,7.152,0.115,3.358,9.403,0.504,-17.216,-7.811,0.000,3.808,9.178,0.290,0.134,0.000,0.209,-0.132,3,0.223,-0.960,0,0,4,4095,3.388,9.339
5066,0.000,-3.900,7.152,0.115,3.377,9.379,0.443,-17.216,-7.811,0.000,3.825,9.157,0.443,0.134,0.000,0.209,-0.132,3,0.223,-0.959,0,0,8,4095,3.296,9.339
5067,0.000,-3.900,7.152,0.126,3.387,9.346,0.443,-17.216,-7.811,0.000,3.794,9.128,0.351,0.134,0.000,0.209,-0.132,3,0.223,-0.960,0,0,9,4095,3.296,9.339
5068,0.000,-3.900,7.152,0.115,3.363,9.358,0.351,-17.238,-7.811,0.000,3.727,9.162,0.290,0.134,0.000,0.209,-0.132,3,0.224,-0.960,0,0,11,4095,3.296,9.339
5069,0.000,-3.922,7.152,0.126,3.298,9.423,0.320,-17.238,-7.811,0.000,3.796,9.164,0.351,0.134,0.000,0.209,-0.132,3,0.223,-0.959,1,0,4,4095,3.388,9.339
5070,0.000,-3.922,7.152,0.104,3.286,9.437,0.351,-17.238,-7.811,0.000,3.846,9.118,0.381,0.134,0.000,0.209,-0.132,3,0.224,-0.960,0,0,2,4095,3.296,9.339
5071,0.000,-3.944,7.152,0.115,3.293,9.382,0.473,-17.238,-7.811,0.000,3.789,9.121,0.320,0.134,0.000,0.209,-0.132,3,0.224,-0.960,0,0,5,4095,3.296,9.339
5072,0.000,-3.944,7.152,0.115,3.284,9.348,0.443,-17.238,-7.811,0.005,3.777,9.157,0.259,0.134,0.000,0.209,-0.132,3,0.225,-0.960,2,0,8,4095,3.204,9.430
5073,0.000,-3.966,7.152,0.126,3.303,9.355,0.351,-17.260,-7.811,0.005,3.808,9.152,0.259,0.134,0.000,0.209,-0.132,3,0.225,-0.960,0,2,8,4095,3.204,9.339
5074,0.000,-3.966,7.152,0.126,3.315,9.415,0.320,-17.260,-7.811,-0.005,3.796,9.147,0.290,0.134,0.000,0.209,-0.132,3,0.224,-0.959,1,0,7,4095,3.204,9.339
5075,0.000,-3.966,7.152,0.115,3.286,9.430,0.443,-17.260,-7.811,0.000,3.760,9.126,0.381,0.134,0.000,0.209,-0.132,3,0.224,-0.960,0,1,6,4095,3.296,9.339
5076,0.000,-3.988,7.152,0.115,3.272,9.423,0.381,-17.260,-7.811,0.000,3.741,9.118,0.290,0.134,0.000,0.209,-0.132,3,0.226,-0.960,0,0,7,4095,3.296,9.339
5077,0.000,-4.010,7.152,0.126,3.269,9.382,0.381,-17.282,-7.811,0.005,3.686,9.126,0.290,0.134,0.000,0.209,-0.132,3,0.227,-0.960,0,0,6,4095,3.204,9.430
5078,0.000,-4.010,7.152,0.126,3.277,9.353,0.351,-17.304,-7.811,0.000,3.662,9.106,0.290,0.134,0.000,0.209,-0.132,3,0.225,-0.960,0,3,6,4095,3.204,9.339
5079,0.000,-4.032,7.152,0.126,3.272,9.403,0.412,-17.304,-7.811,0.000,3.731,9.102,0.198,0.134,0.000,0.209,-0.132,3,0.225,-0.962,0,0,7,4095,3.204,9.339
5080,0.000,-4.032,7.152,0.115,3.248,9.439,0.290,-17.304,-7.811,-0.005,3.734,9.116,0.015,0.134,0.000,0.209,-0.132,3,0.225,-0.960,0,0,6,4095,3.204,9.339
5081,0.000,-4.054,7.152,0.115,3.248,9.432,0.351,-17.326,-7.811,0.016,3.700,9.130,0.137,0.134,0.000,0.209,-0.132,3,0.226,-0.961,0,0,7,4095,3.204,9.339
5082,0.000,-4.076,7.152,0.115,3.217,9.399,0.259,-17.326,-7.811,-0.005,3.731,9.087,0.259,0.134,0.000,0.209,-0.132,3,0.227,-0.960,1,0,5,4095,3.204,9.430
5083,0.000,-4.076,7.152,0.115,3.229,9.401,0.198,-17.348,-7.811,0.005,3.743,9.109,0.229,0.134,0.000,0.209,-0.132,3,0.228,-0.960,0,3,8,4095,3.204,9.430
5084,0.000,-4.098,7.152,0.115,3.296,9.437,0.168,-17.348,-7.811,-0.005,3.693,9.133,0.229,0.134,0.000,0.209,-0.132,3,0.227,-0.958,0,0,8,4095,3.204,9.339
5085,0.000,-4.098,7.152,0.137,3.288,9.470,0.046,-17.370,-7.811,0.005,3.664,9.121,0.198,0.134,0.000,0.209,-0.132,3,0.227,-0.960,0,0,9,4095,3.204,9.339
5086,0.000,-4.120,7.152,0.126,3.226,9.461,0.259,-17.370,-7.811,0.000,3.700,9.130,0.198,0.134,0.000,0.209,-0.132,3,0.228,-0.959,1,0,6,4095,3.296,9.430
5087,0.000,-4.142,7.152,0.115,3.207,9.420,0.320,-17.392,-7.811,0.000,3.722,9.114,0.259,0.134,0.000,0.209,-0.132,3,0.228,-0.960,0,0,4,4095,3.204,9.430
5088,0.000,-4.164,7.152,0.126,3.205,9.401,0.412,-17.392,-7.811,0.000,3.674,9.116,0.412,0.134,0.000,0.209,-0.132,3,0.229,-0.960,0,0,6,4095,3.204,9.430
5089,0.000,-4.164,7.152,0.126,3.217,9.466,0.351,-17.414,-7.811,0.000,3.655,9.138,0.412,0.134,0.000,0.209,-0.132,3,0.226,-0.960,2,0,7,4095,3.204,9.339
5090,0.000,-4.186,7.152,0.126,3.193,9.439,0.137,-17.414,-7.811,0.000,3.693,9.154,0.229,0.134,0.000,0.209,-0.132,3,0.226,-0.960,0,2,7,4095,3.204,9.339
5091,0.000,-4.208,7.152,0.126,3.217,9.461,0.168,-17.436,-7.811,0.005,3.717,9.135,0.137,0.134,0.000,0.209,-0.132,3,0.227,-0.959,0,0,7,4095,3.204,9.430
5092,0.000,-4.230,7.152,0.126,3.277,9.437,0.229,-17.436,-7.811,0.016,3.672,9.121,0.198,0.134,0.000,0.209,-0.132,3,0.228,-0.960,0,0,7,4095,3.113,9.430
5093,0.000,-4.230,7.152,0.137,3.248,9.420,0.229,-17.458,-7.811,0.000,3.636,9.126,0.107,0.134,0.000,0.209,-0.132,3,0.228,-0.961,0,0,2,4095,3.204,9.430
5094,0.000,-4.252,7.152,0.126,3.181,9.442,0.107,-17.458,-7.811,-0.016,3.674,9.126,0.076,0.134,0.000,0.209,-0.132,3,0.229,-0.960,0,0,6,4095,3.204,9.430
5095,0.000,-4.274,7.152,0.115,3.186,9.473,0.046,-17.480,-7.811,0.005,3.700,9.135,0.168,0.134,0.000,0.209,-0.132,3,0.229,-0.960,0,0,11,4095,3.204,9.339
5096,0.000,-4.274,7.152,0.126,3.186,9.478,0.137,-17.480,-7.811,0.000,3.679,9.138,0.015,0.134,0.000,0.209,-0.132,3,0.229,-0.958,0,0,4,4095,3.113,9.430
5097,0.000,-4.296,7.152,0.126,3.133,9.463,0.137,-17.501,-7.811,0.005,3.684,9.140,-0.015,0.134,0.000,0.209,-0.132,3,0.229,-0.960,0,0,6,4095,3.113,9.430
5098,0.000,-4.318,7.152,0.115,3.099,9.458,0.168,-17.501,-7.811,0.000,3.669,9.166,0.000,0.134,0.000,0.209,-0.132,3,0.230,-0.959,0,0,2,4095,3.113,9.430
5099,0.000,-4.362,7.152,0.115,3.126,9.463,0.259,-17.523,-7.811,0.000,3.645,9.207,0.000,0.134,0.000,0.209,-0.132,3,0.230,-0.960,0,0,6,4095,3.113,9.430
5100,0.000,-4.362,7.152,0.137,3.209,9.458,0.107,-17.545,-7.811,0.005,3.696,9.181,-0.076,0.134,0.000,0.209,-0.132,3,0.230,-0.960,0,0,6,4095,3.021,9.430
5101,0.000,-4.384,7.152,0.126,3.296,9.454,0.046,-17.545,-7.811,0.000,3.741,9.157,0.000,0.134,0.000,0.209,-0.132,3,0.230,-0.961,2,0,6,4095,3.113,9.430
5102,0.000,-4.384,7.152,0.115,3.288,9.468,0.107,-17.545,-7.811,0.000,3.710,9.178,-0.015,0.134,0.000,0.209,-0.132,3,0.230,-0.960,0,2,6,4095,3.204,9.430
5103,0.000,-4.384,7.152,0.115,3.198,9.454,0.046,-17.567,-7.811,0.000,3.650,9.176,0.046,0.134,0.000,0.209,-0.132,3,0.230,-0.960,1,0,6,4095,3.296,9.430
5104,0.000,-4.406,7.152,0.126,3.150,9.411,0.000,-17.567,-7.811,0.000,3.633,9.174,0.000,0.134,0.000,0.209,-0.132,3,0.231,-0.960,1,0,5,4095,3.204,9.430
5105,0.000,-4.428,7.152,0.137,3.171,9.394,0.015,-17.589,-7.811,0.005,3.693,9.164,0.015,0.134,0.000,0.209,-0.132,3,0.231,-0.959,0,0,4,4095,3.113,9.430
5106,0.000,-4.450,7.152,0.126,3.183,9.420,-0.107,-17.589,-7.811,0.000,3.648,9.157,0.000,0.134,0.000,0.209,-0.132,3,0.231,-0.960,0,0,9,4095,3.113,9.339
5107,0.000,-4.450,7.152,0.115,3.152,9.439,0.000,-17.611,-7.811,0.016,3.660,9.200,-0.076,0.134,0.000,0.209,-0.132,3,0.233,-0.960,0,1,7,4095,3.113,9.339
5108,0.000,-4.472,7.152,0.115,3.128,9.423,-0.046,-17.633,-7.811,0.016,3.686,9.190,-0.046,0.134,0.000,0.209,-0.132,3,0.231,-0.960,1,0,2,4095,3.113,9.339
5109,0.000,-4.493,7.152,0.126,3.133,9.403,-0.107,-17.633,-7.811,0.005,3.715,9.164,0.107,0.134,0.000,0.209,-0.132,3,0.232,-0.960,0,0,4,4095,3.113,9.430
5110,0.000,-4.493,7.152,0.115,3.195,9.403,0.015,-17.633,-7.811,-0.005,3.712,9.133,0.076,0.134,0.000,0.209,-0.132,3,0.232,-0.960,0,0,8,4095,3.113,9.339
5111,0.000,-4.515,7.152,0.126,3.236,9.418,0.076,-17.633,-7.811,0.000,3.655,9.159,0.015,0.134,0.000,0.209,-0.132,3,0.232,-0.960,2,0,9,4095,3.113,9.339
5112,0.000,-4.515,7.152,0.126,3.186,9.463,-0.046,-17.655,-7.811,0.000,3.664,9.174,-0.137,0.134,0.000,0.209,-0.132,3,0.231,-0.960,0,2,7,4095,3.113,9.339
5113,0.000,-4.537,7.152,0.104,3.145,9.461,-0.015,-17.655,-7.811,0.000,3.698,9.111,-0.198,0.134,0.000,0.209,-0.132,3,0.231,-0.959,0,0,6,4095,3.204,9.339
5114,0.000,-4.559,7.152,0.126,3.174,9.401,-0.046,-17.677,-7.811,-0.016,3.672,9.075,-0.076,0.134,0.000,0.209,-0.132,3,0.232,-0.960,0,1,6,4095,3.113,9.430
5115,0.000,-4.559,7.152,0.104,3.193,9.379,-0.137,-17.677,-7.811,-0.016,3.717,9.071,-0.137,0.134,0.000,0.209,-0.132,3,0.233,-0.960,0,0,6,4095,3.113,9.430
5116,0.000,-4.559,7.152,0.115,3.217,9.375,-0.259,-17.677,-7.811,0.000,3.727,9.104,-0.229,0.134,0.000,0.209,-0.132,3,0.232,-0.960,5,0,5,4095,3.113,9.339
5117,0.000,-4.581,7.152,0.115,3.193,9.379,-0.290,-17.677,-7.811,-0.005,3.710,9.152,-0.351,0.134,0.000,0.209,-0.132,3,0.232,-0.960,0,3,6,4095,3.113,9.339
5118,0.000,-4.581,7.152,0.115,3.195,9.427,-0.229,-17.677,-7.811,0.005,3.707,9.178,-0.412,0.134,0.000,0.209,-0.132,3,0.232,-0.958,0,0,6,4095,3.204,9.339
5119,0.000,-4.603,7.152,0.126,3.219,9.430,-0.259,-17.677,-7.811,-0.005,3.703,9.164,-0.259,0.134,0.000,0.209,-0.132,3,0.234,-0.960,0,2,4,4095,3.113,9.339
5120,0.000,-4.603,7.152,0.126,3.178,9.406,-0.168,-17.699,-7.811,0.000,3.679,9.138,-0.259,0.134,0.000,0.209,-0.132,3,0.234,-0.960,0,0,5,4095,3.113,9.339
5121,0.000,-4.603,7.152,0.115,3.183,9.423,-0.015,-17.699,-7.811,0.000,3.645,9.116,-0.351,0.134,0.000,0.209,-0.132,3,0.234,-0.960,0,0,4,4095,3.204,9.430
5122,0.000,-4.625,7.152,0.126,3.255,9.461,-0.137,-17.699,-7.811,-0.005,3.741,9.121,-0.259,0.134,0.000,0.209,-0.132,3,0.235,-0.959,0,2,6,4095,3.113,9.339
5123,0.000,-4.625,7.152,0.115,3.269,9.458,-0.229,-17.699,-7.811,-0.005,3.789,9.142,-0.290,0.134,0.000,0.209,-0.132,3,0.234,-0.959,0,0,7,4095,3.113,9.339
5124,0.000,-4.625,7.152,0.115,3.245,9.408,-0.290,-17.699,-7.811,-0.005,3.760,9.164,-0.412,0.134,0.000,0.209,-0.132,3,0.234,-0.960,0,0,9,4095,3.204,9.430
5125,0.000,-4.625,7.152,0.126,3.209,9.408,-0.168,-17.699,-7.811,0.000,3.741,9.171,-0.259,0.134,0.000,0.209,-0.132,3,0.235,-0.958,1,0,5,4095,3.204,9.430
5126,0.000,-4.647,7.152,0.126,3.169,9.379,-0.259,-17.699,-7.811,0.000,3.734,9.162,-0.259,0.134,0.000,0.209,-0.132,3,0.237,-0.960,0,0,6,4095,3.204,9.339
5127,0.000,-4.647,7.152,0.126,3.231,9.370,-0.443,-17.699,-7.811,0.000,3.765,9.159,-0.381,0.134,0.000,0.209,-0.132,3,0.237,-0.959,0,0,6,4095,3.204,9.339
5128,0.000,-4.647,7.152,0.137,3.274,9.427,-0.381,-17.699,-7.811,0.005,3.796,9.152,-0.351,0.134,0.000,0.209,-0.132,3,0.235,-0.960,0,0,6,4095,3.113,9.339
5129,0.000,-4.647,7.152,0.126,3.257,9.451,-0.351,-17.699,-7.811,0.000,3.779,9.176,-0.290,0.134,0.000,0.209,-0.132,3,0.234,-0.960,0,1,7,4095,3.204,9.339
5130,0.000,-4.647,7.152,0.126,3.262,9.430,-0.381,-17.699,-7.811,0.000,3.739,9.188,-0.443,0.134,0.000,0.209,-0.132,3,0.234,-0.959,0,0,7,4095,3.204,9.339
5131,0.000,-4.647,7.152,0.148,3.286,9.391,-0.412,-17.699,-7.811,0.000,3.791,9.178,-0.412,0.134,0.000,0.209,-0.132,3,0.235,-0.960,0,0,7,4095,3.204,9.430
5132,0.000,-4.647,7.152,0.126,3.281,9.403,-0.320,-17.699,-7.811,-0.005,3.827,9.176,-0.443,0.134,0.000,0.209,-0.132,3,0.236,-0.960,0,0,2,4095,3.204,9.430
5133,0.000,-4.647,7.152,0.126,3.248,9.401,-0.290,-17.677,-7.811,0.000,3.794,9.197,-0.412,0.134,0.000,0.209,-0.132,3,0.236,-0.960,0,0,0,4095,3.204,9.339
5134,0.000,-4.647,7.152,0.115,3.274,9.379,-0.259,-17.677,-7.811,0.005,3.803,9.241,-0.504,0.134,0.000,0.209,-0.132,3,0.237,-0.960,0,0,11,4095,3.204,9.339
5135,0.000,-4.647,7.152,0.115,3.267,9.370,-0.351,-17.677,-7.811,-0.005,3.758,9.250,-0.412,0.134,0.000,0.209,-0.132,3,0.237,-0.959,0,0,7,4095,3.204,9.339
5136,0.000,-4.647,7.152,0.148,3.310,9.348,-0.443,-17.677,-7.811,-0.005,3.782,9.226,-0.412,0.134,0.000,0.209,-0.132,3,0.237,-0.960,0,0,4,4095,3.204,9.339
5137,0.000,-4.647,7.152,0.126,3.339,9.351,-0.443,-17.677,-7.811,0.005,3.880,9.195,-0.412,0.134,0.000,0.209,-0.132,3,0.237,-0.960,0,0,4,4095,3.204,9.339
5138,0.000,-4.625,7.152,0.115,3.291,9.355,-0.504,-17.677,-7.811,-0.005,3.865,9.221,-0.320,0.134,0.000,0.209,-0.132,3,0.237,-0.960,0,0,7,4095,3.296,9.339
5139,0.000,-4.625,7.152,0.115,3.279,9.315,-0.351,-17.655,-7.811,0.000,3.808,9.229,-0.198,0.134,0.000,0.209,-0.132,3,0.236,-0.960,0,0,6,4095,3.296,9.339
5140,0.000,-4.625,7.152,0.126,3.291,9.310,-0.351,-17.655,-7.811,-0.005,3.808,9.174,-0.259,0.134,0.000,0.209,-0.132,3,0.237,-0.961,1,0,7,4095,3.204,9.339
5141,0.000,-4.603,7.152,0.126,3.351,9.348,-0.229,-17.655,-7.811,0.005,3.794,9.174,-0.412,0.134,0.000,0.209,-0.132,3,0.237,-0.960,0,2,6,4095,3.204,9.247
5142,0.000,-4.603,7.152,0.115,3.334,9.358,-0.229,-17.655,-7.811,0.000,3.815,9.162,-0.381,0.134,0.000,0.209,-0.132,3,0.238,-0.961,1,0,7,4095,3.204,9.247
5143,0.000,-4.603,7.152,0.126,3.269,9.298,-0.443,-17.655,-7.811,0.016,3.858,9.164,-0.290,0.134,0.000,0.209,-0.132,3,0.238,-0.960,1,1,5,4095,3.296,9.339
5144,0.000,-4.603,7.152,0.115,3.253,9.272,-0.473,-17.633,-7.811,0.005,3.875,9.171,-0.351,0.134,0.000,0.209,-0.132,3,0.238,-0.959,0,0,4,4095,3.296,9.339
5145,0.000,-4.603,7.152,0.115,3.269,9.312,-0.381,-17.633,-7.811,0.005,3.868,9.140,-0.412,0.134,0.000,0.209,-0.132,3,0.238,-0.960,1,0,10,4095,3.204,9.247
5146,0.000,-4.581,7.152,0.137,3.348,9.344,-0.381,-17.611,-7.811,0.005,3.803,9.152,-0.320,0.134,0.000,0.209,-0.132,3,0.238,-0.960,0,0,7,4095,3.204,9.247
5147,0.000,-4.581,7.152,0.137,3.363,9.296,-0.443,-17.611,-7.811,0.000,3.794,9.140,-0.290,0.134,0.000,0.209,-0.132,3,0.238,-0.960,0,0,4,4095,3.204,9.247
5148,0.000,-4.559,7.152,0.115,3.384,9.274,-0.381,-17.611,-7.811,0.000,3.806,9.106,-0.290,0.134,0.000,0.209,-0.132,3,0.239,-0.960,0,0,1,4095,3.296,9.339
5149,0.000,-4.537,7.152,0.126,3.442,9.336,-0.290,-17.611,-7.811,0.000,3.863,9.121,-0.504,0.134,0.000,0.209,-0.132,3,0.239,-0.961,0,0,11,4095,3.296,9.247
5150,0.000,-4.537,7.152,0.137,3.437,9.367,-0.198,-17.589,-7.811,0.000,3.856,9.097,-0.504,0.134,0.000,0.209,-0.132,3,0.240,-0.960,1,0,8,4095,3.296,9.247
5151,0.000,-4.515,7.152,0.104,3.411,9.389,-0.229,-17.589,-7.811,0.005,3.803,9.138,-0.412,0.134,0.000,0.209,-0.132,3,0.239,-0.960,0,0,8,4095,3.388,9.247
5152,0.000,-4.515,7.152,0.126,3.384,9.363,-0.198,-17.589,-7.811,-0.005,3.818,9.123,-0.412,0.134,0.000,0.209,-0.132,3,0.238,-0.959,0,0,6,4095,3.388,9.339
5153,0.000,-4.493,7.152,0.137,3.382,9.308,-0.229,-17.567,-7.811,0.000,3.865,9.085,-0.229,0.134,0.000,0.209,-0.132,3,0.239,-0.960,0,1,5,4095,3.388,9.339
5154,0.000,-4.472,7.152,0.126,3.384,9.288,-0.229,-17.567,-7.811,0.000,3.885,9.109,-0.290,0.134,0.000,0.209,-0.132,3,0.240,-0.960,0,0,6,4095,3.296,9.339
5155,0.000,-4.472,7.152,0.137,3.435,9.320,-0.290,-17.545,-7.811,0.000,3.861,9.157,-0.259,0.134,0.000,0.209,-0.132,3,0.241,-0.960,1,0,5,4095,3.296,9.247
5156,0.000,-4.450,7.152,0.137,3.439,9.310,-0.290,-17.545,-7.811,0.016,3.887,9.164,-0.198,0.134,0.000,0.209,-0.132,3,0.239,-0.960,0,1,6,4095,3.296,9.247
5157,0.000,-4.428,7.152,0.104,3.478,9.312,-0.351,-17.523,-7.811,0.000,3.921,9.145,-0.107,0.134,0.000,0.209,-0.132,3,0.239,-0.960,0,0,6,4095,3.388,9.247
5158,0.000,-4.406,7.152,0.126,3.502,9.303,-0.290,-17.501,-7.811,0.005,3.918,9.128,-0.107,0.134,0.000,0.209,-0.132,3,0.240,-0.960,0,0,6,4095,3.388,9.247
5159,0.000,-4.384,7.152,0.137,3.461,9.389,-0.259,-17.501,-7.811,0.005,3.937,9.126,-0.168,0.134,0.000,0.209,-0.132,3,0.241,-0.959,0,0,5,4095,3.388,9.247
5160,0.000,-4.384,7.152,0.093,3.425,9.423,-0.198,-17.480,-7.811,0.000,3.899,9.147,-0.076,0.134,0.000,0.209,-0.132,3,0.241,-0.960,1,0,4,4095,3.479,9.247
5161,0.000,-4.362,7.152,0.137,3.418,9.375,-0.168,-17.480,-7.811,0.000,3.877,9.142,-0.107,0.134,0.000,0.209,-0.132,3,0.241,-0.960,0,2,6,4095,3.388,9.339
5162,0.000,-4.362,7.152,0.115,3.473,9.324,-0.168,-17.458,-7.811,0.005,3.889,9.111,-0.076,0.134,0.000,0.209,-0.132,3,0.241,-0.958,0,0,7,4095,3.388,9.339
5163,0.000,-4.340,7.152,0.126,3.506,9.303,-0.198,-17.458,-7.811,0.000,3.894,9.126,-0.046,0.134,0.000,0.209,-0.132,3,0.240,-0.960,0,0,7,4095,3.388,9.339
5164,0.000,-4.318,7.152,0.115,3.514,9.303,-0.076,-17.436,-7.811,0.000,3.875,9.159,-0.137,0.134,0.000,0.209,-0.132,3,0.240,-0.958,1,0,4,4095,3.388,9.247
5165,0.000,-4.296,7.152,0.137,3.506,9.332,0.015,-17.436,-7.811,0.016,3.868,9.154,-0.076,0.134,0.000,0.209,-0.132,3,0.242,-0.960,0,0,5,4095,3.479,9.247
5166,0.000,-4.274,7.152,0.115,3.497,9.351,0.046,-17.436,-7.811,0.000,3.899,9.162,-0.076,0.134,0.000,0.209,-0.132,3,0.241,-0.959,0,0,5,4095,3.479,9.247
5167,0.000,-4.252,7.152,0.137,3.506,9.332,-0.015,-17.414,-7.811,0.000,3.913,9.123,-0.046,0.134,0.000,0.209,-0.132,3,0.241,-0.960,2,0,5,4095,3.479,9.247
5168,0.000,-4.230,7.152,0.137,3.480,9.336,0.000,-17.414,-7.811,-0.005,3.930,9.118,0.000,0.134,0.000,0.209,-0.132,3,0.240,-0.960,0,2,6,4095,3.479,9.339
5169,0.000,-4.208,7.152,0.137,3.480,9.312,0.046,-17.392,-7.811,0.000,3.925,9.176,-0.107,0.134,0.000,0.209,-0.132,3,0.242,-0.958,0,0,2,4095,3.479,9.247
5170,0.000,-4.208,7.152,0.115,3.458,9.308,0.107,-17.392,-7.811,0.000,3.925,9.174,-0.198,0.134,0.000,0.209,-0.132,3,0.241,-0.960,0,0,7,4095,3.479,9.247
5171,0.000,-4.186,7.152,0.126,3.439,9.375,0.137,-17.370,-7.811,-0.005,3.906,9.138,-0.137,0.134,0.000,0.209,-0.132,3,0.242,-0.960,0,0,1,4095,3.479,9.247
5172,0.000,-4.186,7.152,0.115,3.492,9.377,0.046,-17.370,-7.811,-0.005,3.935,9.118,0.015,0.134,0.000,0.209,-0.132,3,0.242,-0.960,0,0,1,4095,3.388,9.247
5173,0.000,-4.164,7.152,0.115,3.509,9.312,0.076,-17.348,-7.811,0.000,3.947,9.135,0.137,0.134,0.000,0.209,-0.132,3,0.242,-0.960,0,0,9,4095,3.388,9.339
5174,0.000,-4.142,7.152,0.126,3.454,9.310,0.107,-17.326,-7.811,-0.005,3.928,9.164,0.015,0.134,0.000,0.209,-0.132,3,0.243,-0.959,0,0,6,4095,3.479,9.339
5175,0.000,-4.142,7.152,0.115,3.432,9.336,0.229,-17.326,-7.811,-0.005,3.921,9.152,0.000,0.134,0.000,0.209,-0.132,3,0.242,-0.960,0,0,0,4095,3.479,9.247
5176,0.000,-4.120,7.152,0.126,3.461,9.308,0.229,-17.326,-7.811,0.000,3.863,9.135,0.000,0.134,0.000,0.209,-0.132,3,0.243,-0.960,0,0,7,4095,3.388,9.247
5177,0.000,-4.120,7.152,0.126,3.494,9.310,0.168,-17.304,-7.811,0.016,3.851,9.116,-0.015,0.134,0.000,0.209,-0.132,3,0.243,-0.960,0,0,7,4095,3.388,9.247
5178,0.000,-4.098,7.152,0.126,3.458,9.341,0.046,-17.304,-7.811,0.005,3.873,9.085,0.015,0.134,0.000,0.209,-0.132,3,0.243,-0.959,0,0,7,4095,3.388,9.247
5179,0.000,-4.098,7.152,0.137,3.473,9.346,0.000,-17.304,-7.811,0.000,3.918,9.092,0.076,0.134,0.000,0.209,-0.132,3,0.243,-0.958,0,0,5,4095,3.479,9.247
5180,0.000,-4.076,7.152,0.126,3.492,9.355,-0.015,-17.282,-7.811,0.005,3.913,9.126,0.229,0.134,0.000,0.209,-0.132,3,0.243,-0.960,0,1,6,4095,3.388,9.339
5181,0.000,-4.054,7.152,0.115,3.454,9.360,0.046,-17.282,-7.811,0.000,3.865,9.128,0.259,0.134,0.000,0.209,-0.132,3,0.243,-0.961,1,0,5,4095,3.388,9.339
5182,0.000,-4.054,7.152,0.115,3.435,9.339,0.259,-17.282,-7.811,0.000,3.832,9.109,0.107,0.134,0.000,0.209,-0.132,3,0.243,-0.960,0,0,1,4095,3.479,9.339
5183,0.000,-4.054,7.152,0.137,3.420,9.279,0.259,-17.282,-7.811,-0.005,3.868,9.087,0.015,0.134,0.000,0.209,-0.132,3,0.244,-0.959,0,0,3,4095,3.388,9.339
5184,0.000,-4.032,7.152,0.115,3.490,9.312,0.137,-17.260,-7.811,0.000,3.913,9.051,0.137,0.134,0.000,0.209,-0.132,3,0.243,-0.960,5,0,6,4095,3.388,9.339
5185,0.000,-4.032,7.152,0.104,3.497,9.344,0.320,-17.260,-7.811,-0.016,3.882,9.051,0.229,0.134,0.000,0.209,-0.132,3,0.244,-0.960,0,0,6,4095,3.388,9.247
5186,0.000,-4.010,7.152,0.115,3.442,9.320,0.290,-17.238,-7.811,0.000,3.834,9.078,0.168,0.134,0.000,0.209,-0.132,3,0.244,-0.959,0,0,1,4095,3.479,9.247
5187,0.000,-4.010,7.152,0.104,3.449,9.310,0.290,-17.238,-7.811,0.000,3.854,9.068,0.107,0.134,0.000,0.209,-0.132,3,0.244,-0.960,0,0,0,4095,3.479,9.339
5188,0.000,-3.988,7.152,0.115,3.456,9.327,0.229,-17.238,-7.811,0.005,3.861,9.047,0.229,0.134,0.000,0.209,-0.132,3,0.244,-0.960,0,0,6,4095,3.388,9.247
5189,0.000,-3.988,7.152,0.126,3.447,9.346,0.351,-17.238,-7.811,-0.005,3.863,9.056,0.290,0.134,0.000,0.209,-0.132,3,0.242,-0.960,1,0,6,4095,3.388,9.247
5190,0.000,-3.988,7.152,0.126,3.468,9.358,0.412,-17.216,-7.811,-0.005,3.887,9.078,0.259,0.134,0.000,0.209,-0.132,3,0.243,-0.960,0,2,8,4095,3.388,9.247
5191,0.000,-3.966,7.152,0.126,3.504,9.406,0.381,-17.216,-7.811,0.000,3.832,9.133,0.259,0.134,0.000,0.209,-0.132,3,0.243,-0.959,0,0,5,4095,3.388,9.339
5192,0.000,-3.966,7.152,0.115,3.451,9.377,0.381,-17.216,-7.811,0.000,3.832,9.159,0.198,0.134,0.000,0.209,-0.132,3,0.244,-0.960,0,2,4,4095,3.388,9.339
5193,0.000,-3.966,7.152,0.137,3.406,9.372,0.351,-17.216,-7.811,0.005,3.887,9.130,0.229,0.134,0.000,0.209,-0.132,3,0.246,-0.960,0,0,4,4095,3.479,9.339
5194,0.000,-3.966,7.152,0.126,3.399,9.384,0.351,-17.216,-7.811,0.016,3.839,9.150,0.259,0.134,0.000,0.209,-0.132,3,0.246,-0.960,1,0,4,4095,3.388,9.339
5195,0.000,-3.966,7.152,0.137,3.401,9.327,0.504,-17.216,-7.811,-0.005,3.832,9.121,0.229,0.134,0.000,0.209,-0.132,3,0.244,-0.960,0,1,5,4095,3.388,9.339
5196,0.000,-3.944,7.152,0.126,3.411,9.365,0.534,-17.216,-7.811,0.000,3.846,9.135,0.168,0.134,0.000,0.209,-0.132,3,0.245,-0.962,0,0,5,4095,3.388,9.339
5197,0.000,-3.944,7.152,0.137,3.403,9.458,0.290,-17.216,-7.811,-0.016,3.885,9.150,0.107,0.134,0.000,0.209,-0.132,3,0.245,-0.960,0,0,4,4095,3.388,9.247
5198,0.000,-3.966,7.152,0.126,3.403,9.427,0.198,-17.216,-7.811,0.005,3.863,9.126,0.229,0.134,0.000,0.209,-0.132,3,0.246,-0.959,0,0,4,4095,3.388,9.339
5199,0.000,-3.944,7.152,0.137,3.430,9.396,0.259,-17.216,-7.811,-0.016,3.880,9.111,0.443,0.134,0.000,0.209,-0.132,3,0.246,-0.960,1,0,4,4095,3.388,9.430
5200,0.000,-3.944,7.152,0.115,3.437,9.372,0.504,-17.216,-7.811,0.005,3.877,9.114,0.351,0.134,0.000,0.209,-0.132,3,0.246,-0.960,0,2,5,4095,3.388,9.339
5201,0.000,-3.944,7.152,0.126,3.391,9.336,0.443,-17.194,-7.811,0.000,3.801,9.123,0.198,0.134,0.000,0.209,-0.132,3,0.245,-0.960,0,0,4,4095,3.388,9.339
5202,0.000,-3.944,7.152,0.126,3.360,9.320,0.198,-17.216,-7.811,-0.005,3.818,9.130,0.290,0.134,0.000,0.209,-0.132,3,0.246,-0.959,0,3,7,4095,3.388,9.339
5203,0.000,-3.944,7.152,0.137,3.384,9.351,0.320,-17.216,-7.811,0.005,3.865,9.128,0.351,0.134,0.000,0.209,-0.132,3,0.245,-0.958,1,0,2,4095,3.388,9.247
5204,0.000,-3.944,7.152,0.137,3.399,9.420,0.412,-17.194,-7.811,0.000,3.856,9.123,0.351,0.134,0.000,0.209,-0.132,3,0.247,-0.960,0,0,4,4095,3.296,9.247
5205,0.000,-3.944,7.152,0.115,3.334,9.396,0.351,-17.194,-7.811,0.000,3.846,9.118,0.290,0.134,0.000,0.209,-0.132,3,0.248,-0.959,0,0,3,4095,3.296,9.339
5206,0.000,-3.966,7.152,0.137,3.358,9.399,0.381,-17.194,-7.811,0.000,3.856,9.111,0.473,0.134,0.000,0.209,-0.132,3,0.245,-0.960,2,0,4,4095,3.388,9.339
5207,0.000,-3.966,7.152,0.115,3.379,9.355,0.290,-17.194,-7.811,-0.005,3.765,9.114,0.381,0.134,0.000,0.209,-0.132,3,0.245,-0.960,0,1,7,4095,3.296,9.339
5208,0.000,-3.966,7.152,0.115,3.329,9.367,0.351,-17.216,-7.811,-0.005,3.758,9.123,0.107,0.134,0.000,0.209,-0.132,3,0.246,-0.959,0,0,5,4095,3.296,9.339
5209,0.000,-3.966,7.152,0.137,3.317,9.430,0.412,-17.216,-7.811,0.000,3.873,9.109,0.076,0.134,0.000,0.209,-0.132,3,0.247,-0.959,0,0,0,4095,3.296,9.339
5210,0.000,-3.988,7.152,0.126,3.296,9.384,0.381,-17.216,-7.811,-0.005,3.827,9.109,0.137,0.134,0.000,0.209,-0.132,3,0.247,-0.959,0,0,2,4095,3.296,9.339
5211,0.000,-3.988,7.152,0.137,3.286,9.341,0.412,-17.216,-7.811,0.000,3.755,9.126,0.290,0.134,0.000,0.209,-0.132,3,0.247,-0.960,0,0,6,4095,3.296,9.430
5212,0.000,-3.988,7.152,0.126,3.317,9.312,0.351,-17.216,-7.811,0.005,3.763,9.106,0.473,0.134,0.000,0.209,-0.132,3,0.247,-0.960,0,0,7,4095,3.296,9.339
5213,0.000,-4.010,7.152,0.104,3.334,9.346,0.290,-17.238,-7.811,0.005,3.758,9.071,0.412,0.134,0.000,0.209,-0.132,3,0.248,-0.959,0,0,5,4095,3.204,9.339
5214,0.000,-4.010,7.152,0.126,3.327,9.389,0.229,-17.238,-7.811,-0.005,3.760,9.054,0.412,0.134,0.000,0.209,-0.132,3,0.247,-0.960,0,0,0,4095,3.296,9.247
5215,0.000,-4.010,7.152,0.115,3.332,9.413,0.229,-17.238,-7.811,0.000,3.755,9.073,0.351,0.134,0.000,0.209,-0.132,3,0.247,-0.960,0,0,4,4095,3.296,9.339
5216,0.000,-4.032,7.152,0.137,3.329,9.466,0.351,-17.238,-7.811,0.000,3.741,9.128,0.320,0.134,0.000,0.209,-0.132,3,0.248,-0.960,0,0,5,4095,3.296,9.339
5217,0.000,-4.032,7.152,0.126,3.284,9.454,0.320,-17.260,-7.811,-0.016,3.739,9.126,0.137,0.134,0.000,0.209,-0.132,3,0.247,-0.960,0,0,5,4095,3.296,9.339
5218,0.000,-4.054,7.152,0.104,3.269,9.394,0.259,-17.260,-7.811,-0.005,3.758,9.102,0.015,0.134,0.000,0.209,-0.132,3,0.247,-0.961,2,0,4,4095,3.296,9.430
5219,0.000,-4.054,7.152,0.126,3.281,9.415,0.198,-17.260,-7.811,-0.005,3.765,9.104,0.137,0.134,0.000,0.209,-0.132,3,0.248,-0.960,0,0,1,4095,3.204,9.430
5220,0.000,-4.076,7.152,0.115,3.253,9.437,0.290,-17.282,-7.811,0.000,3.719,9.111,0.290,0.134,0.000,0.209,-0.132,3,0.247,-0.961,1,0,3,4095,3.204,9.339
5221,0.000,-4.076,7.152,0.126,3.238,9.485,0.290,-17.282,-7.811,0.000,3.698,9.118,0.259,0.134,0.000,0.209,-0.132,3,0.248,-0.960,0,1,0,4095,3.204,9.339
5222,0.000,-4.098,7.152,0.126,3.245,9.470,0.351,-17.304,-7.811,0.005,3.719,9.130,0.168,0.134,0.000,0.209,-0.132,3,0.248,-0.959,0,0,0,4095,3.204,9.430
5223,0.000,-4.120,7.152,0.137,3.288,9.420,0.229,-17.304,-7.811,0.000,3.693,9.159,0.259,0.134,0.000,0.209,-0.132,3,0.248,-0.959,3,0,6,4095,3.204,9.430
5224,0.000,-4.120,7.152,0.126,3.284,9.442,0.198,-17.326,-7.811,-0.005,3.679,9.164,0.320,0.134,0.000,0.209,-0.132,3,0.249,-0.959,0,0,5,4095,3.204,9.430
5225,0.000,-4.142,7.152,0.126,3.255,9.504,0.412,-17.348,-7.811,-0.005,3.693,9.150,0.198,0.134,0.000,0.209,-0.132,3,0.248,-0.960,1,0,0,4095,3.204,9.339
5226,0.000,-4.142,7.152,0.137,3.224,9.482,0.290,-17.348,-7.811,-0.005,3.688,9.150,0.107,0.134,0.000,0.209,-0.132,3,0.249,-0.959,0,0,0,4095,3.204,9.430
5227,0.000,-4.164,7.152,0.148,3.171,9.463,0.229,-17.370,-7.811,-0.005,3.722,9.185,0.198,0.134,0.000,0.209,-0.132,3,0.249,-0.960,0,0,2,4095,3.204,9.430
5228,0.000,-4.186,7.152,0.115,3.183,9.430,0.290,-17.370,-7.811,0.016,3.772,9.164,0.229,0.134,0.000,0.209,-0.132,3,0.249,-0.960,0,0,3,4095,3.204,9.430
5229,0.000,-4.208,7.152,0.115,3.253,9.413,0.320,-17.370,-7.811,-0.016,3.731,9.159,0.198,0.134,0.000,0.209,-0.132,3,0.247,-0.960,0,0,0,4095,3.113,9.430
5230,0.000,-4.208,7.152,0.126,3.267,9.470,0.290,-17.392,-7.811,-0.005,3.674,9.214,0.137,0.134,0.000,0.209,-0.132,3,0.248,-0.960,1,0,2,4095,3.113,9.430
5231,0.000,-4.230,7.152,0.115,3.236,9.482,0.290,-17.414,-7.811,0.000,3.676,9.202,0.198,0.134,0.000,0.209,-0.132,3,0.249,-0.960,0,0,3,4095,3.204,9.339
5232,0.000,-4.252,7.152,0.126,3.226,9.454,0.320,-17.414,-7.811,0.000,3.698,9.185,0.229,0.134,0.000,0.209,-0.132,3,0.250,-0.960,0,0,3,4095,3.204,9.430
5233,0.000,-4.252,7.152,0.126,3.207,9.427,0.290,-17.436,-7.811,0.000,3.729,9.152,0.168,0.134,0.000,0.209,-0.132,3,0.249,-0.960,3,0,2,4095,3.204,9.430
5234,0.000,-4.274,7.152,0.115,3.176,9.420,0.229,-17.436,-7.811,0.000,3.710,9.147,0.137,0.134,0.000,0.209,-0.132,3,0.248,-0.960,0,3,2,4095,3.204,9.430
5235,0.000,-4.296,7.152,0.115,3.169,9.430,0.290,-17.458,-7.811,0.000,3.698,9.195,0.000,0.134,0.000,0.209,-0.132,3,0.249,-0.961,0,0,2,4095,3.204,9.339
5236,0.000,-4.318,7.152,0.126,3.164,9.442,0.290,-17.458,-7.811,0.000,3.712,9.183,0.000,0.134,0.000,0.209,-0.132,3,0.249,-0.960,0,0,1,4095,3.113,9.339
5237,0.000,-4.340,7.152,0.126,3.162,9.437,0.046,-17.480,-7.811,-0.005,3.693,9.150,0.000,0.134,0.000,0.209,-0.132,3,0.249,-0.959,0,0,1,4095,3.113,9.430
5238,0.000,-4.340,7.152,0.126,3.159,9.396,0.076,-17.480,-7.811,-0.016,3.722,9.150,0.000,0.134,0.000,0.209,-0.132,3,0.250,-0.960,2,0,2,4095,3.113,9.430
5239,0.000,-4.362,7.152,0.137,3.205,9.403,0.107,-17.480,-7.811,0.000,3.767,9.162,0.076,0.134,0.000,0.209,-0.132,3,0.249,-0.960,0,0,1,4095,3.113,9.430
5240,0.000,-4.384,7.152,0.115,3.202,9.461,0.259,-17.480,-7.811,-0.005,3.719,9.181,0.046,0.134,0.000,0.209,-0.132,3,0.250,-0.958,0,0,5,4095,3.113,9.339
5241,0.000,-4.406,7.152,0.126,3.154,9.470,0.107,-17.501,-7.811,0.005,3.650,9.174,-0.046,0.134,0.000,0.209,-0.132,3,0.249,-0.959,0,1,5,4095,3.204,9.339
5242,0.000,-4.406,7.152,0.104,3.154,9.427,0.107,-17.523,-7.811,-0.016,3.648,9.164,0.000,0.134,0.000,0.209,-0.132,3,0.250,-0.958,1,0,1,4095,3.113,9.430
5243,0.000,-4.428,7.152,0.104,3.138,9.372,0.137,-17.523,-7.811,0.000,3.679,9.159,0.046,0.134,0.000,0.209,-0.132,3,0.252,-0.960,0,0,2,4095,3.113,9.430
5244,0.000,-4.450,7.152,0.137,3.135,9.348,0.229,-17.545,-7.811,0.000,3.676,9.133,0.015,0.134,0.000,0.209,-0.132,3,0.251,-0.959,0,0,1,4095,3.113,9.339
5245,0.000,-4.472,7.152,0.126,3.152,9.394,0.107,-17.545,-7.811,0.000,3.667,9.162,-0.015,0.134,0.000,0.209,-0.132,3,0.250,-0.960,1,0,2,4095,3.113,9.339
5246,0.000,-4.472,7.152,0.126,3.181,9.437,0.000,-17.567,-7.811,0.000,3.731,9.190,0.000,0.134,0.000,0.209,-0.132,3,0.249,-0.960,0,1,3,4095,3.113,9.339
5247,0.000,-4.493,7.152,0.115,3.162,9.413,0.000,-17.567,-7.811,0.000,3.753,9.147,-0.015,0.134,0.000,0.209,-0.132,3,0.250,-0.959,0,0,3,4095,3.113,9.339
5248,0.000,-4.515,7.152,0.148,3.181,9.394,-0.076,-17.567,-7.811,0.000,3.674,9.121,-0.107,0.134,0.000,0.209,-0.132,3,0.251,-0.960,0,0,0,4095,3.113,9.430
5249,0.000,-4.515,7.152,0.137,3.224,9.413,-0.168,-17.589,-7.811,0.000,3.628,9.152,-0.259,0.134,0.000,0.209,-0.132,3,0.250,-0.960,0,0,2,4095,3.113,9.339
5250,0.000,-4.515,7.152,0.115,3.166,9.456,-0.168,-17.589,-7.811,0.000,3.626,9.123,-0.412,0.134,0.000,0.209,-0.132,3,0.250,-0.960,0,0,1,4095,3.113,9.339
5251,0.000,-4.537,7.152,0.137,3.159,9.430,-0.046,-17.611,-7.811,0.000,3.643,9.106,-0.259,0.134,0.000,0.209,-0.132,3,0.251,-0.960,0,0,5,4095,3.204,9.339
5252,0.000,-4.559,7.152,0.126,3.233,9.384,0.000,-17.611,-7.811,0.005,3.676,9.106,-0.137,0.134,0.000,0.209,-0.132,3,0.251,-0.959,0,0,2,4095,3.113,9.430
5253,0.000,-4.559,7.152,0.115,3.202,9.387,0.000,-17.611,-7.811,-0.005,3.691,9.085,-0.076,0.134,0.000,0.209,-0.132,3,0.250,-0.960,0,0,0,4095,3.113,9.430
5254,0.000,-4.581,7.152,0.126,3.109,9.408,-0.046,-17.633,-7.811,-0.005,3.667,9.092,-0.076,0.134,0.000,0.209,-0.132,3,0.251,-0.959,0,0,0,4095,3.204,9.339
5255,0.000,-4.581,7.152,0.126,3.171,9.423,-0.015,-17.633,-7.811,0.000,3.693,9.138,-0.076,0.134,0.000,0.209,-0.132,3,0.251,-0.959,0,0,2,4095,3.113,9.339
5256,0.000,-4.603,7.152,0.093,3.205,9.430,-0.107,-17.633,-7.811,0.000,3.715,9.140,-0.107,0.134,0.000,0.209,-0.132,3,0.250,-0.959,0,0,1,4095,3.021,9.339
5257,0.000,-4.603,7.152,0.115,3.209,9.442,-0.076,-17.633,-7.811,-0.005,3.734,9.126,-0.137,0.134,0.000,0.209,-0.132,3,0.250,-0.959,2,0,1,4095,3.113,9.339
5258,0.000,-4.603,7.152,0.115,3.236,9.449,-0.198,-17.655,-7.811,0.000,3.746,9.159,-0.168,0.134,0.000,0.209,-0.132,3,0.251,-0.960,0,0,2,4095,3.204,9.430
5259,0.000,-4.625,7.152,0.115,3.248,9.451,-0.168,-17.655,-7.811,-0.005,3.700,9.166,-0.137,0.134,0.000,0.209,-0.132,3,0.250,-0.959,0,0,0,4095,3.204,9.430
5260,0.000,-4.625,7.152,0.115,3.257,9.439,-0.229,-17.655,-7.811,0.000,3.648,9.176,-0.229,0.134,0.000,0.209,-0.132,3,0.251,-0.960,0,0,0,4095,3.204,9.430
5261,0.000,-4.625,7.152,0.126,3.188,9.396,-0.259,-17.677,-7.811,0.000,3.674,9.176,-0.259,0.134,0.000,0.209,-0.132,3,0.251,-0.959,0,0,0,4095,3.204,9.430
5262,0.000,-4.625,7.152,0.126,3.198,9.379,-0.290,-17.677,-7.811,-0.005,3.722,9.152,-0.198,0.134,0.000,0.209,-0.132,3,0.251,-0.959,0,0,5,4095,3.204,9.430
5263,0.000,-4.647,7.152,0.115,3.255,9.396,-0.412,-17.677,-7.811,0.000,3.753,9.183,-0.168,0.134,0.000,0.209,-0.132,3,0.252,-0.960,0,0,1,4095,3.113,9.339
5264,0.000,-4.647,7.152,0.115,3.248,9.442,-0.351,-17.677,-7.811,0.000,3.784,9.214,-0.198,0.134,0.000,0.209,-0.132,3,0.251,-0.960,0,0,0,4095,3.113,9.339
5265,0.000,-4.647,7.152,0.126,3.195,9.451,-0.259,-17.677,-7.811,0.000,3.748,9.195,-0.290,0.134,0.000,0.209,-0.132,3,0.251,-0.960,0,0,0,4095,3.204,9.339
5266,0.000,-4.647,7.152,0.115,3.169,9.401,-0.320,-17.677,-7.811,-0.005,3.743,9.181,-0.229,0.134,0.000,0.209,-0.132,3,0.253,-0.960,0,0,6,4095,3.204,9.430
5267,0.000,-4.669,7.152,0.126,3.236,9.379,-0.259,-17.677,-7.811,0.005,3.724,9.200,-0.320,0.134,0.000,0.209,-0.132,3,0.253,-0.959,1,0,3,4095,3.113,9.430
5268,0.000,-4.669,7.152,0.126,3.322,9.370,-0.320,-17.699,-7.811,-0.005,3.719,9.183,-0.351,0.134,0.000,0.209,-0.132,3,0.250,-0.959,0,1,3,4095,3.113,9.339
5269,0.000,-4.647,7.152,0.115,3.353,9.413,-0.259,-17.699,-7.811,0.000,3.772,9.166,-0.259,0.134,0.000,0.209,-0.132,3,0.252,-0.960,0,0,2,4095,3.204,9.339
5270,0.000,-4.647,7.152,0.115,3.281,9.463,-0.198,-17.699,-7.811,0.000,3.779,9.212,-0.259,0.134,0.000,0.209,-0.132,3,0.251,-0.960,0,0,1,4095,3.296,9.339
5271,0.000,-4.647,7.152,0.115,3.159,9.423,-0.168,-17.699,-7.811,-0.005,3.741,9.224,-0.381,0.134,0.000,0.209,-0.132,3,0.253,-0.961,0,0,2,4095,3.296,9.339
5272,0.000,-4.669,7.152,0.126,3.169,9.358,-0.198,-17.699,-7.811,0.000,3.743,9.171,-0.504,0.134,0.000,0.209,-0.132,3,0.252,-0.960,4,0,0,4095,3.204,9.430
5273,0.000,-4.669,7.152,0.126,3.260,9.315,-0.259,-17.699,-7.811,0.000,3.779,9.154,-0.473,0.134,0.000,0.209,-0.132,3,0.251,-0.960,0,3,0,4095,3.113,9.339
5274,0.000,-4.669,7.152,0.126,3.320,9.324,-0.320,-17.699,-7.811,0.005,3.700,9.181,-0.443,0.134,0.000,0.209,-0.132,3,0.251,-0.961,0,0,2,4095,3.113,9.339
5275,0.000,-4.647,7.152,0.115,3.358,9.367,-0.381,-17.699,-7.811,0.005,3.664,9.154,-0.381,0.134,0.000,0.209,-0.132,3,0.252,-0.960,0,0,1,4095,3.204,9.247
5276,0.000,-4.647,7.152,0.137,3.284,9.346,-0.198,-17.699,-7.811,0.000,3.734,9.166,-0.259,0.134,0.000,0.209,-0.132,3,0.253,-0.960,0,0,1,4095,3.296,9.247
5277,0.000,-4.647,7.152,0.115,3.272,9.293,-0.259,-17.699,-7.811,0.000,3.786,9.152,-0.320,0.134,0.000,0.209,-0.132,3,0.253,-0.959,3,0,0,4095,3.296,9.339
5278,0.000,-4.625,7.152,0.137,3.322,9.296,-0.229,-17.699,-7.811,0.000,3.798,9.095,-0.381,0.134,0.000,0.209,-0.132,3,0.253,-0.960,0,2,2,4095,3.204,9.339
5279,0.000,-4.625,7.152,0.137,3.339,9.353,-0.320,-17.699,-7.811,0.000,3.775,9.154,-0.443,0.134,0.000,0.209,-0.132,3,0.251,-0.961,4,0,2,4095,3.204,9.247
5280,0.000,-4.625,7.152,0.115,3.308,9.334,-0.381,-17.699,-7.811,0.005,3.779,9.162,-0.351,0.134,0.000,0.209,-0.132,3,0.252,-0.959,0,2,3,4095,3.296,9.247
5281,0.000,-4.625,7.152,0.126,3.279,9.286,-0.259,-17.699,-7.811,-0.005,3.830,9.140,-0.290,0.134,0.000,0.209,-0.132,3,0.252,-0.958,1,0,0,4095,3.296,9.339
5282,0.000,-4.603,7.152,0.137,3.363,9.296,-0.320,-17.677,-7.811,0.005,3.834,9.111,-0.351,0.134,0.000,0.209,-0.132,3,0.254,-0.959,0,1,1,4095,3.296,9.247
5283,0.000,-4.603,7.152,0.115,3.382,9.339,-0.259,-17.677,-7.811,0.005,3.846,9.152,-0.351,0.134,0.000,0.209,-0.132,3,0.254,-0.959,0,0,0,4095,3.204,9.247
5284,0.000,-4.581,7.152,0.137,3.303,9.327,-0.320,-17.655,-7.811,0.000,3.839,9.162,-0.381,0.134,0.000,0.209,-0.132,3,0.254,-0.960,0,0,0,4095,3.296,9.247
5285,0.000,-4.581,7.152,0.137,3.291,9.329,-0.351,-17.655,-7.811,0.000,3.839,9.128,-0.412,0.134,0.000,0.209,-0.132,3,0.251,-0.960,0,1,3,4095,3.296,9.339
5286,0.000,-4.581,7.152,0.115,3.327,9.375,-0.229,-17.633,-7.811,0.005,3.834,9.109,-0.412,0.134,0.000,0.209,-0.132,3,0.253,-0.959,0,0,1,4095,3.296,9.247
5287,0.000,-4.559,7.152,0.126,3.370,9.363,-0.259,-17.633,-7.811,0.000,3.813,9.109,-0.412,0.134,0.000,0.209,-0.132,3,0.253,-0.960,0,0,0,4095,3.204,9.247
5288,0.000,-4.559,7.152,0.126,3.401,9.341,-0.351,-17.633,-7.811,0.000,3.810,9.126,-0.381,0.134,0.000,0.209,-0.132,3,0.253,-0.960,0,0,0,4095,3.296,9.339
5289,0.000,-4.537,7.152,0.115,3.367,9.332,-0.443,-17.611,-7.811,0.005,3.844,9.128,-0.473,0.134,0.000,0.209,-0.132,3,0.254,-0.959,3,0,2,4095,3.296,9.339
5290,0.000,-4.537,7.152,0.115,3.367,9.379,-0.443,-17.611,-7.811,0.000,3.873,9.114,-0.320,0.134,0.000,0.209,-0.132,3,0.253,-0.960,0,0,5,4095,3.388,9.339
5291,0.000,-4.515,7.152,0.115,3.401,9.387,-0.412,-17.589,-7.811,0.000,3.863,9.130,-0.198,0.134,0.000,0.209,-0.132,3,0.254,-0.958,0,0,0,4095,3.296,9.247
5292,0.000,-4.515,7.152,0.115,3.415,9.372,-0.259,-17.589,-7.811,0.000,3.854,9.130,-0.168,0.134,0.000,0.209,-0.132,3,0.253,-0.960,0,0,0,4095,3.296,9.339
5293,0.000,-4.493,7.152,0.126,3.394,9.396,-0.229,-17.589,-7.811,0.000,3.818,9.116,-0.259,0.134,0.000,0.209,-0.132,3,0.253,-0.959,0,0,0,4095,3.388,9.339
5294,0.000,-4.493,7.152,0.137,3.403,9.430,-0.107,-17.567,-7.811,0.005,3.834,9.135,-0.229,0.134,0.000,0.209,-0.132,3,0.254,-0.959,0,0,2,4095,3.388,9.339
5295,0.000,-4.472,7.152,0.115,3.391,9.372,-0.137,-17.567,-7.811,0.000,3.885,9.130,-0.229,0.134,0.000,0.209,-0.132,3,0.253,-0.960,0,0,2,4095,3.388,9.339
5296,0.000,-4.472,7.152,0.126,3.365,9.344,-0.290,-17.545,-7.811,0.000,3.899,9.133,-0.198,0.134,0.000,0.209,-0.132,3,0.252,-0.958,1,0,2,4095,3.388,9.430
5297,0.000,-4.450,7.152,0.137,3.406,9.377,-0.198,-17.545,-7.811,0.000,3.916,9.162,-0.229,0.134,0.000,0.209,-0.132,3,0.253,-0.959,0,0,2,4095,3.388,9.339
5298,0.000,-4.450,7.152,0.104,3.468,9.370,-0.229,-17.523,-7.811,-0.005,3.923,9.150,-0.168,0.134,0.000,0.209,-0.132,3,0.253,-0.960,0,0,0,4095,3.296,9.339
5299,0.000,-4.428,7.152,0.115,3.492,9.353,-0.198,-17.523,-7.811,-0.005,3.897,9.154,-0.046,0.134,0.000,0.209,-0.132,3,0.253,-0.959,0,2,3,4095,3.388,9.339
